<?xml version="1.0" encoding="us-ascii"?>
<BehaviorTrees>
  <BehaviorTree name="root" is_function="0">
    <Variables />
    <Root OneTimeOnly="false" FailState="Recoverable" saveVersion="2">
      <Behavior canSkip="1">
        <While doFail="false" propagateChildFail="false" condition="true">
          <DeadUnconsciousGate Who="" State="Any" Negation="true" RunLogic="Halt">
            <Wait duration="&apos;-1&apos;" timeType="GameTime" doFail="false" variation="" skipInLOD="false" />
          </DeadUnconsciousGate>
        </While>
      </Behavior>
    </Root>
    <ForestContainer />
    <EditorData EventSet="">
      <Variables />
      <ForwardDeclarations />
      <Root editorPosX="-70" editorPosY="10" hasInputBreakpoint="0" comment="" breakpointFlags="0" saveVersion="2">
        <OutputBreakpoints />
        <Behavior>
          <While hasInputBreakpoint="0" comment="" breakpointFlags="0">
            <OutputBreakpoints />
            <DeadUnconsciousGate hasInputBreakpoint="0" comment="" breakpointFlags="0">
              <OutputBreakpoints />
              <Wait hasInputBreakpoint="0" comment="" breakpointFlags="0">
                <OutputBreakpoints />
              </Wait>
            </DeadUnconsciousGate>
          </While>
        </Behavior>
      </Root>
      <Forest />
      <Comments />
    </EditorData>
  </BehaviorTree>
</BehaviorTrees>
