<?xml version="1.0" encoding="us-ascii"?>
<BehaviorTrees>
  <BehaviorTree name="callInterrupt_attackClosedCastle" is_function="1">
    <Variables>
      <Variable name="mrkev" type="_wuid" values="" isPersistent="0" form="single" />
    </Variables>
    <Root OneTimeOnly="false" FailState="Recoverable" saveVersion="2">
      <Behavior canSkip="1">
        <EntityContextCheck context="crime_suppressBehavioralReaction" target="" saveVersion="2">
          <Else canSkip="1">
            <Sequence>
              <Function_crime_getMrkev mrkev="$mrkev" nodeLabel="39959929" />
              <AddInterrupt_attackClosedCastle Target="$this.id" Host="$mrkev" Behavior="&apos;interrupt_attackClosedCastle&apos;" Priority="42" IgnorePriorityOnPreviousInterrupt="false" urgency="Fast" Aliveness="Alive" Privileged="false" FastForward="false" />
            </Sequence>
          </Else>
        </EntityContextCheck>
      </Behavior>
    </Root>
    <ForestContainer />
    <EditorData EventSet="">
      <Variables>
        <Variable name="mrkev" comment="" />
      </Variables>
      <ForwardDeclarations />
      <Root hasInputBreakpoint="0" comment="" breakpointFlags="0" saveVersion="2">
        <OutputBreakpoints />
        <Behavior>
          <EntityContextCheck hasInputBreakpoint="0" comment="" breakpointFlags="0" saveVersion="2">
            <OutputBreakpoints />
            <Else>
              <Sequence hasInputBreakpoint="0" comment="" breakpointFlags="0">
                <OutputBreakpoints />
                <Function_crime_getMrkev hasInputBreakpoint="0" comment="" breakpointFlags="0">
                  <OutputBreakpoints />
                </Function_crime_getMrkev>
                <AddInterrupt_attackClosedCastle hasInputBreakpoint="0" comment="" breakpointFlags="0">
                  <OutputBreakpoints />
                </AddInterrupt_attackClosedCastle>
              </Sequence>
            </Else>
          </EntityContextCheck>
        </Behavior>
      </Root>
      <Forest />
      <Comments />
    </EditorData>
  </BehaviorTree>
</BehaviorTrees>