<?xml version="1.0" encoding="us-ascii"?>
<BehaviorTrees>
	<BehaviorTree name="guardWalk" is_function="0">
		<Variables>
			<Variable name="checkedPoint" type="_wuid" values="" isPersistent="0" form="single" />
			<Variable name="currentDestination" type="_wuid" values="" isPersistent="0" form="single" />
			<Variable name="freeWaypoints" type="_wuid" values="" isPersistent="0" form="array" />
			<Variable name="pathParams" type="pathFindingParams" values="" isPersistent="0" form="single" />
			<Variable name="waitTime" type="_int" values="" isPersistent="0" form="single" />
			<Variable name="waypoints" type="_wuid" values="" isPersistent="0" form="array" />
			<Variable name="waypoints_value" type="_wuid" values="" isPersistent="0" form="single" />
		</Variables>
		<Root OneTimeOnly="false" FailState="Recoverable" saveVersion="2">
			<Behavior canSkip="1">
				<AnyDecorator preset="crime_keepItems" enabled="true">
					<Sequence>
						<Expression expressions="$waitTime = $data:script_param[&apos;closedCastles_guardWalkWaitTime&apos;].value * 1000" />
						<IsWeaponDrawn who="$this.id" WeaponSet="Secondary" saveVersion="2">
							<Then canSkip="1">
								<Success />
							</Then>
							<Else canSkip="1">
								<DrawAction WeaponSet="Secondary" fullBody="false" tags="" useSelectedWeaponSet="false" />
							</Else>
						</IsWeaponDrawn>
						<GraphSearch Origin="$__object.id" Borders="" depth="1" selection="true" SearchPattern="Depth" EdgePruning="&apos;parent,inventory&apos;" AllowedEdges="" SubGraph="" AllowSubtraph="false" includeOrigin="false" excludeOrigin="false" failOnEmpty="true" SetOperationChoice="Intersection|And" errorOnEmpty="false" shortCircuit="false" skipTraversed="true">
							<LinkTagFilter tag="&apos;waypoint&apos;" prune="true" negprune="unknown" Parent="" Child="" Data="" />
							<Nodalyzer Quantifiers="ForAll" Parent="" Child="$waypoints" saveVersion="2" />
						</GraphSearch>
						<Loop count="-1">
							<Sequence>
								<AtomicDecorator>
									<Sequence>
										<ForEach startIndex="0" step="1" array="$waypoints" iterator="" value="$waypoints_value" break="">
											<Selector>
												<GraphSearch Origin="$waypoints_value" Borders="" depth="1" selection="true" SearchPattern="Depth" EdgePruning="&apos;parent,inventory&apos;" AllowedEdges="" SubGraph="" AllowSubtraph="false" includeOrigin="false" excludeOrigin="false" failOnEmpty="true" SetOperationChoice="Intersection|And" errorOnEmpty="false" shortCircuit="false" skipTraversed="true">
													<LinkTagFilter tag="&apos;closedCastle_guarded&apos;" prune="true" negprune="unknown" Parent="" Child="" Data="" />
												</GraphSearch>
												<PushToArray array="$freeWaypoints" value="$waypoints_value" direction="Back" />
											</Selector>
										</ForEach>
										<RandomItem Array="$freeWaypoints" Result="$checkedPoint" Clamp="-1" />
										<IfCondition failOnCondition="false" condition="$currentDestination ~= $__null">
											<RemoveLink From="$currentDestination" To="$this.id" Tag="&apos;guarded&apos;" LinkOpHandleMode="Success" />
										</IfCondition>
										<Expression expressions="$currentDestination = $checkedPoint" />
										<ReinitVariable variable="$freeWaypoints" />
									</Sequence>
								</AtomicDecorator>
								<Expression expressions="$pathParams.usePaths = false" />
								<AddLinkElement from="$currentDestination" to="$this.id" tag="&apos;closedCastle_guarded&apos;" data="" enabled="true">
									<ExactMove directionType="AlignWithEntity" directionSpecification="$currentDestination" animationTriggerDist="0.150000" precise="false" changeNPCState="true" fastForwardIncludesMove="false" destinationSpecification="$currentDestination" destinationSpecification2="" destinationSpecification3="" speed="Walk" additionalParams="" pathFindingParams="$pathParams" staminaPolicy="" pathInfo="" />
								</AddLinkElement>
								<Wait duration="$waitTime" timeType="GameTime" doFail="false" variation="" />
							</Sequence>
						</Loop>
					</Sequence>
				</AnyDecorator>
			</Behavior>
		</Root>
		<ForestContainer />
		<EditorData EventSet="">
			<Variables>
				<Variable name="checkedPoint" comment="" />
				<Variable name="currentDestination" comment="" />
				<Variable name="freeWaypoints" comment="" />
				<Variable name="pathParams" comment="" />
				<Variable name="waitTime" comment="" />
				<Variable name="waypoints" comment="" />
				<Variable name="waypoints_value" comment="" />
			</Variables>
			<ForwardDeclarations />
			<Root hasInputBreakpoint="0" comment="" breakpointFlags="0" saveVersion="2">
				<OutputBreakpoints />
				<Behavior>
					<AnyDecorator hasInputBreakpoint="0" comment="" breakpointFlags="0">
						<OutputBreakpoints />
						<Sequence hasInputBreakpoint="0" comment="" breakpointFlags="0">
							<OutputBreakpoints />
							<Expression hasInputBreakpoint="0" comment="" breakpointFlags="0">
								<OutputBreakpoints />
							</Expression>
							<IsWeaponDrawn hasInputBreakpoint="0" comment="" breakpointFlags="0" saveVersion="2">
								<OutputBreakpoints />
								<Then>
									<Success hasInputBreakpoint="0" comment="" breakpointFlags="0">
										<OutputBreakpoints />
									</Success>
								</Then>
								<Else>
									<DrawAction hasInputBreakpoint="0" comment="" breakpointFlags="0">
										<OutputBreakpoints />
									</DrawAction>
								</Else>
							</IsWeaponDrawn>
							<GraphSearch hasInputBreakpoint="0" comment="" breakpointFlags="0">
								<OutputBreakpoints />
								<LinkTagFilter hasInputBreakpoint="0" comment="" breakpointFlags="0">
									<OutputBreakpoints />
								</LinkTagFilter>
								<Nodalyzer hasInputBreakpoint="0" comment="" breakpointFlags="0" saveVersion="2">
									<OutputBreakpoints />
								</Nodalyzer>
							</GraphSearch>
							<Loop hasInputBreakpoint="0" comment="" breakpointFlags="0">
								<OutputBreakpoints />
								<Sequence hasInputBreakpoint="0" comment="" breakpointFlags="0">
									<OutputBreakpoints />
									<AtomicDecorator hasInputBreakpoint="0" comment="" breakpointFlags="0">
										<OutputBreakpoints />
										<Sequence hasInputBreakpoint="0" comment="" breakpointFlags="0">
											<OutputBreakpoints />
											<ForEach hasInputBreakpoint="0" comment="" breakpointFlags="0">
												<OutputBreakpoints />
												<Selector hasInputBreakpoint="0" comment="" breakpointFlags="0">
													<OutputBreakpoints />
													<GraphSearch hasInputBreakpoint="0" comment="" breakpointFlags="0">
														<OutputBreakpoints />
														<LinkTagFilter hasInputBreakpoint="0" comment="" breakpointFlags="0">
															<OutputBreakpoints />
														</LinkTagFilter>
													</GraphSearch>
													<PushToArray hasInputBreakpoint="0" comment="" breakpointFlags="0">
														<OutputBreakpoints />
													</PushToArray>
												</Selector>
											</ForEach>
											<RandomItem hasInputBreakpoint="0" comment="" breakpointFlags="0">
												<OutputBreakpoints />
											</RandomItem>
											<IfCondition hasInputBreakpoint="0" comment="" breakpointFlags="0">
												<OutputBreakpoints />
												<RemoveLink hasInputBreakpoint="0" comment="" breakpointFlags="0">
													<OutputBreakpoints />
												</RemoveLink>
											</IfCondition>
											<Expression hasInputBreakpoint="0" comment="" breakpointFlags="0">
												<OutputBreakpoints />
											</Expression>
											<ReinitVariable hasInputBreakpoint="0" comment="" breakpointFlags="0">
												<OutputBreakpoints />
											</ReinitVariable>
										</Sequence>
									</AtomicDecorator>
									<Expression hasInputBreakpoint="0" comment="" breakpointFlags="0">
										<OutputBreakpoints />
									</Expression>
									<AddLinkElement hasInputBreakpoint="0" comment="" breakpointFlags="0">
										<OutputBreakpoints />
										<ExactMove hasInputBreakpoint="0" comment="" breakpointFlags="0">
											<OutputBreakpoints />
										</ExactMove>
									</AddLinkElement>
									<Wait hasInputBreakpoint="0" comment="" breakpointFlags="0">
										<OutputBreakpoints />
									</Wait>
								</Sequence>
							</Loop>
						</Sequence>
					</AnyDecorator>
				</Behavior>
			</Root>
			<Forest />
			<Comments />
		</EditorData>
	</BehaviorTree>
</BehaviorTrees>