<?xml version="1.0" encoding="us-ascii"?>
<BehaviorTrees>
  <BehaviorTree name="onUpdate" is_function="0">
    <Variables />
    <Root OneTimeOnly="false" FailState="Recoverable" saveVersion="2">
      <Behavior canSkip="1">
        <Parallel successMode="Any" failureMode="Any">
          <Wait duration="&apos;-1&apos;" timeType="GameTime" doFail="false" variation="" skipInLOD="false" />
        </Parallel>
      </Behavior>
    </Root>
    <ForestContainer>
      <Sequence>
        <Success />
      </Sequence>
    </ForestContainer>
    <EditorData EventSet="">
      <Variables />
      <ForwardDeclarations />
      <Root hasInputBreakpoint="0" comment="" breakpointFlags="0" saveVersion="2">
        <OutputBreakpoints />
        <Behavior>
          <Parallel hasInputBreakpoint="0" comment="" breakpointFlags="0">
            <OutputBreakpoints />
            <Wait hasInputBreakpoint="0" comment="" breakpointFlags="0">
              <OutputBreakpoints />
            </Wait>
          </Parallel>
        </Behavior>
      </Root>
      <Forest>
        <Sequence editorPosX="580" editorPosY="100" hasInputBreakpoint="0" comment="" breakpointFlags="0">
          <OutputBreakpoints />
          <Success hasInputBreakpoint="0" comment="" breakpointFlags="0">
            <OutputBreakpoints />
          </Success>
        </Sequence>
      </Forest>
      <Comments />
    </EditorData>
  </BehaviorTree>
</BehaviorTrees>