<?xml version="1.0" encoding="us-ascii"?>
<BehaviorTrees>
  <BehaviorTree name="onUpdate" is_function="0">
    <Variables>
      <Variable name="arrowFlyingBy" type="weapon:onPlayerArrowFlyingBy" values="" isPersistent="0" form="single" />
      <Variable name="closedCastleAlert" type="closedCastle:alert" values="" isPersistent="0" form="single" />
      <Variable name="hitReaction" type="hitReaction" values="" isPersistent="0" form="single" />
    </Variables>
    <Root OneTimeOnly="false" FailState="Recoverable" saveVersion="2">
      <Behavior canSkip="1">
        <EntityContext context="DisableSituationParticipation" target="">
          <Parallel successMode="Any" failureMode="Any">
            <While doFail="false" propagateChildFail="false" condition="true">
              <ProcessMessage Atomic="true" timeout="&apos;-1&apos;" timeType="GameTime" variable="$hitReaction" senderInfo="" inbox="&apos;hitReaction&apos;" condition="" answerVar="">
                <IfCondition failOnCondition="false" condition="$hitReaction.hitType ~= $enum:HitReactionType.Collision">
                  <Sequence>
                    <Function_closedCastle_alertGuards nodeLabel="36377333" />
                    <Function_callInterrupt_attackClosedCastle nodeLabel="99636227" />
                  </Sequence>
                </IfCondition>
              </ProcessMessage>
            </While>
            <While doFail="false" propagateChildFail="false" condition="true">
              <ProcessMessage Atomic="true" timeout="&apos;-1&apos;" timeType="GameTime" variable="$arrowFlyingBy" senderInfo="" inbox="&apos;weaponOnPlayerArrowFlyingBy&apos;" condition="" answerVar="">
                <Sequence>
                  <Function_closedCastle_alertGuards nodeLabel="21153899" />
                  <Function_callInterrupt_attackClosedCastle nodeLabel="44223505" />
                </Sequence>
              </ProcessMessage>
            </While>
            <While doFail="false" propagateChildFail="false" condition="true">
              <ProcessMessage Atomic="true" timeout="&apos;-1&apos;" timeType="GameTime" variable="$closedCastleAlert" senderInfo="" inbox="&apos;closedCastle_alert&apos;" condition="" answerVar="">
                <IfCondition failOnCondition="false" condition="$closedCastleAlert.sender ~= $this.id">
                  <Function_callInterrupt_attackClosedCastle nodeLabel="20267977" />
                </IfCondition>
              </ProcessMessage>
            </While>
          </Parallel>
        </EntityContext>
      </Behavior>
    </Root>
    <ForestContainer />
    <EditorData EventSet="">
      <Variables>
        <Variable name="arrowFlyingBy" comment="" />
        <Variable name="closedCastleAlert" comment="" />
        <Variable name="hitReaction" comment="" />
      </Variables>
      <ForwardDeclarations />
      <Root hasInputBreakpoint="0" comment="" breakpointFlags="0" saveVersion="2">
        <OutputBreakpoints />
        <Behavior>
          <EntityContext hasInputBreakpoint="0" comment="" breakpointFlags="0">
            <OutputBreakpoints />
            <Parallel hasInputBreakpoint="0" comment="" breakpointFlags="0">
              <OutputBreakpoints />
              <While hasInputBreakpoint="0" comment="" breakpointFlags="0">
                <OutputBreakpoints />
                <ProcessMessage hasInputBreakpoint="0" comment="" breakpointFlags="0">
                  <OutputBreakpoints />
                  <IfCondition hasInputBreakpoint="0" comment="" breakpointFlags="0">
                    <OutputBreakpoints />
                    <Sequence hasInputBreakpoint="0" comment="" breakpointFlags="0">
                      <OutputBreakpoints />
                      <Function_closedCastle_alertGuards hasInputBreakpoint="0" comment="" breakpointFlags="0">
                        <OutputBreakpoints />
                      </Function_closedCastle_alertGuards>
                      <Function_callInterrupt_attackClosedCastle hasInputBreakpoint="0" comment="" breakpointFlags="0">
                        <OutputBreakpoints />
                      </Function_callInterrupt_attackClosedCastle>
                    </Sequence>
                  </IfCondition>
                </ProcessMessage>
              </While>
              <While hasInputBreakpoint="0" comment="" breakpointFlags="0">
                <OutputBreakpoints />
                <ProcessMessage hasInputBreakpoint="0" comment="" breakpointFlags="0">
                  <OutputBreakpoints />
                  <Sequence hasInputBreakpoint="0" comment="" breakpointFlags="0">
                    <OutputBreakpoints />
                    <Function_closedCastle_alertGuards hasInputBreakpoint="0" comment="" breakpointFlags="0">
                      <OutputBreakpoints />
                    </Function_closedCastle_alertGuards>
                    <Function_callInterrupt_attackClosedCastle hasInputBreakpoint="0" comment="" breakpointFlags="0">
                      <OutputBreakpoints />
                    </Function_callInterrupt_attackClosedCastle>
                  </Sequence>
                </ProcessMessage>
              </While>
              <While hasInputBreakpoint="0" comment="" breakpointFlags="0">
                <OutputBreakpoints />
                <ProcessMessage hasInputBreakpoint="0" comment="" breakpointFlags="0">
                  <OutputBreakpoints />
                  <IfCondition hasInputBreakpoint="0" comment="" breakpointFlags="0">
                    <OutputBreakpoints />
                    <Function_callInterrupt_attackClosedCastle hasInputBreakpoint="0" comment="" breakpointFlags="0">
                      <OutputBreakpoints />
                    </Function_callInterrupt_attackClosedCastle>
                  </IfCondition>
                </ProcessMessage>
              </While>
            </Parallel>
          </EntityContext>
        </Behavior>
      </Root>
      <Forest />
      <Comments />
    </EditorData>
  </BehaviorTree>
</BehaviorTrees>