<?xml version="1.0" encoding="us-ascii"?>
<BehaviorTrees>
  <BehaviorTree name="cart_playerAction_cart_back" is_function="0">
    <Variables />
    <Root OneTimeOnly="false" FailState="Recoverable" saveVersion="2">
      <Behavior canSkip="1">
        <CartStanceElement smartObject="$__object.id" cartslot="playerBack">
          <WaitAction />
        </CartStanceElement>
      </Behavior>
    </Root>
    <ForestContainer />
    <EditorData EventSet="">
      <Variables />
      <ForwardDeclarations />
      <Root hasInputBreakpoint="0" comment="" breakpointFlags="0" saveVersion="2">
        <OutputBreakpoints />
        <Behavior>
          <CartStanceElement hasInputBreakpoint="0" comment="" breakpointFlags="0">
            <OutputBreakpoints />
            <WaitAction hasInputBreakpoint="0" comment="" breakpointFlags="0">
              <OutputBreakpoints />
            </WaitAction>
          </CartStanceElement>
        </Behavior>
      </Root>
      <Forest />
      <Comments />
    </EditorData>
  </BehaviorTree>
</BehaviorTrees>