<?xml version="1.0" encoding="us-ascii"?>
<BehaviorTrees>
	<BehaviorTree name="switch_handleChoke" is_function="1">
		<Variables>
			<Variable name="reactionBeforeChoke" type="enum:crime_reactionKind" values="" isPersistent="0" form="single" />
			<Variable name="stealthKillResult" type="combat:stealthKillResult" values="" isPersistent="0" form="single" />
		</Variables>
		<Root OneTimeOnly="false" FailState="Recoverable" saveVersion="2">
			<Behavior canSkip="1">
				<While doFail="false" propagateChildFail="false" condition="true">
					<Parallel successMode="Any" failureMode="Any">
						<While doFail="false" propagateChildFail="false" condition="true">
							<DeadUnconsciousGate Who="" State="Any" Negation="true" RunLogic="Halt">
								<LinkGate from="$this.id" to="$__player" tag="&apos;bodyHolder&apos;" amount="AtLeastOne" presence="NotThere" RunLogic="KeepRunning">
									<LinkGate from="$this.id" to="$__player" tag="&apos;bodyHolder&apos;" amount="AtLeastOne" presence="Present" RunLogic="KeepRunning">
										<Sequence>
											<GetReactionKindByContext Target="$this.id" ReactionKind="$reactionBeforeChoke" />
											<Function_callInterrupt_choke ignorePriority="true" nodeLabel="15632743" />
										</Sequence>
									</LinkGate>
								</LinkGate>
							</DeadUnconsciousGate>
						</While>
						<While doFail="false" propagateChildFail="false" condition="true">
							<EntityContextBarrier context="crime_disableStealthKillSwitchMailbox" target="" Negation="true" RunLogic="Halt">
								<Sequence>
									<ClearInbox inbox="&apos;combat_stealthKillResult&apos;" type="" condition="" />
									<Loop count="-1">
										<ProcessMessage Atomic="true" timeout="&apos;-1&apos;" timeType="GameTime" variable="$stealthKillResult" senderInfo="" inbox="&apos;combat_stealthKillResult&apos;" condition="" answerVar="">
											<EntityContext context="crime_stimulusInitiatedByScheduler" target="">
												<Function_switch_handleStealthKillResult reactionKind="$reactionBeforeChoke" stealthKillResult="$stealthKillResult" nodeLabel="12254409" />
											</EntityContext>
										</ProcessMessage>
									</Loop>
								</Sequence>
							</EntityContextBarrier>
						</While>
					</Parallel>
				</While>
			</Behavior>
		</Root>
		<ForestContainer />
		<EditorData EventSet="">
			<Variables>
				<Variable name="reactionBeforeChoke" comment="" />
				<Variable name="stealthKillResult" comment="" />
			</Variables>
			<ForwardDeclarations />
			<Root hasInputBreakpoint="0" comment="" breakpointFlags="0" saveVersion="2">
				<OutputBreakpoints />
				<Behavior>
					<While hasInputBreakpoint="0" comment="" breakpointFlags="0">
						<OutputBreakpoints />
						<Parallel hasInputBreakpoint="0" comment="" breakpointFlags="0">
							<OutputBreakpoints />
							<While hasInputBreakpoint="0" comment="" breakpointFlags="0">
								<OutputBreakpoints />
								<DeadUnconsciousGate hasInputBreakpoint="0" comment="" breakpointFlags="0">
									<OutputBreakpoints />
									<LinkGate hasInputBreakpoint="0" comment="" breakpointFlags="0">
										<OutputBreakpoints />
										<LinkGate hasInputBreakpoint="0" comment="" breakpointFlags="0">
											<OutputBreakpoints />
											<Sequence hasInputBreakpoint="0" comment="" breakpointFlags="0">
												<OutputBreakpoints />
												<GetReactionKindByContext hasInputBreakpoint="0" comment="" breakpointFlags="0">
													<OutputBreakpoints />
												</GetReactionKindByContext>
												<Function_callInterrupt_choke hasInputBreakpoint="0" comment="" breakpointFlags="0">
													<OutputBreakpoints />
												</Function_callInterrupt_choke>
											</Sequence>
										</LinkGate>
									</LinkGate>
								</DeadUnconsciousGate>
							</While>
							<While hasInputBreakpoint="0" comment="" breakpointFlags="0">
								<OutputBreakpoints />
								<EntityContextBarrier hasInputBreakpoint="0" comment="" breakpointFlags="0">
									<OutputBreakpoints />
									<Sequence hasInputBreakpoint="0" comment="" breakpointFlags="0">
										<OutputBreakpoints />
										<ClearInbox hasInputBreakpoint="0" comment="" breakpointFlags="0">
											<OutputBreakpoints />
										</ClearInbox>
										<Loop hasInputBreakpoint="0" comment="" breakpointFlags="0">
											<OutputBreakpoints />
											<ProcessMessage hasInputBreakpoint="0" comment="" breakpointFlags="0">
												<OutputBreakpoints />
												<EntityContext hasInputBreakpoint="0" comment="" breakpointFlags="0">
													<OutputBreakpoints />
													<Function_switch_handleStealthKillResult hasInputBreakpoint="0" comment="" breakpointFlags="0">
														<OutputBreakpoints />
													</Function_switch_handleStealthKillResult>
												</EntityContext>
											</ProcessMessage>
										</Loop>
									</Sequence>
								</EntityContextBarrier>
							</While>
						</Parallel>
					</While>
				</Behavior>
			</Root>
			<Forest />
			<Comments />
		</EditorData>
	</BehaviorTree>
</BehaviorTrees>