<?xml version="1.0" encoding="us-ascii"?>
<BehaviorTrees>
  <BehaviorTree name="crime_limits_removeReactionLink" is_function="1">
    <Variables>
      <Variable name="reactionData" type="crime:reactor" values="" isPersistent="0" form="single" />
    </Variables>
    <Parameters>
      <Variable name="information" type="information" values="" isPersistent="0" form="single" requirementType="In" />
      <Variable name="reactionKind" type="enum:crime_reactionKind" values="$enum:crime_reactionKind.unknown" isPersistent="0" form="single" requirementType="In" />
    </Parameters>
    <Root OneTimeOnly="false" FailState="Recoverable" saveVersion="2">
      <Behavior canSkip="1">
        <AtomicDecorator>
          <Sequence>
            <GraphSearch Origin="$__player" Borders="" depth="1" selection="true" SearchPattern="Depth" EdgePruning="&apos;parent,inventory&apos;" AllowedEdges="" SubGraph="&apos;crime_reactor&apos;" AllowSubtraph="false" includeOrigin="false" excludeOrigin="false" failOnEmpty="true" SetOperationChoice="Intersection|And" errorOnEmpty="false" shortCircuit="false" skipTraversed="true">
              <LinkTagFilter tag="&apos;crime_reactor&apos;" prune="true" negprune="unknown" Parent="" Child="" Data="" />
              <WUIDFilter WUID="$this.id" Source="Child" prune="true" negprune="unknown" Parent="" Child="" />
              <Datalyzer Tag="&apos;crime_reactor&apos;" Quantifiers="Exists" Parent="" Child="" Data="$reactionData" saveVersion="2" />
            </GraphSearch>
            <IfCondition failOnCondition="false" condition="$reactionData.reactionKind == $reactionKind &amp; &#10;$reactionData.reservation == false">
              <RemoveLink From="$__player" To="$this.id" Tag="&apos;crime_reactor&apos;" LinkOpHandleMode="Error" />
            </IfCondition>
            <IfCondition failOnCondition="false" condition="$information.label == &apos;motivation&apos; &amp; &#10;($reactionData.information.label ~= &apos;motivation&apos; | &#10;($reactionData.reactionKind == $reactionKind &amp;  &#10;$reactionData.reservation == false))">
              <SuppressFailure>
                <Sequence>
                  <CheckInformationKnowledge Information="$information" Holder="$this.id" />
                  <DestroyInformationCompletely Information="$information" />
                </Sequence>
              </SuppressFailure>
            </IfCondition>
          </Sequence>
        </AtomicDecorator>
      </Behavior>
    </Root>
    <ForestContainer />
    <EditorData EventSet="">
      <Variables>
        <Variable name="reactionData" comment="" />
        <Variable name="information" comment="" />
        <Variable name="reactionKind" comment="" />
      </Variables>
      <ForwardDeclarations />
      <Root hasInputBreakpoint="0" comment="" breakpointFlags="0" saveVersion="2">
        <OutputBreakpoints />
        <Behavior>
          <AtomicDecorator hasInputBreakpoint="0" comment="" breakpointFlags="0">
            <OutputBreakpoints />
            <Sequence hasInputBreakpoint="0" comment="" breakpointFlags="0">
              <OutputBreakpoints />
              <GraphSearch hasInputBreakpoint="0" comment="" breakpointFlags="0">
                <OutputBreakpoints />
                <LinkTagFilter hasInputBreakpoint="0" comment="" breakpointFlags="0">
                  <OutputBreakpoints />
                </LinkTagFilter>
                <WUIDFilter hasInputBreakpoint="0" comment="" breakpointFlags="0">
                  <OutputBreakpoints />
                </WUIDFilter>
                <Datalyzer hasInputBreakpoint="0" comment="" breakpointFlags="0" saveVersion="2">
                  <OutputBreakpoints />
                </Datalyzer>
              </GraphSearch>
              <IfCondition hasInputBreakpoint="0" comment="" breakpointFlags="0">
                <OutputBreakpoints />
                <RemoveLink hasInputBreakpoint="0" comment="" breakpointFlags="0">
                  <OutputBreakpoints />
                </RemoveLink>
              </IfCondition>
              <IfCondition hasInputBreakpoint="0" comment="" breakpointFlags="0">
                <OutputBreakpoints />
                <SuppressFailure hasInputBreakpoint="0" comment="" breakpointFlags="0">
                  <OutputBreakpoints />
                  <Sequence hasInputBreakpoint="0" comment="" breakpointFlags="0">
                    <OutputBreakpoints />
                    <CheckInformationKnowledge hasInputBreakpoint="0" comment="" breakpointFlags="0">
                      <OutputBreakpoints />
                    </CheckInformationKnowledge>
                    <DestroyInformationCompletely hasInputBreakpoint="0" comment="" breakpointFlags="0">
                      <OutputBreakpoints />
                    </DestroyInformationCompletely>
                  </Sequence>
                </SuppressFailure>
              </IfCondition>
            </Sequence>
          </AtomicDecorator>
        </Behavior>
      </Root>
      <Forest />
      <Comments />
    </EditorData>
  </BehaviorTree>
</BehaviorTrees>