<?xml version="1.0" encoding="us-ascii"?>
<BehaviorTrees>
  <BehaviorTree name="crime_selfhelp_addParticipantsTypeToDialogContext" is_function="1">
    <Variables />
    <Parameters>
      <Variable name="dialogContext" type="_float" values="" isPersistent="0" form="associative" requirementType="Reference" />
      <Variable name="participantsType" type="enum:crime_selfhelpParticipants" values="" isPersistent="0" form="single" requirementType="In" />
    </Parameters>
    <Root OneTimeOnly="false" FailState="Recoverable" saveVersion="2">
      <Behavior canSkip="1">
        <Sequence>
          <Expression expressions="$dialogContext[&apos;participants_unrelated&apos;] = $participantsType == $enum:crime_selfhelpParticipants.unrelated ? 1 : 0" />
          <Expression expressions="$dialogContext[&apos;participants_meAndMates&apos;] = $participantsType == $enum:crime_selfhelpParticipants.meAndMates ? 1 : 0" />
          <Expression expressions="$dialogContext[&apos;participants_onlyMe&apos;] = $participantsType == $enum:crime_selfhelpParticipants.onlyMe ? 1 : 0" />
        </Sequence>
      </Behavior>
    </Root>
    <ForestContainer />
    <EditorData EventSet="">
      <Variables>
        <Variable name="dialogContext" comment="" />
        <Variable name="participantsType" comment="" />
      </Variables>
      <ForwardDeclarations />
      <Root hasInputBreakpoint="0" comment="" breakpointFlags="0" saveVersion="2">
        <OutputBreakpoints />
        <Behavior>
          <Sequence hasInputBreakpoint="0" comment="" breakpointFlags="0">
            <OutputBreakpoints />
            <Expression hasInputBreakpoint="0" comment="" breakpointFlags="0">
              <OutputBreakpoints />
            </Expression>
            <Expression hasInputBreakpoint="0" comment="" breakpointFlags="0">
              <OutputBreakpoints />
            </Expression>
            <Expression hasInputBreakpoint="0" comment="" breakpointFlags="0">
              <OutputBreakpoints />
            </Expression>
          </Sequence>
        </Behavior>
      </Root>
      <Forest />
      <Comments />
    </EditorData>
  </BehaviorTree>
</BehaviorTrees>