<?xml version="1.0" encoding="us-ascii"?>
<BehaviorTrees>
	<BehaviorTree name="crime_selfhelp_startBark" is_function="1">
		<Variables>
			<Variable name="amIWitness" type="_bool" values="" isPersistent="0" form="single" />
			<Variable name="attackerHasWeapon" type="_bool" values="" isPersistent="0" form="single" />
			<Variable name="dialogContext" type="_float" values="" isPersistent="0" form="associative" />
			<Variable name="horseTheft_isImmediate" type="_bool" values="" isPersistent="0" form="single" />
			<Variable name="lockType" type="_string" values="" isPersistent="0" form="single" />
			<Variable name="metarole" type="_string" values="" isPersistent="0" form="single" />
			<Variable name="owner" type="_wuid" values="" isPersistent="0" form="single" />
			<Variable name="trespassCounter" type="_int" values="0" isPersistent="0" form="single" />
		</Variables>
		<Parameters>
			<Variable name="selfhelpData" type="switch:interruptData:selfhelp" values="" isPersistent="0" form="single" requirementType="In" />
		</Parameters>
		<Root OneTimeOnly="false" FailState="Recoverable" saveVersion="2">
			<Behavior canSkip="1">
				<Switch>
					<IfCondition failOnCondition="false" condition="$selfhelpData.freshlyAttributedCrime">
						<Function_crime_startBark_freshlyAttributed information="$selfhelpData.information" nodeLabel="89575254" />
					</IfCondition>
					<IfCondition failOnCondition="false" condition="$selfhelpData.criminalFreshness &gt; $enum:crime_criminalFreshness.veryFresh">
						<IfElseCondition failOnCondition="false" condition="$selfhelpData.criminalFreshness == $enum:crime_criminalFreshness.somewhatFresh" saveVersion="2">
							<Then canSkip="1">
								<Success />
							</Then>
							<Else canSkip="1">
								<Function_crime_startBark_alreadyCriminal information="$selfhelpData.information" nodeLabel="20415079" />
							</Else>
						</IfElseCondition>
					</IfCondition>
					<IfCondition failOnCondition="false" condition="$selfhelpData.previousReaction == $enum:crime_reactionKind.scan &amp;  &#10;$selfhelpData.stimulusKind == $enum:crime_stimulusKind.disturbance">
						<Function_crime_crimeBark animationApproach="$enum:animationApproach.dontPlayDialogAnimations" canBeDelayed="false" dialogContext="" dramaticBark="false" lookAt="$__player" metarole="&apos;NPC_ROZPOZNALO_VYTRZNIKA_(KAMINEK)&apos;" priority="$enum:crime_barkPriority.important" nodeLabel="92017330" />
					</IfCondition>
					<IfCondition failOnCondition="false" condition="$selfhelpData.stimulusKind == $enum:crime_stimulusKind.aim">
						<Function_crime_crimeBark animationApproach="$enum:animationApproach.dontPlayDialogAnimations" canBeDelayed="false" dialogContext="" dramaticBark="true" lookAt="$__player" metarole="&apos;NPC_JE_ZAMEREN_HRACEM&apos;" priority="$enum:crime_barkPriority.important" nodeLabel="80904056" />
					</IfCondition>
					<IfCondition failOnCondition="false" condition="$selfhelpData.stimulusKind  == $enum:crime_stimulusKind.combat">
						<IfCondition failOnCondition="false" condition="$selfhelpData.assaultData.victim ~= $__player">
							<Sequence>
								<Expression expressions="$amIWitness = $selfhelpData.assaultData.victim ~= this.id" />
								<IfElseCondition failOnCondition="false" condition="$selfhelpData.assaultData.directHit" saveVersion="2">
									<Then canSkip="1">
										<Function_crime_getHitMetaroleLabel attackKind="$selfhelpData.assaultData.kind" attacker="$selfhelpData.assaultData.attacker" hitStrength="$selfhelpData.assaultData.hitStrength" isWitness="$amIWitness" victim="$selfhelpData.assaultData.victim" dialogContext="$dialogContext" metaroleLabel="$metarole" nodeLabel="84273837" />
									</Then>
									<Else canSkip="1">
										<Sequence>
											<Function_crime_hasWeaponDrawn checkingMethod="$enum:crime_weaponCheckingMethod.perceivableState" npc="$selfhelpData.assaultData.attacker" result="$attackerHasWeapon" nodeLabel="50440156" />
											<IfElseCondition failOnCondition="false" condition="$attackerHasWeapon" saveVersion="2">
												<Then canSkip="1">
													<Expression expressions="$metarole = &apos;SVEDEK_REAGUJE_NA_NEARMISS_(MELEE)&apos;" />
												</Then>
												<Else canSkip="1">
													<Expression expressions="$metarole = &apos;SVEDEK_REAGUJE_NA_NEARMISS_(UNARMED)&apos;" />
												</Else>
											</IfElseCondition>
										</Sequence>
									</Else>
								</IfElseCondition>
								<SuppressFailure>
									<Sequence>
										<IfCondition failOnCondition="false" condition="~$amIWitness">
											<Timeout duration="&apos;3s&apos;" timeType="GameTime" doFail="true" variation="">
												<DialogGate Who="$this.id" Negation="true" EndDialogInRoot="false" Condition="InIngame" RunLogic="KeepRunning">
													<Success />
												</DialogGate>
											</Timeout>
										</IfCondition>
										<Function_crime_crimeBark animationApproach="$enum:animationApproach.dontPlayDialogAnimations" canBeDelayed="false" dialogContext="$dialogContext" dramaticBark="true" lookAt="$__player" metarole="$metarole" priority="$enum:crime_barkPriority.important" nodeLabel="26806071" />
									</Sequence>
								</SuppressFailure>
							</Sequence>
						</IfCondition>
					</IfCondition>
					<IfCondition failOnCondition="false" condition="$selfhelpData.stimulusKind == $enum:crime_stimulusKind.criminal">
						<Switch>
							<IfCondition failOnCondition="false" condition="$selfhelpData.previousReaction == $enum:crime_reactionKind.lookAround">
								<Function_crime_crimeBark animationApproach="$enum:animationApproach.dontPlayDialogAnimations" canBeDelayed="false" dialogContext="" dramaticBark="false" lookAt="$__player" metarole="&apos;STRAZ_PATRA_NA_MISTE_CINU_A_ROZPOZNA_HRACE&apos;" priority="$enum:crime_barkPriority.important" nodeLabel="80316174" />
							</IfCondition>
							<DefaultBranch>
								<Function_crime_crimeBark animationApproach="$enum:animationApproach.dontPlayDialogAnimations" canBeDelayed="false" dialogContext="" dramaticBark="false" lookAt="$__player" metarole="&apos;STRAZ_VIDI_HLEDANEHO_HRACE&apos;" priority="$enum:crime_barkPriority.important" nodeLabel="83176387" />
							</DefaultBranch>
						</Switch>
					</IfCondition>
					<IfCondition failOnCondition="false" condition="$selfhelpData.stimulusKind  == $enum:crime_stimulusKind.pilloryBreak">
						<Function_crime_crimeBark animationApproach="$enum:animationApproach.dontPlayDialogAnimations" canBeDelayed="false" dialogContext="" dramaticBark="false" lookAt="$__player" metarole="&apos;NPC_VIDI_OSVOBOZENI_Z_PRANYRE&apos;" priority="$enum:crime_barkPriority.important" nodeLabel="76316625" />
					</IfCondition>
					<IfCondition failOnCondition="false" condition="$selfhelpData.stimulusKind == $enum:crime_stimulusKind.lockpick">
						<Sequence>
							<LockDynamicInformationValues Information="$selfhelpData.information">
								<Sequence>
									<GetDynamicInformationValue Information="$selfhelpData.information" Tag="&apos;lockType&apos;" Out="$lockType" />
									<GetDynamicInformationValue Information="$selfhelpData.information" Tag="&apos;victim&apos;" Out="$owner" />
								</Sequence>
							</LockDynamicInformationValues>
							<EntityContextCheck context="crime_isAuthority" target="" saveVersion="2">
								<Then canSkip="1">
									<Expression expressions="$metarole = &apos;STRAZ_VIDI_ZLOCIN_(LOCKPICK__&apos;" />
								</Then>
								<Else canSkip="1">
									<IfElseCondition failOnCondition="false" condition="$owner == $this.id" saveVersion="2">
										<Then canSkip="1">
											<Expression expressions="$metarole = &apos;OWNER_VIDI_ZLOCIN_(LOCKPICK__&apos;" />
										</Then>
										<Else canSkip="1">
											<Expression expressions="$metarole = &apos;SVEDEK_VIDI_ZLOCIN_(LOCKPICK__&apos;" />
										</Else>
									</IfElseCondition>
								</Else>
							</EntityContextCheck>
							<IfElseCondition failOnCondition="false" condition="$lockType == &apos;STASH&apos; | $lockType == &apos;UNK&apos;" saveVersion="2">
								<Then canSkip="1">
									<Expression expressions="$metarole = $metarole + &apos;STASH)&apos;" />
								</Then>
								<Else canSkip="1">
									<Expression expressions="$metarole = $metarole + &apos;DVERE)&apos;" />
								</Else>
							</IfElseCondition>
							<Function_crime_crimeBark animationApproach="$enum:animationApproach.dontPlayDialogAnimations" canBeDelayed="false" dialogContext="" dramaticBark="false" lookAt="$__player" metarole="$metarole" priority="$enum:crime_barkPriority.important" nodeLabel="71695463" />
						</Sequence>
					</IfCondition>
					<IfCondition failOnCondition="false" condition="$selfhelpData.stimulusKind  == $enum:crime_stimulusKind.murder">
						<Function_crime_startBark_murder information="$selfhelpData.information" nodeLabel="24923398" />
					</IfCondition>
					<IfCondition failOnCondition="false" condition="$selfhelpData.stimulusKind  == $enum:crime_stimulusKind.pickpocket">
						<Sequence>
							<LockDynamicInformationValues Information="$selfhelpData.information">
								<GetDynamicInformationValue Information="$selfhelpData.information" Tag="&apos;victim&apos;" Out="$owner" />
							</LockDynamicInformationValues>
							<IfElseCondition failOnCondition="false" condition="$owner == $this.id" saveVersion="2">
								<Then canSkip="1">
									<Function_crime_crimeBark animationApproach="$enum:animationApproach.dontPlayDialogAnimations" canBeDelayed="false" dialogContext="" dramaticBark="true" lookAt="$__player" metarole="&apos;OBET_PRISTIHLA_HRACE_(PICKPOCKET)&apos;" priority="$enum:crime_barkPriority.important" nodeLabel="13259389" />
								</Then>
								<Else canSkip="1">
									<Function_crime_crimeBark animationApproach="$enum:animationApproach.dontPlayDialogAnimations" canBeDelayed="false" dialogContext="" dramaticBark="true" lookAt="$__player" metarole="&apos;SVEDEK_VIDI_ZLOCIN_(PICKPOCKET)&apos;" priority="$enum:crime_barkPriority.important" nodeLabel="87366229" />
								</Else>
							</IfElseCondition>
						</Sequence>
					</IfCondition>
					<IfCondition failOnCondition="false" condition="$selfhelpData.stimulusKind  == $enum:crime_stimulusKind.theft">
						<IfCondition failOnCondition="false" condition="$selfhelpData.source &lt; $enum:crime_source.personal">
							<Function_crime_startBark_theft information="$selfhelpData.information" nodeLabel="64130570" />
						</IfCondition>
					</IfCondition>
					<IfCondition failOnCondition="false" condition="$selfhelpData.stimulusKind == $enum:crime_stimulusKind.graveRobbing">
						<Function_crime_crimeBark animationApproach="$enum:animationApproach.dontPlayDialogAnimations" canBeDelayed="false" dialogContext="" dramaticBark="true" lookAt="$__player" metarole="&apos;NPC_VIDI_HRACE_VYKRADAT_HROB&apos;" priority="$enum:crime_barkPriority.important" nodeLabel="12955046" />
					</IfCondition>
					<IfCondition failOnCondition="false" condition="$selfhelpData.stimulusKind == $enum:crime_stimulusKind.corpseViolation">
						<Function_crime_crimeBark animationApproach="$enum:animationApproach.dontPlayDialogAnimations" canBeDelayed="false" dialogContext="" dramaticBark="true" lookAt="$__player" metarole="&apos;NPC_VIDI_HRACE_JAK_HANOBI_MRTVOLU_(PRITEL)&apos;" priority="$enum:crime_barkPriority.important" nodeLabel="35839801" />
					</IfCondition>
					<IfCondition failOnCondition="false" condition="$selfhelpData.stimulusKind == $enum:crime_stimulusKind.trespass | &#10;$selfhelpData.stimulusKind == $enum:crime_stimulusKind.escalatedTrespass">
						<IfElseCondition failOnCondition="false" condition="$selfhelpData.previousReaction == $enum:crime_reactionKind.watchTrespass" saveVersion="2">
							<Then canSkip="1">
								<Function_crime_crimeBark animationApproach="$enum:animationApproach.dontPlayDialogAnimations" canBeDelayed="false" dialogContext="" dramaticBark="false" lookAt="$__player" metarole="&apos;NPC_ESKALUJE_TRESPASS_V_CRIME&apos;" priority="$enum:crime_barkPriority.important" nodeLabel="66898000" />
							</Then>
							<Else canSkip="1">
								<Function_crime_trespass_playerEnteredBark counter="$trespassCounter" isPaused="false" previousReaction="$enum:crime_reactionKind.unknown" trespassSevereness="$enum:trespassLevel.prohibited" nodeLabel="64234951" />
							</Else>
						</IfElseCondition>
					</IfCondition>
					<IfCondition failOnCondition="false" condition="$selfhelpData.stimulusKind == $enum:crime_stimulusKind.kettlePoisoning">
						<Function_crime_crimeBark animationApproach="$enum:animationApproach.dontPlayDialogAnimations" canBeDelayed="false" dialogContext="" dramaticBark="true" lookAt="$__player" metarole="&apos;NPC_VIDI_HRACE_JAK_NECO_VLEVA_DO_KOTLIKU&apos;" priority="$enum:crime_barkPriority.important" nodeLabel="28629901" />
					</IfCondition>
					<IfCondition failOnCondition="false" condition="$selfhelpData.stimulusKind == $enum:crime_stimulusKind.disturbance">
						<IfElseCondition failOnCondition="false" condition="$selfhelpData.information.perceivedWuid == $this.id" saveVersion="2">
							<Then canSkip="1">
								<Function_crime_crimeBark animationApproach="$enum:animationApproach.dontPlayDialogAnimations" canBeDelayed="true" dialogContext="" dramaticBark="false" lookAt="$__player" metarole="&apos;NPC_ROZPOZNALO_VYTRZNIKA_(KAMINEK)&apos;" priority="$enum:crime_barkPriority.important" nodeLabel="30588799" />
							</Then>
							<Else canSkip="1">
								<Function_crime_crimeBark animationApproach="$enum:animationApproach.dontPlayDialogAnimations" canBeDelayed="false" dialogContext="" dramaticBark="false" lookAt="$__player" metarole="&apos;NPC_JE_SVEDKEM_VYTRZNOSTI_UNIVERZAL&apos;" priority="$enum:crime_barkPriority.important" nodeLabel="90503245" />
							</Else>
						</IfElseCondition>
					</IfCondition>
					<IfCondition failOnCondition="false" condition="$selfhelpData.stimulusKind == $enum:crime_stimulusKind.horseTheft">
						<Sequence>
							<LockDynamicInformationValues Information="$selfhelpData.information">
								<GetDynamicInformationValue Information="$selfhelpData.information" Tag="&apos;immediate&apos;" Out="$horseTheft_isImmediate" />
							</LockDynamicInformationValues>
							<IfElseCondition failOnCondition="false" condition="$horseTheft_isImmediate" saveVersion="2">
								<Then canSkip="1">
									<Function_crime_crimeBark animationApproach="$enum:animationApproach.dontPlayDialogAnimations" canBeDelayed="false" dialogContext="" dramaticBark="true" lookAt="$__player" metarole="&apos;NPC_VIDI_HRACE_KRAST_KONE&apos;" priority="$enum:crime_barkPriority.important" nodeLabel="83663076" />
								</Then>
								<Else canSkip="1">
									<Function_crime_crimeBark animationApproach="$enum:animationApproach.dontPlayDialogAnimations" canBeDelayed="false" dialogContext="" dramaticBark="false" lookAt="$__player" metarole="&apos;NPC_VIDI_HRACE_JET_NA_KRADENEM_KONI&apos;" priority="$enum:crime_barkPriority.important" nodeLabel="14551650" />
								</Else>
							</IfElseCondition>
						</Sequence>
					</IfCondition>
					<DefaultBranch>
						<Success />
					</DefaultBranch>
				</Switch>
			</Behavior>
		</Root>
		<ForestContainer />
		<EditorData EventSet="">
			<Variables>
				<Variable name="amIWitness" comment="" />
				<Variable name="attackerHasWeapon" comment="" />
				<Variable name="dialogContext" comment="" />
				<Variable name="horseTheft_isImmediate" comment="" />
				<Variable name="lockType" comment="" />
				<Variable name="metarole" comment="" />
				<Variable name="owner" comment="" />
				<Variable name="trespassCounter" comment="" />
				<Variable name="selfhelpData" comment="" />
			</Variables>
			<ForwardDeclarations />
			<Root editorPosX="-260" editorPosY="410" hasInputBreakpoint="0" comment="" breakpointFlags="0" saveVersion="2">
				<OutputBreakpoints />
				<Behavior>
					<Switch hasInputBreakpoint="0" comment="" breakpointFlags="0">
						<OutputBreakpoints />
						<IfCondition hasInputBreakpoint="0" comment="" breakpointFlags="0">
							<OutputBreakpoints />
							<Function_crime_startBark_freshlyAttributed hasInputBreakpoint="0" comment="" breakpointFlags="0">
								<OutputBreakpoints />
							</Function_crime_startBark_freshlyAttributed>
						</IfCondition>
						<IfCondition hasInputBreakpoint="0" comment="" breakpointFlags="0">
							<OutputBreakpoints />
							<IfElseCondition hasInputBreakpoint="0" comment="" breakpointFlags="0" saveVersion="2">
								<OutputBreakpoints />
								<Then>
									<Success hasInputBreakpoint="0" comment="ask karel" breakpointFlags="0">
										<OutputBreakpoints />
									</Success>
								</Then>
								<Else>
									<Function_crime_startBark_alreadyCriminal hasInputBreakpoint="0" comment="" breakpointFlags="0">
										<OutputBreakpoints />
									</Function_crime_startBark_alreadyCriminal>
								</Else>
							</IfElseCondition>
						</IfCondition>
						<IfCondition hasInputBreakpoint="0" comment="" breakpointFlags="0">
							<OutputBreakpoints />
							<Function_crime_crimeBark hasInputBreakpoint="0" comment="" breakpointFlags="0">
								<OutputBreakpoints />
							</Function_crime_crimeBark>
						</IfCondition>
						<IfCondition hasInputBreakpoint="0" comment="" breakpointFlags="0">
							<OutputBreakpoints />
							<Function_crime_crimeBark hasInputBreakpoint="0" comment="" breakpointFlags="0">
								<OutputBreakpoints />
							</Function_crime_crimeBark>
						</IfCondition>
						<IfCondition hasInputBreakpoint="0" comment="" breakpointFlags="0">
							<OutputBreakpoints />
							<IfCondition hasInputBreakpoint="0" comment="" breakpointFlags="0">
								<OutputBreakpoints />
								<Sequence hasInputBreakpoint="0" comment="" breakpointFlags="0">
									<OutputBreakpoints />
									<Expression hasInputBreakpoint="0" comment="" breakpointFlags="0">
										<OutputBreakpoints />
									</Expression>
									<IfElseCondition hasInputBreakpoint="0" comment="" breakpointFlags="0" saveVersion="2">
										<OutputBreakpoints />
										<Then>
											<Function_crime_getHitMetaroleLabel hasInputBreakpoint="0" comment="" breakpointFlags="0">
												<OutputBreakpoints />
											</Function_crime_getHitMetaroleLabel>
										</Then>
										<Else>
											<Sequence hasInputBreakpoint="0" comment="" breakpointFlags="0">
												<OutputBreakpoints />
												<Function_crime_hasWeaponDrawn hasInputBreakpoint="0" comment="" breakpointFlags="0">
													<OutputBreakpoints />
												</Function_crime_hasWeaponDrawn>
												<IfElseCondition hasInputBreakpoint="0" comment="" breakpointFlags="0" saveVersion="2">
													<OutputBreakpoints />
													<Then>
														<Expression hasInputBreakpoint="0" comment="" breakpointFlags="0">
															<OutputBreakpoints />
														</Expression>
													</Then>
													<Else>
														<Expression hasInputBreakpoint="0" comment="" breakpointFlags="0">
															<OutputBreakpoints />
														</Expression>
													</Else>
												</IfElseCondition>
											</Sequence>
										</Else>
									</IfElseCondition>
									<SuppressFailure hasInputBreakpoint="0" comment="" breakpointFlags="0">
										<OutputBreakpoints />
										<Sequence hasInputBreakpoint="0" comment="" breakpointFlags="0">
											<OutputBreakpoints />
											<IfCondition hasInputBreakpoint="0" comment="" breakpointFlags="0">
												<OutputBreakpoints />
												<Timeout hasInputBreakpoint="0" comment="" breakpointFlags="0">
													<OutputBreakpoints />
													<DialogGate hasInputBreakpoint="0" comment="" breakpointFlags="0">
														<OutputBreakpoints />
														<Success hasInputBreakpoint="0" comment="" breakpointFlags="0">
															<OutputBreakpoints />
														</Success>
													</DialogGate>
												</Timeout>
											</IfCondition>
											<Function_crime_crimeBark hasInputBreakpoint="0" comment="" breakpointFlags="0">
												<OutputBreakpoints />
											</Function_crime_crimeBark>
										</Sequence>
									</SuppressFailure>
								</Sequence>
							</IfCondition>
						</IfCondition>
						<IfCondition hasInputBreakpoint="0" comment="" breakpointFlags="0">
							<OutputBreakpoints />
							<Switch hasInputBreakpoint="0" comment="" breakpointFlags="0">
								<OutputBreakpoints />
								<IfCondition hasInputBreakpoint="0" comment="" breakpointFlags="0">
									<OutputBreakpoints />
									<Function_crime_crimeBark hasInputBreakpoint="0" comment="" breakpointFlags="0">
										<OutputBreakpoints />
									</Function_crime_crimeBark>
								</IfCondition>
								<DefaultBranch>
									<Function_crime_crimeBark hasInputBreakpoint="0" comment="" breakpointFlags="0">
										<OutputBreakpoints />
									</Function_crime_crimeBark>
								</DefaultBranch>
							</Switch>
						</IfCondition>
						<IfCondition hasInputBreakpoint="0" comment="" breakpointFlags="0">
							<OutputBreakpoints />
							<Function_crime_crimeBark hasInputBreakpoint="0" comment="" breakpointFlags="0">
								<OutputBreakpoints />
							</Function_crime_crimeBark>
						</IfCondition>
						<IfCondition hasInputBreakpoint="0" comment="" breakpointFlags="0">
							<OutputBreakpoints />
							<Sequence hasInputBreakpoint="0" comment="" breakpointFlags="0">
								<OutputBreakpoints />
								<LockDynamicInformationValues hasInputBreakpoint="0" comment="" breakpointFlags="0">
									<OutputBreakpoints />
									<Sequence hasInputBreakpoint="0" comment="" breakpointFlags="0">
										<OutputBreakpoints />
										<GetDynamicInformationValue hasInputBreakpoint="0" comment="" breakpointFlags="0">
											<OutputBreakpoints />
										</GetDynamicInformationValue>
										<GetDynamicInformationValue hasInputBreakpoint="0" comment="" breakpointFlags="0">
											<OutputBreakpoints />
										</GetDynamicInformationValue>
									</Sequence>
								</LockDynamicInformationValues>
								<EntityContextCheck hasInputBreakpoint="0" comment="" breakpointFlags="0" saveVersion="2">
									<OutputBreakpoints />
									<Then>
										<Expression hasInputBreakpoint="0" comment="" breakpointFlags="0">
											<OutputBreakpoints />
										</Expression>
									</Then>
									<Else>
										<IfElseCondition hasInputBreakpoint="0" comment="" breakpointFlags="0" saveVersion="2">
											<OutputBreakpoints />
											<Then>
												<Expression hasInputBreakpoint="0" comment="" breakpointFlags="0">
													<OutputBreakpoints />
												</Expression>
											</Then>
											<Else>
												<Expression hasInputBreakpoint="0" comment="" breakpointFlags="0">
													<OutputBreakpoints />
												</Expression>
											</Else>
										</IfElseCondition>
									</Else>
								</EntityContextCheck>
								<IfElseCondition hasInputBreakpoint="0" comment="" breakpointFlags="0" saveVersion="2">
									<OutputBreakpoints />
									<Then>
										<Expression hasInputBreakpoint="0" comment="" breakpointFlags="0">
											<OutputBreakpoints />
										</Expression>
									</Then>
									<Else>
										<Expression hasInputBreakpoint="0" comment="" breakpointFlags="0">
											<OutputBreakpoints />
										</Expression>
									</Else>
								</IfElseCondition>
								<Function_crime_crimeBark hasInputBreakpoint="0" comment="" breakpointFlags="0">
									<OutputBreakpoints />
								</Function_crime_crimeBark>
							</Sequence>
						</IfCondition>
						<IfCondition hasInputBreakpoint="0" comment="" breakpointFlags="0">
							<OutputBreakpoints />
							<Function_crime_startBark_murder hasInputBreakpoint="0" comment="" breakpointFlags="0">
								<OutputBreakpoints />
							</Function_crime_startBark_murder>
						</IfCondition>
						<IfCondition hasInputBreakpoint="0" comment="" breakpointFlags="0">
							<OutputBreakpoints />
							<Sequence hasInputBreakpoint="0" comment="" breakpointFlags="0">
								<OutputBreakpoints />
								<LockDynamicInformationValues hasInputBreakpoint="0" comment="" breakpointFlags="0">
									<OutputBreakpoints />
									<GetDynamicInformationValue hasInputBreakpoint="0" comment="" breakpointFlags="0">
										<OutputBreakpoints />
									</GetDynamicInformationValue>
								</LockDynamicInformationValues>
								<IfElseCondition hasInputBreakpoint="0" comment="" breakpointFlags="0" saveVersion="2">
									<OutputBreakpoints />
									<Then>
										<Function_crime_crimeBark hasInputBreakpoint="0" comment="" breakpointFlags="0">
											<OutputBreakpoints />
										</Function_crime_crimeBark>
									</Then>
									<Else>
										<Function_crime_crimeBark hasInputBreakpoint="0" comment="" breakpointFlags="0">
											<OutputBreakpoints />
										</Function_crime_crimeBark>
									</Else>
								</IfElseCondition>
							</Sequence>
						</IfCondition>
						<IfCondition hasInputBreakpoint="0" comment="" breakpointFlags="0">
							<OutputBreakpoints />
							<IfCondition hasInputBreakpoint="0" comment="" breakpointFlags="0">
								<OutputBreakpoints />
								<Function_crime_startBark_theft hasInputBreakpoint="0" comment="" breakpointFlags="0">
									<OutputBreakpoints />
								</Function_crime_startBark_theft>
							</IfCondition>
						</IfCondition>
						<IfCondition hasInputBreakpoint="0" comment="" breakpointFlags="0">
							<OutputBreakpoints />
							<Function_crime_crimeBark hasInputBreakpoint="0" comment="" breakpointFlags="0">
								<OutputBreakpoints />
							</Function_crime_crimeBark>
						</IfCondition>
						<IfCondition hasInputBreakpoint="0" comment="" breakpointFlags="0">
							<OutputBreakpoints />
							<Function_crime_crimeBark hasInputBreakpoint="0" comment="" breakpointFlags="0">
								<OutputBreakpoints />
							</Function_crime_crimeBark>
						</IfCondition>
						<IfCondition hasInputBreakpoint="0" comment="" breakpointFlags="0">
							<OutputBreakpoints />
							<IfElseCondition hasInputBreakpoint="0" comment="" breakpointFlags="0" saveVersion="2">
								<OutputBreakpoints />
								<Then>
									<Function_crime_crimeBark hasInputBreakpoint="0" comment="" breakpointFlags="0">
										<OutputBreakpoints />
									</Function_crime_crimeBark>
								</Then>
								<Else>
									<Function_crime_trespass_playerEnteredBark hasInputBreakpoint="0" comment="" breakpointFlags="0">
										<OutputBreakpoints />
									</Function_crime_trespass_playerEnteredBark>
								</Else>
							</IfElseCondition>
						</IfCondition>
						<IfCondition hasInputBreakpoint="0" comment="" breakpointFlags="0">
							<OutputBreakpoints />
							<Function_crime_crimeBark hasInputBreakpoint="0" comment="" breakpointFlags="0">
								<OutputBreakpoints />
							</Function_crime_crimeBark>
						</IfCondition>
						<IfCondition hasInputBreakpoint="0" comment="" breakpointFlags="0">
							<OutputBreakpoints />
							<IfElseCondition hasInputBreakpoint="0" comment="" breakpointFlags="0" saveVersion="2">
								<OutputBreakpoints />
								<Then>
									<Function_crime_crimeBark hasInputBreakpoint="0" comment="" breakpointFlags="0">
										<OutputBreakpoints />
									</Function_crime_crimeBark>
								</Then>
								<Else>
									<Function_crime_crimeBark hasInputBreakpoint="0" comment="" breakpointFlags="0">
										<OutputBreakpoints />
									</Function_crime_crimeBark>
								</Else>
							</IfElseCondition>
						</IfCondition>
						<IfCondition hasInputBreakpoint="0" comment="" breakpointFlags="0">
							<OutputBreakpoints />
							<Sequence hasInputBreakpoint="0" comment="" breakpointFlags="0">
								<OutputBreakpoints />
								<LockDynamicInformationValues hasInputBreakpoint="0" comment="" breakpointFlags="0">
									<OutputBreakpoints />
									<GetDynamicInformationValue hasInputBreakpoint="0" comment="" breakpointFlags="0">
										<OutputBreakpoints />
									</GetDynamicInformationValue>
								</LockDynamicInformationValues>
								<IfElseCondition hasInputBreakpoint="0" comment="" breakpointFlags="0" saveVersion="2">
									<OutputBreakpoints />
									<Then>
										<Function_crime_crimeBark hasInputBreakpoint="0" comment="" breakpointFlags="0">
											<OutputBreakpoints />
										</Function_crime_crimeBark>
									</Then>
									<Else>
										<Function_crime_crimeBark hasInputBreakpoint="0" comment="" breakpointFlags="0">
											<OutputBreakpoints />
										</Function_crime_crimeBark>
									</Else>
								</IfElseCondition>
							</Sequence>
						</IfCondition>
						<DefaultBranch>
							<Success hasInputBreakpoint="0" comment="" breakpointFlags="0">
								<OutputBreakpoints />
							</Success>
						</DefaultBranch>
					</Switch>
				</Behavior>
			</Root>
			<Forest />
			<Comments />
		</EditorData>
	</BehaviorTree>
</BehaviorTrees>