<?xml version="1.0" encoding="us-ascii"?>
<BehaviorTrees>
  <BehaviorTree name="crime_watchCampTrespass_startBark" is_function="1">
    <Variables>
      <Variable name="metarole" type="_string" values="&apos;CAMPER_VYHANI_HRACE_PRVNI_VYZVA&apos;" isPersistent="0" form="single" />
      <Variable name="now" type="_int64" values="" isPersistent="0" form="single" />
      <Variable name="npcCooldowns" type="crime:npcCooldowns" values="" isPersistent="0" form="single" />
    </Variables>
    <Parameters>
      <Variable name="counter" type="_int" values="" isPersistent="0" form="single" requirementType="ConstReference" />
      <Variable name="home" type="_wuid" values="" isPersistent="0" form="single" requirementType="ConstReference" />
    </Parameters>
    <Root OneTimeOnly="false" FailState="Recoverable" saveVersion="2">
      <Behavior canSkip="1">
        <Sequence>
          <IfElseCondition failOnCondition="false" condition="$counter &gt; 1" saveVersion="2">
            <Then canSkip="1">
              <Expression expressions="$metarole = &apos;CAMPER_VYHANI_HRACE_PRVNI_VYZVA_ZNOVU&apos;" />
            </Then>
            <Else canSkip="1">
              <Sequence>
                <GraphSearch Origin="$this.id" Borders="" depth="1" selection="true" SearchPattern="Depth" EdgePruning="&apos;parent,inventory&apos;" AllowedEdges="" SubGraph="" AllowSubtraph="false" includeOrigin="false" excludeOrigin="false" failOnEmpty="false" SetOperationChoice="Intersection|And" errorOnEmpty="false" shortCircuit="false" skipTraversed="true">
                  <LinkTagFilter tag="&apos;crime_npcCooldowns&apos;" prune="true" negprune="unknown" Parent="" Child="" Data="$npcCooldowns" />
                </GraphSearch>
                <GetTime TimeType="GameTime" OutVar="$now" Delta="" />
                <IfCondition failOnCondition="false" condition="( &#10; $npcCooldowns.resolve_evade.time &gt; $now - $data:script_param[&apos;combat_surrenderCooldownPublicEnemy&apos;].value * 5 &#10; &amp; $npcCooldowns.resolve_evade.time ~= 0 &#10;) | &#10;( &#10; $npcCooldowns.resolve_sucess.time &gt; $now - $data:script_param[&apos;combat_surrenderCooldownPublicEnemy&apos;].value * 5 &#10; &amp; $npcCooldowns.resolve_sucess.time ~= 0 &#10;)">
                  <Expression expressions="$metarole = &apos;CAMPER_VYHANI_HRACE_PRVNI_VYZVA_ZNOVU&apos;" />
                </IfCondition>
              </Sequence>
            </Else>
          </IfElseCondition>
          <Function_crime_crimeBark animationApproach="$enum:animationApproach.dontPlayDialogAnimations" canBeDelayed="false" dialogContext="" dramaticBark="true" lookAt="$__player" metarole="$metarole" priority="$enum:crime_barkPriority.addressingPlayer" nodeLabel="35530810" />
        </Sequence>
      </Behavior>
    </Root>
    <ForestContainer />
    <EditorData EventSet="">
      <Variables>
        <Variable name="metarole" comment="" />
        <Variable name="now" comment="" />
        <Variable name="npcCooldowns" comment="" />
        <Variable name="counter" comment="" />
        <Variable name="home" comment="" />
      </Variables>
      <ForwardDeclarations />
      <Root hasInputBreakpoint="0" comment="" breakpointFlags="0" saveVersion="2">
        <OutputBreakpoints />
        <Behavior>
          <Sequence hasInputBreakpoint="0" comment="" breakpointFlags="0">
            <OutputBreakpoints />
            <IfElseCondition hasInputBreakpoint="0" comment="" breakpointFlags="0" saveVersion="2">
              <OutputBreakpoints />
              <Then>
                <Expression hasInputBreakpoint="0" comment="" breakpointFlags="0">
                  <OutputBreakpoints />
                </Expression>
              </Then>
              <Else>
                <Sequence hasInputBreakpoint="0" comment="" breakpointFlags="0">
                  <OutputBreakpoints />
                  <GraphSearch hasInputBreakpoint="0" comment="" breakpointFlags="0">
                    <OutputBreakpoints />
                    <LinkTagFilter hasInputBreakpoint="0" comment="" breakpointFlags="0">
                      <OutputBreakpoints />
                    </LinkTagFilter>
                  </GraphSearch>
                  <GetTime hasInputBreakpoint="0" comment="" breakpointFlags="0">
                    <OutputBreakpoints />
                  </GetTime>
                  <IfCondition hasInputBreakpoint="0" comment="" breakpointFlags="0">
                    <OutputBreakpoints />
                    <Expression hasInputBreakpoint="0" comment="" breakpointFlags="0">
                      <OutputBreakpoints />
                    </Expression>
                  </IfCondition>
                </Sequence>
              </Else>
            </IfElseCondition>
            <Function_crime_crimeBark hasInputBreakpoint="0" comment="" breakpointFlags="0">
              <OutputBreakpoints />
            </Function_crime_crimeBark>
          </Sequence>
        </Behavior>
      </Root>
      <Forest />
      <Comments />
    </EditorData>
  </BehaviorTree>
</BehaviorTrees>