<?xml version="1.0" encoding="us-ascii"?>
<BehaviorTrees>
  <BehaviorTree name="defaultHorse" is_function="0">
    <Variables />
    <Root OneTimeOnly="false" FailState="Recoverable" saveVersion="2">
      <Behavior canSkip="1">
        <Success />
      </Behavior>
    </Root>
    <ForestContainer />
    <EditorData EventSet="">
      <Variables />
      <ForwardDeclarations />
      <Root hasInputBreakpoint="0" comment="" breakpointFlags="0" saveVersion="2">
        <OutputBreakpoints />
        <Behavior>
          <Success hasInputBreakpoint="0" comment="" breakpointFlags="0">
            <OutputBreakpoints />
          </Success>
        </Behavior>
      </Root>
      <Forest />
      <Comments />
    </EditorData>
  </BehaviorTree>
</BehaviorTrees>