<?xml version="1.0" encoding="us-ascii"?>
<BehaviorTrees>
  <BehaviorTree name="crime_addArrestEscalation" is_function="1">
    <Variables>
      <Variable name="escalationData" type="crime:arrestEscalation" values="" isPersistent="0" form="single" />
    </Variables>
    <Parameters>
      <Variable name="npc" type="_wuid" values="$this.id" isPersistent="0" form="single" requirementType="In" />
      <Variable name="reset" type="_bool" values="" isPersistent="0" form="single" requirementType="In" />
    </Parameters>
    <Root OneTimeOnly="false" FailState="Recoverable" saveVersion="2">
      <Behavior canSkip="1">
        <ErrorNode Message="&apos;Function is obsolete. Use its code successor.&apos;" />
      </Behavior>
    </Root>
    <ForestContainer>
        <IfElseCondition failOnCondition="false" condition="$reset" saveVersion="2">
          <Then canSkip="1">
            <RemoveLink From="$__player" To="$npc" Tag="&apos;crime_arrestEscalation&apos;" LinkOpHandleMode="Success" />
          </Then>
          <Else canSkip="1">
            <Sequence>
              <GetTime TimeType="GameTime" OutVar="$escalationData.timestamp" Delta="" />
              <AddLink From="$__player" To="$npc" Tag="&apos;crime_arrestEscalation&apos;" Data="$escalationData" LinkOpHandleMode="OverWrite" />
            </Sequence>
          </Else>
        </IfElseCondition>
    </ForestContainer>
    <EditorData EventSet="">
      <Variables>
        <Variable name="escalationData" comment="" />
        <Variable name="npc" comment="" />
        <Variable name="reset" comment="" />
      </Variables>
      <ForwardDeclarations />
      <Root hasInputBreakpoint="0" comment="" breakpointFlags="0" saveVersion="2">
        <OutputBreakpoints />
        <Behavior>
          <ErrorNode hasInputBreakpoint="0" comment="" breakpointFlags="0">
            <OutputBreakpoints />
          </ErrorNode>
        </Behavior>
      </Root>
      <Forest>
        <IfElseCondition editorPosX="250" editorPosY="220" hasInputBreakpoint="0" comment="" breakpointFlags="0" saveVersion="2">
          <OutputBreakpoints />
            <Then>
              <RemoveLink hasInputBreakpoint="0" comment="" breakpointFlags="0">
                <OutputBreakpoints />
              </RemoveLink>
            </Then>
            <Else>
              <Sequence hasInputBreakpoint="0" comment="" breakpointFlags="0">
                <OutputBreakpoints />
                <GetTime hasInputBreakpoint="0" comment="" breakpointFlags="0">
                  <OutputBreakpoints />
                </GetTime>
                <AddLink hasInputBreakpoint="0" comment="" breakpointFlags="0">
                  <OutputBreakpoints />
                </AddLink>
              </Sequence>
            </Else>
          </IfElseCondition>
      </Forest>
      <Comments />
    </EditorData>
  </BehaviorTree>
</BehaviorTrees>