<?xml version="1.0" encoding="us-ascii"?>
<BehaviorTrees>
	<BehaviorTree name="crime_addCorpseLink" is_function="1">
		<Variables>
			<Variable name="corpseData" type="crime:corpseData" values="" isPersistent="0" form="single" />
		</Variables>
		<Parameters>
			<Variable name="corpse" type="_wuid" values="" isPersistent="0" form="single" requirementType="In" />
			<Variable name="corpseState" type="enum:corpseState" values="$enum:corpseState.undiscovered" isPersistent="0" form="single" requirementType="In" />
			<Variable name="mateReacting" type="_bool" values="" isPersistent="0" form="single" requirementType="In" />
			<Variable name="resolve" type="_bool" values="" isPersistent="0" form="single" requirementType="In" />
			<Variable name="storeTime" type="_bool" values="" isPersistent="0" form="single" requirementType="In" />
		</Parameters>
		<Root OneTimeOnly="false" FailState="Recoverable" saveVersion="2">
			<Behavior canSkip="1">
				<CheckWuidValid wuid="$corpse" FailSubtMissing="false" saveVersion="2">
					<Then canSkip="1">
						<Sequence>
							<SuppressFailure>
								<GraphSearch Origin="$corpse" Borders="" depth="1" selection="true" SearchPattern="Depth" EdgePruning="&apos;parent,inventory&apos;" AllowedEdges="" SubGraph="" AllowSubtraph="false" includeOrigin="false" excludeOrigin="false" failOnEmpty="true" SetOperationChoice="Intersection|And" errorOnEmpty="false" shortCircuit="false" skipTraversed="true">
									<LinkTagFilter tag="&apos;switch_corpse&apos;" prune="true" negprune="unknown" Parent="" Child="" Data="$corpseData" />
								</GraphSearch>
							</SuppressFailure>
							<Sequence>
								<Expression expressions="$corpseData.resolved = corpseData.resolved | $resolve &#10;$corpseData.mateChecked = $corpseData.mateChecked | $mateReacting &#10;$corpseData.state = $corpseState &gt; $corpseData.state ? $corpseState : $corpseData.state" />
								<IfCondition failOnCondition="false" condition="$storeTime">
									<GetTime TimeType="GameTime" OutVar="$corpseData.timeOfDeath" Delta="" />
								</IfCondition>
								<AddLink From="$corpse" To="$corpse" Tag="&apos;switch_corpse&apos;" Data="$corpseData" LinkOpHandleMode="OverWrite" />
							</Sequence>
							<IfCondition failOnCondition="false" condition="$corpseData.state &gt; $enum:corpseState.undiscovered &amp; &#10;$corpseData.state &lt; $enum:corpseState.cleared">
								<DiscoverBody DeadSoulId="$corpse" />
							</IfCondition>
						</Sequence>
					</Then>
				</CheckWuidValid>
			</Behavior>
		</Root>
		<ForestContainer />
		<EditorData EventSet="">
			<Variables>
				<Variable name="corpseData" comment="" />
				<Variable name="corpse" comment="" />
				<Variable name="corpseState" comment="" />
				<Variable name="mateReacting" comment="" />
				<Variable name="resolve" comment="" />
				<Variable name="storeTime" comment="" />
			</Variables>
			<ForwardDeclarations />
			<Root editorPosX="-150" hasInputBreakpoint="0" comment="" breakpointFlags="0" saveVersion="2">
				<OutputBreakpoints />
				<Behavior>
					<CheckWuidValid hasInputBreakpoint="0" comment="" breakpointFlags="0" saveVersion="2">
						<OutputBreakpoints />
						<Then>
							<Sequence hasInputBreakpoint="0" comment="" breakpointFlags="0">
								<OutputBreakpoints />
								<SuppressFailure hasInputBreakpoint="0" comment="" breakpointFlags="0">
									<OutputBreakpoints />
									<GraphSearch hasInputBreakpoint="0" comment="" breakpointFlags="0">
										<OutputBreakpoints />
										<LinkTagFilter hasInputBreakpoint="0" comment="" breakpointFlags="0">
											<OutputBreakpoints />
										</LinkTagFilter>
									</GraphSearch>
								</SuppressFailure>
								<Sequence hasInputBreakpoint="0" comment="" breakpointFlags="0">
									<OutputBreakpoints />
									<Expression hasInputBreakpoint="0" comment="" breakpointFlags="0">
										<OutputBreakpoints />
									</Expression>
									<IfCondition hasInputBreakpoint="0" comment="" breakpointFlags="0">
										<OutputBreakpoints />
										<GetTime hasInputBreakpoint="0" comment="" breakpointFlags="0">
											<OutputBreakpoints />
										</GetTime>
									</IfCondition>
									<AddLink hasInputBreakpoint="0" comment="" breakpointFlags="0">
										<OutputBreakpoints />
									</AddLink>
								</Sequence>
								<IfCondition hasInputBreakpoint="0" comment="" breakpointFlags="0">
									<OutputBreakpoints />
									<DiscoverBody hasInputBreakpoint="0" comment="" breakpointFlags="0">
										<OutputBreakpoints />
									</DiscoverBody>
								</IfCondition>
							</Sequence>
						</Then>
					</CheckWuidValid>
				</Behavior>
			</Root>
			<Forest />
			<Comments />
		</EditorData>
	</BehaviorTree>
</BehaviorTrees>