<?xml version="1.0" encoding="us-ascii"?>
<BehaviorTrees>
	<BehaviorTree name="crime_addEyeWitness" is_function="1">
		<Variables>
			<Variable name="eyeWitnesses" type="_wuid" values="" isPersistent="0" form="array" />
		</Variables>
		<Parameters>
			<Variable name="information" type="information" values="" isPersistent="0" form="single" requirementType="In" />
			<Variable name="npc" type="_wuid" values="$this.id" isPersistent="0" form="single" requirementType="In" />
		</Parameters>
		<Root OneTimeOnly="false" FailState="Recoverable" saveVersion="2">
			<Behavior canSkip="1">
				<LockDynamicInformationValues Information="$information">
					<Sequence>
						<Selector>
							<GetDynamicInformationValue Information="$information" Tag="&apos;eyeWitnesses&apos;" Out="$eyeWitnesses" />
							<ReinitVariable variable="$eyeWitnesses" />
						</Selector>
						<Expression expressions="$eyeWitnesses[#eyeWitnesses] = $npc" />
						<SetDynamicInformationValue Information="$information" Tag="&apos;eyeWitnesses&apos;" Variable="$eyeWitnesses" Type="" Value="" />
					</Sequence>
				</LockDynamicInformationValues>
			</Behavior>
		</Root>
		<ForestContainer />
		<EditorData EventSet="">
			<Variables>
				<Variable name="eyeWitnesses" comment="" />
				<Variable name="information" comment="" />
				<Variable name="npc" comment="" />
			</Variables>
			<ForwardDeclarations />
			<Root hasInputBreakpoint="0" comment="" breakpointFlags="0" saveVersion="2">
				<OutputBreakpoints />
				<Behavior>
					<LockDynamicInformationValues hasInputBreakpoint="0" comment="" breakpointFlags="0">
						<OutputBreakpoints />
						<Sequence hasInputBreakpoint="0" comment="" breakpointFlags="0">
							<OutputBreakpoints />
							<Selector hasInputBreakpoint="0" comment="" breakpointFlags="0">
								<OutputBreakpoints />
								<GetDynamicInformationValue hasInputBreakpoint="0" comment="" breakpointFlags="0">
									<OutputBreakpoints />
								</GetDynamicInformationValue>
								<ReinitVariable hasInputBreakpoint="0" comment="" breakpointFlags="0">
									<OutputBreakpoints />
								</ReinitVariable>
							</Selector>
							<Expression hasInputBreakpoint="0" comment="" breakpointFlags="0">
								<OutputBreakpoints />
							</Expression>
							<SetDynamicInformationValue hasInputBreakpoint="0" comment="" breakpointFlags="0">
								<OutputBreakpoints />
							</SetDynamicInformationValue>
						</Sequence>
					</LockDynamicInformationValues>
				</Behavior>
			</Root>
			<Forest />
			<Comments />
		</EditorData>
	</BehaviorTree>
</BehaviorTrees>