<?xml version="1.0" encoding="us-ascii"?>
<BehaviorTrees>
  <BehaviorTree name="crime_addExpectedEffectToHome" is_function="1">
    <Variables>
      <Variable name="areas" type="_wuid" values="" isPersistent="0" form="array" />
      <Variable name="areas_value" type="_wuid" values="" isPersistent="0" form="single" />
      <Variable name="doors" type="_wuid" values="" isPersistent="0" form="array" />
      <Variable name="doors_value" type="_wuid" values="" isPersistent="0" form="single" />
    </Variables>
    <Parameters>
      <Variable name="home" type="_wuid" values="" isPersistent="0" form="single" requirementType="ConstReference" />
    </Parameters>
    <Root OneTimeOnly="false" FailState="Recoverable" saveVersion="2">
      <Behavior canSkip="1">
        <Sequence>
          <Function_crime_getHomeAreas home="$home" areas="$areas" nodeLabel="42840708" />
          <ForEach startIndex="0" step="1" array="$areas" iterator="" value="$areas_value" break="">
            <AddAreaLabel Area="$areas_value" Label="&apos;expected&apos;" />
          </ForEach>
          <Function_crime_getHomeDoors excludeStorageType="true" home="$home" doors="$doors" nodeLabel="23260719" />
          <ForEach startIndex="0" step="1" array="$doors" iterator="" value="$doors_value" break="">
            <Sequence>
              <AddLink From="$doors_value" To="$doors_value" Tag="&apos;keepDoorUnlocked&apos;" Data="" LinkOpHandleMode="OverWrite" />
              <ExecuteLua code="XGenAIModule.GetEntityByWUID(data.doors_value):Unlock()" />
            </Sequence>
          </ForEach>
        </Sequence>
      </Behavior>
    </Root>
    <ForestContainer />
    <EditorData EventSet="">
      <Variables>
        <Variable name="areas" comment="" />
        <Variable name="areas_value" comment="" />
        <Variable name="doors" comment="" />
        <Variable name="doors_value" comment="" />
        <Variable name="home" comment="" />
      </Variables>
      <ForwardDeclarations />
      <Root hasInputBreakpoint="0" comment="" breakpointFlags="0" saveVersion="2">
        <OutputBreakpoints />
        <Behavior>
          <Sequence hasInputBreakpoint="0" comment="" breakpointFlags="0">
            <OutputBreakpoints />
            <Function_crime_getHomeAreas hasInputBreakpoint="0" comment="" breakpointFlags="0">
              <OutputBreakpoints />
            </Function_crime_getHomeAreas>
            <ForEach hasInputBreakpoint="0" comment="" breakpointFlags="0">
              <OutputBreakpoints />
              <AddAreaLabel hasInputBreakpoint="0" comment="" breakpointFlags="0">
                <OutputBreakpoints />
              </AddAreaLabel>
            </ForEach>
            <Function_crime_getHomeDoors hasInputBreakpoint="0" comment="" breakpointFlags="0">
              <OutputBreakpoints />
            </Function_crime_getHomeDoors>
            <ForEach hasInputBreakpoint="0" comment="" breakpointFlags="0">
              <OutputBreakpoints />
              <Sequence hasInputBreakpoint="0" comment="" breakpointFlags="0">
                <OutputBreakpoints />
                <AddLink hasInputBreakpoint="0" comment="" breakpointFlags="0">
                  <OutputBreakpoints />
                </AddLink>
                <ExecuteLua hasInputBreakpoint="0" comment="" breakpointFlags="0">
                  <OutputBreakpoints />
                </ExecuteLua>
              </Sequence>
            </ForEach>
          </Sequence>
        </Behavior>
      </Root>
      <Forest />
      <Comments />
    </EditorData>
  </BehaviorTree>
</BehaviorTrees>