<?xml version="1.0" encoding="us-ascii"?>
<BehaviorTrees>
	<BehaviorTree name="crime_addFriskCooldown" is_function="1">
		<Variables>
			<Variable name="globalCooldowns" type="crime:globalCooldowns" values="" isPersistent="0" form="single" />
		</Variables>
		<Root OneTimeOnly="false" FailState="Recoverable" saveVersion="2">
			<Behavior canSkip="1">
				<Sequence>
					<GraphSearch Origin="$__player" Borders="" depth="1" selection="true" SearchPattern="Depth" EdgePruning="&apos;parent,inventory&apos;" AllowedEdges="" SubGraph="" AllowSubtraph="false" includeOrigin="false" excludeOrigin="false" failOnEmpty="false" SetOperationChoice="Intersection|And" errorOnEmpty="false" shortCircuit="false" skipTraversed="true">
						<LinkTagFilter tag="&apos;crime_globalCooldowns&apos;" prune="true" negprune="unknown" Parent="" Child="" Data="$globalCooldowns" />
					</GraphSearch>
					<GetTime TimeType="GameTime" OutVar="$globalCooldowns.lastFriskTimestamp" Delta="" />
					<AddLink From="$__player" To="$__player" Tag="&apos;crime_globalCooldowns&apos;" Data="$globalCooldowns" LinkOpHandleMode="OverWrite" />
				</Sequence>
			</Behavior>
		</Root>
		<ForestContainer />
		<EditorData EventSet="">
			<Variables>
				<Variable name="globalCooldowns" comment="" />
			</Variables>
			<ForwardDeclarations />
			<Root hasInputBreakpoint="0" comment="" breakpointFlags="0" saveVersion="2">
				<OutputBreakpoints />
				<Behavior>
					<Sequence hasInputBreakpoint="0" comment="" breakpointFlags="0">
						<OutputBreakpoints />
						<GraphSearch hasInputBreakpoint="0" comment="" breakpointFlags="0">
							<OutputBreakpoints />
							<LinkTagFilter hasInputBreakpoint="0" comment="" breakpointFlags="0">
								<OutputBreakpoints />
							</LinkTagFilter>
						</GraphSearch>
						<GetTime hasInputBreakpoint="0" comment="" breakpointFlags="0">
							<OutputBreakpoints />
						</GetTime>
						<AddLink hasInputBreakpoint="0" comment="" breakpointFlags="0">
							<OutputBreakpoints />
						</AddLink>
					</Sequence>
				</Behavior>
			</Root>
			<Forest />
			<Comments />
		</EditorData>
	</BehaviorTree>
</BehaviorTrees>