<?xml version="1.0" encoding="us-ascii"?>
<BehaviorTrees>
  <BehaviorTree name="crime_addResolveCooldown" is_function="1">
    <Variables>
      <Variable name="nearbyNpcs_value" type="_wuid" values="" isPersistent="0" form="single" />
      <Variable name="now" type="_int64" values="" isPersistent="0" form="single" />
      <Variable name="npcCooldowns" type="crime:npcCooldowns" values="" isPersistent="0" form="single" />
    </Variables>
    <Parameters>
      <Variable name="isSuccess" type="_bool" values="" isPersistent="0" form="single" requirementType="In" />
      <Variable name="nearbyNpcs" type="_wuid" values="" isPersistent="0" form="array" requirementType="In" />
    </Parameters>
    <Root OneTimeOnly="false" FailState="Recoverable" saveVersion="2">
      <Behavior canSkip="1">
        <Sequence>
          <GetTime TimeType="GameTime" OutVar="$now" Delta="" />
          <ForEach startIndex="0" step="1" array="$nearbyNpcs" iterator="" value="$nearbyNpcs_value" break="">
            <Sequence>
              <ReinitVariable variable="$npcCooldowns" />
              <GraphSearch Origin="$nearbyNpcs_value" Borders="" depth="1" selection="true" SearchPattern="Depth" EdgePruning="&apos;parent,inventory&apos;" AllowedEdges="" SubGraph="" AllowSubtraph="false" includeOrigin="false" excludeOrigin="false" failOnEmpty="false" SetOperationChoice="Intersection|And" errorOnEmpty="false" shortCircuit="false" skipTraversed="true">
                <WUIDFilter WUID="$nearbyNpcs_value" Source="Child" prune="true" negprune="unknown" Parent="" Child="" />
                <LinkTagFilter tag="&apos;crime_npcCooldowns&apos;" prune="true" negprune="unknown" Parent="" Child="" Data="" />
                <Datalyzer Tag="&apos;crime_npcCooldowns&apos;" Quantifiers="Exists" Parent="" Child="" Data="$npcCooldowns" saveVersion="2" />
              </GraphSearch>
              <IfElseCondition failOnCondition="false" condition="$isSuccess" saveVersion="2">
                <Then canSkip="1">
                  <Expression expressions="$npcCooldowns.resolve_sucess.time = $now" />
                </Then>
                <Else canSkip="1">
                  <Expression expressions="$npcCooldowns.resolve_evade.time = $now" />
                </Else>
              </IfElseCondition>
              <AddLink From="$nearbyNpcs_value" To="$nearbyNpcs_value" Tag="&apos;crime_npcCooldowns&apos;" Data="$npcCooldowns" LinkOpHandleMode="OverWrite" />
            </Sequence>
          </ForEach>
        </Sequence>
      </Behavior>
    </Root>
    <ForestContainer />
    <EditorData EventSet="">
      <Variables>
        <Variable name="nearbyNpcs_value" comment="" />
        <Variable name="now" comment="" />
        <Variable name="npcCooldowns" comment="" />
        <Variable name="isSuccess" comment="" />
        <Variable name="nearbyNpcs" comment="" />
      </Variables>
      <ForwardDeclarations />
      <Root hasInputBreakpoint="0" comment="" breakpointFlags="0" saveVersion="2">
        <OutputBreakpoints />
        <Behavior>
          <Sequence hasInputBreakpoint="0" comment="" breakpointFlags="0">
            <OutputBreakpoints />
            <GetTime hasInputBreakpoint="0" comment="" breakpointFlags="0">
              <OutputBreakpoints />
            </GetTime>
            <ForEach hasInputBreakpoint="0" comment="" breakpointFlags="0">
              <OutputBreakpoints />
              <Sequence hasInputBreakpoint="0" comment="" breakpointFlags="0">
                <OutputBreakpoints />
                <ReinitVariable hasInputBreakpoint="0" comment="" breakpointFlags="0">
                  <OutputBreakpoints />
                </ReinitVariable>
                <GraphSearch hasInputBreakpoint="0" comment="" breakpointFlags="0">
                  <OutputBreakpoints />
                  <WUIDFilter hasInputBreakpoint="0" comment="" breakpointFlags="0">
                    <OutputBreakpoints />
                  </WUIDFilter>
                  <LinkTagFilter hasInputBreakpoint="0" comment="" breakpointFlags="0">
                    <OutputBreakpoints />
                  </LinkTagFilter>
                  <Datalyzer hasInputBreakpoint="0" comment="" breakpointFlags="0" saveVersion="2">
                    <OutputBreakpoints />
                  </Datalyzer>
                </GraphSearch>
                <IfElseCondition hasInputBreakpoint="0" comment="" breakpointFlags="0" saveVersion="2">
                  <OutputBreakpoints />
                  <Then>
                    <Expression hasInputBreakpoint="0" comment="" breakpointFlags="0">
                      <OutputBreakpoints />
                    </Expression>
                  </Then>
                  <Else>
                    <Expression hasInputBreakpoint="0" comment="" breakpointFlags="0">
                      <OutputBreakpoints />
                    </Expression>
                  </Else>
                </IfElseCondition>
                <AddLink hasInputBreakpoint="0" comment="" breakpointFlags="0">
                  <OutputBreakpoints />
                </AddLink>
              </Sequence>
            </ForEach>
          </Sequence>
        </Behavior>
      </Root>
      <Forest />
      <Comments />
    </EditorData>
  </BehaviorTree>
</BehaviorTrees>