<?xml version="1.0" encoding="us-ascii"?>
<BehaviorTrees>
  <BehaviorTree name="crime_addUnconsciousPlayerLink" is_function="1">
    <Variables>
      <Variable name="unconsciousPlayerData" type="crime:unconsciousPlayerData" values="" isPersistent="0" form="single" />
    </Variables>
    <Parameters>
      <Variable name="stolenBoots" type="_bool" values="" isPersistent="0" form="single" requirementType="In" />
      <Variable name="stolenMoney" type="_bool" values="" isPersistent="0" form="single" requirementType="In" />
      <Variable name="teleportedOutOfTrespass" type="_bool" values="" isPersistent="0" form="single" requirementType="In" />
    </Parameters>
    <Root OneTimeOnly="false" FailState="Recoverable" saveVersion="2">
      <Behavior canSkip="1">
        <Sequence>
          <SuppressFailure>
            <GraphSearch Origin="$__player" Borders="" depth="1" selection="true" SearchPattern="Depth" EdgePruning="&apos;parent,inventory&apos;" AllowedEdges="" SubGraph="" AllowSubtraph="false" includeOrigin="false" excludeOrigin="false" failOnEmpty="true" SetOperationChoice="Intersection|And" errorOnEmpty="false" shortCircuit="false" skipTraversed="true">
              <LinkTagFilter tag="&apos;crime_unconsciousPlayer&apos;" prune="true" negprune="unknown" Parent="" Child="" Data="$unconsciousPlayerData" />
            </GraphSearch>
          </SuppressFailure>
          <Expression expressions="$unconsciousPlayerData.moneyStolen = $unconsciousPlayerData.moneyStolen | $stolenMoney &#10;$unconsciousPlayerData.bootsStolen = $unconsciousPlayerData.bootsStolen | $stolenBoots &#10;$unconsciousPlayerData.teleportedOutOfTrespass = $unconsciousPlayerData.teleportedOutOfTrespass | $teleportedOutOfTrespass" />
          <AddLink From="$__player" To="$__player" Tag="&apos;crime_unconsciousPlayer&apos;" Data="$unconsciousPlayerData" LinkOpHandleMode="OverWrite" />
        </Sequence>
      </Behavior>
    </Root>
    <ForestContainer />
    <EditorData EventSet="">
      <Variables>
        <Variable name="unconsciousPlayerData" comment="" />
        <Variable name="stolenBoots" comment="" />
        <Variable name="stolenMoney" comment="" />
        <Variable name="teleportedOutOfTrespass" comment="" />
      </Variables>
      <ForwardDeclarations />
      <Root hasInputBreakpoint="0" comment="" breakpointFlags="0" saveVersion="2">
        <OutputBreakpoints />
        <Behavior>
          <Sequence hasInputBreakpoint="0" comment="" breakpointFlags="0">
            <OutputBreakpoints />
            <SuppressFailure hasInputBreakpoint="0" comment="" breakpointFlags="0">
              <OutputBreakpoints />
              <GraphSearch hasInputBreakpoint="0" comment="" breakpointFlags="0">
                <OutputBreakpoints />
                <LinkTagFilter hasInputBreakpoint="0" comment="" breakpointFlags="0">
                  <OutputBreakpoints />
                </LinkTagFilter>
              </GraphSearch>
            </SuppressFailure>
            <Expression hasInputBreakpoint="0" comment="" breakpointFlags="0">
              <OutputBreakpoints />
            </Expression>
            <AddLink hasInputBreakpoint="0" comment="" breakpointFlags="0">
              <OutputBreakpoints />
            </AddLink>
          </Sequence>
        </Behavior>
      </Root>
      <Forest />
      <Comments />
    </EditorData>
  </BehaviorTree>
</BehaviorTrees>