<?xml version="1.0" encoding="us-ascii"?>
<BehaviorTrees>
  <BehaviorTree name="crime_areaBelongsToHome" is_function="1">
    <Variables />
    <Parameters>
      <Variable name="area" type="_wuid" values="" isPersistent="0" form="single" requirementType="In" />
      <Variable name="areaBelongsToHome" type="_bool" values="" isPersistent="0" form="single" requirementType="Out" />
      <Variable name="home" type="_wuid" values="" isPersistent="0" form="single" requirementType="In" />
    </Parameters>
    <Root OneTimeOnly="false" FailState="Recoverable" saveVersion="2">
      <Behavior canSkip="1">
        <IfCondition failOnCondition="false" condition="$area ~= $__null &amp; $home ~= $__null">
          <SuppressFailure>
            <Sequence>
              <GraphSearch Origin="$area" Borders="" depth="2" selection="true" SearchPattern="Depth" EdgePruning="&apos;parent,inventory&apos;" AllowedEdges="" SubGraph="&apos;home_area_reverse,area_union_member_reverse&apos;" AllowSubtraph="false" includeOrigin="false" excludeOrigin="false" failOnEmpty="true" SetOperationChoice="Intersection|And" errorOnEmpty="false" shortCircuit="false" skipTraversed="true">
                <NegationOp Results="true" Advance="true" EndOp="true" saveVersion="2">
                  <Child0 canSkip="1">
                    <UnionOp Results="true" Advance="true" EndOp="true" ShortCircuit="false" LocalNodalyzers="false">
                      <EntityClassFilter Class="TriggerArea" Source="Child" prune="true" negprune="unknown" Parent="" Child="" />
                      <EntityClassFilter Class="SmartArea" Source="Child" prune="true" negprune="unknown" Parent="" Child="" />
                      <EntityClassFilter Class="AreaUnion" Source="Child" prune="true" negprune="unknown" Parent="" Child="" />
                    </UnionOp>
                  </Child0>
                </NegationOp>
                <WUIDFilter WUID="$home" Source="Child" prune="true" negprune="unknown" Parent="" Child="" />
                <AnyLinkFilter Source="Child" prune="true" negprune="unknown" Parent="" Child="" />
              </GraphSearch>
              <Expression expressions="$areaBelongsToHome = true" />
            </Sequence>
          </SuppressFailure>
        </IfCondition>
      </Behavior>
    </Root>
    <ForestContainer />
    <EditorData EventSet="">
      <Variables>
        <Variable name="area" comment="" />
        <Variable name="areaBelongsToHome" comment="" />
        <Variable name="home" comment="" />
      </Variables>
      <ForwardDeclarations />
      <Root hasInputBreakpoint="0" comment="" breakpointFlags="0" saveVersion="2">
        <OutputBreakpoints />
        <Behavior>
          <IfCondition hasInputBreakpoint="0" comment="" breakpointFlags="0">
            <OutputBreakpoints />
            <SuppressFailure hasInputBreakpoint="0" comment="" breakpointFlags="0">
              <OutputBreakpoints />
              <Sequence hasInputBreakpoint="0" comment="" breakpointFlags="0">
                <OutputBreakpoints />
                <GraphSearch hasInputBreakpoint="0" comment="" breakpointFlags="0">
                  <OutputBreakpoints />
                  <NegationOp hasInputBreakpoint="0" comment="" breakpointFlags="0" saveVersion="2">
                    <OutputBreakpoints />
                    <Child0>
                      <UnionOp hasInputBreakpoint="0" comment="" breakpointFlags="0">
                        <OutputBreakpoints />
                        <EntityClassFilter hasInputBreakpoint="0" comment="" breakpointFlags="0">
                          <OutputBreakpoints />
                        </EntityClassFilter>
                        <EntityClassFilter hasInputBreakpoint="0" comment="" breakpointFlags="0">
                          <OutputBreakpoints />
                        </EntityClassFilter>
                        <EntityClassFilter hasInputBreakpoint="0" comment="" breakpointFlags="0">
                          <OutputBreakpoints />
                        </EntityClassFilter>
                      </UnionOp>
                    </Child0>
                  </NegationOp>
                  <WUIDFilter hasInputBreakpoint="0" comment="" breakpointFlags="0">
                    <OutputBreakpoints />
                  </WUIDFilter>
                  <AnyLinkFilter hasInputBreakpoint="0" comment="" breakpointFlags="0">
                    <OutputBreakpoints />
                  </AnyLinkFilter>
                </GraphSearch>
                <Expression hasInputBreakpoint="0" comment="" breakpointFlags="0">
                  <OutputBreakpoints />
                </Expression>
              </Sequence>
            </SuppressFailure>
          </IfCondition>
        </Behavior>
      </Root>
      <Forest />
      <Comments />
    </EditorData>
  </BehaviorTree>
</BehaviorTrees>