<?xml version="1.0" encoding="us-ascii"?>
<BehaviorTrees>
  <BehaviorTree name="crime_assessTrespass" is_function="1">
    <Variables>
      <Variable name="isPublicEnemy" type="_bool" values="" isPersistent="0" form="single" />
      <Variable name="reaction" type="_bool" values="" isPersistent="0" form="single" />
      <Variable name="reactionSuppressed" type="_bool" values="" isPersistent="0" form="single" />
      <Variable name="trespassArea" type="_wuid" values="" isPersistent="0" form="single" />
      <Variable name="trespassSevereness" type="enum:trespassLevel" values="" isPersistent="0" form="single" />
    </Variables>
    <Parameters>
      <Variable name="information" type="information" values="" isPersistent="0" form="single" requirementType="Out" />
      <Variable name="observer" type="_wuid" values="$this.id" isPersistent="0" form="single" requirementType="In" optional="1" />
    </Parameters>
    <Root OneTimeOnly="false" FailState="Recoverable" saveVersion="2">
      <Behavior canSkip="1">
        <Sequence>
          <DetermineTrespassReaction Observer="$observer" Target="$__player" Position="" ForceSemipublicReaction="false" ShouldUseVec3Position="false" TrespassAreaSevereness="$trespassSevereness" TrespassArea="$trespassArea" Reaction="$reaction" ReactionSuppressed="$reactionSuppressed" />
          <IsPublicEnemy Soul="$observer" FailOnSubtreeMissing="false" saveVersion="2">
            <Then canSkip="1">
              <Expression expressions="$isPublicEnemy = true" />
            </Then>
          </IsPublicEnemy>
          <IfCondition failOnCondition="false" condition="$reaction &amp; ($trespassSevereness &gt;= $enum:trespassLevel.personal | $isPublicEnemy)">
            <CreateTrespassInformation Home="$__null" TrespassArea="$trespassArea" IsHomeArea="true" ComplementaryToOtherCrime="true" QuestOverride="false" Information="$information" />
          </IfCondition>
        </Sequence>
      </Behavior>
    </Root>
    <ForestContainer />
    <EditorData EventSet="">
      <Variables>
        <Variable name="isPublicEnemy" comment="" />
        <Variable name="reaction" comment="" />
        <Variable name="reactionSuppressed" comment="" />
        <Variable name="trespassArea" comment="" />
        <Variable name="trespassSevereness" comment="" />
        <Variable name="information" comment="" />
        <Variable name="observer" comment="" />
      </Variables>
      <ForwardDeclarations />
      <Root hasInputBreakpoint="0" comment="" breakpointFlags="0" saveVersion="2">
        <OutputBreakpoints />
        <Behavior>
          <Sequence hasInputBreakpoint="0" comment="" breakpointFlags="0">
            <OutputBreakpoints />
            <DetermineTrespassReaction hasInputBreakpoint="0" comment="" breakpointFlags="0">
              <OutputBreakpoints />
            </DetermineTrespassReaction>
            <IsPublicEnemy hasInputBreakpoint="0" comment="" breakpointFlags="0" saveVersion="2">
              <OutputBreakpoints />
              <Then>
                <Expression hasInputBreakpoint="0" comment="" breakpointFlags="0">
                  <OutputBreakpoints />
                </Expression>
              </Then>
            </IsPublicEnemy>
            <IfCondition hasInputBreakpoint="0" comment="" breakpointFlags="0">
              <OutputBreakpoints />
              <CreateTrespassInformation hasInputBreakpoint="0" comment="" breakpointFlags="0">
                <OutputBreakpoints />
              </CreateTrespassInformation>
            </IfCondition>
          </Sequence>
        </Behavior>
      </Root>
      <Forest />
      <Comments />
    </EditorData>
  </BehaviorTree>
</BehaviorTrees>