<?xml version="1.0" encoding="us-ascii"?>
<BehaviorTrees>
	<BehaviorTree name="crime_broadcastCooperationNotification" is_function="1">
		<Variables>
			<Variable name="reactors" type="_wuid" values="" isPersistent="0" form="array" />
		</Variables>
		<Parameters>
			<Variable name="cooperationNotification" type="enum:crime_cooperationNotification" values="" isPersistent="0" form="single" requirementType="In" />
		</Parameters>
		<Root OneTimeOnly="false" FailState="Recoverable" saveVersion="2">
			<Behavior canSkip="1">
				<AtomicDecorator>
					<Sequence>
						<GraphSearch Origin="$__player" Borders="" depth="1" selection="true" SearchPattern="Depth" EdgePruning="&apos;parent,inventory&apos;" AllowedEdges="" SubGraph="" AllowSubtraph="false" includeOrigin="false" excludeOrigin="false" failOnEmpty="false" SetOperationChoice="Intersection|And" errorOnEmpty="false" shortCircuit="false" skipTraversed="true">
							<LinkTagFilter tag="&apos;crime_reactor&apos;" prune="true" negprune="unknown" Parent="" Child="" Data="" />
							<NegationOp Results="true" Advance="true" EndOp="true" saveVersion="2">
								<Child0 canSkip="1">
									<WUIDFilter WUID="$this.id" Source="Child" prune="true" negprune="unknown" Parent="" Child="" />
								</Child0>
							</NegationOp>
							<Nodalyzer Quantifiers="ForAll" Parent="" Child="$reactors" saveVersion="2" />
						</GraphSearch>
						<IfCondition failOnCondition="false" condition="#reactors &gt; 0">
							<SuppressFailure>
								<InstantMultiSendMessageToNPC targets="$reactors" successMode="Any" failureMode="All" variable="$cooperationNotification" />
							</SuppressFailure>
						</IfCondition>
						<IfCondition failOnCondition="false" condition="$cooperationNotification == $enum:crime_cooperationNotification.informationTransformed">
							<SuppressFailure>
								<InstantSendMessageToNPC target="$this.id" variable="$cooperationNotification" />
							</SuppressFailure>
						</IfCondition>
					</Sequence>
				</AtomicDecorator>
			</Behavior>
		</Root>
		<ForestContainer />
		<EditorData EventSet="">
			<Variables>
				<Variable name="reactors" comment="" />
				<Variable name="cooperationNotification" comment="" />
			</Variables>
			<ForwardDeclarations />
			<Root hasInputBreakpoint="0" comment="" breakpointFlags="0" saveVersion="2">
				<OutputBreakpoints />
				<Behavior>
					<AtomicDecorator hasInputBreakpoint="0" comment="" breakpointFlags="0">
						<OutputBreakpoints />
						<Sequence hasInputBreakpoint="0" comment="" breakpointFlags="0">
							<OutputBreakpoints />
							<GraphSearch hasInputBreakpoint="0" comment="" breakpointFlags="0">
								<OutputBreakpoints />
								<LinkTagFilter hasInputBreakpoint="0" comment="" breakpointFlags="0">
									<OutputBreakpoints />
								</LinkTagFilter>
								<NegationOp hasInputBreakpoint="0" comment="" breakpointFlags="0" saveVersion="2">
									<OutputBreakpoints />
									<Child0>
										<WUIDFilter hasInputBreakpoint="0" comment="" breakpointFlags="0">
											<OutputBreakpoints />
										</WUIDFilter>
									</Child0>
								</NegationOp>
								<Nodalyzer hasInputBreakpoint="0" comment="" breakpointFlags="0" saveVersion="2">
									<OutputBreakpoints />
								</Nodalyzer>
							</GraphSearch>
							<IfCondition hasInputBreakpoint="0" comment="" breakpointFlags="0">
								<OutputBreakpoints />
								<SuppressFailure hasInputBreakpoint="0" comment="" breakpointFlags="0">
									<OutputBreakpoints />
									<InstantMultiSendMessageToNPC hasInputBreakpoint="0" comment="" breakpointFlags="0">
										<OutputBreakpoints />
									</InstantMultiSendMessageToNPC>
								</SuppressFailure>
							</IfCondition>
							<IfCondition hasInputBreakpoint="0" comment="notify self aswell about information transforms" breakpointFlags="0">
								<OutputBreakpoints />
								<SuppressFailure hasInputBreakpoint="0" comment="" breakpointFlags="0">
									<OutputBreakpoints />
									<InstantSendMessageToNPC hasInputBreakpoint="0" comment="" breakpointFlags="0">
										<OutputBreakpoints />
									</InstantSendMessageToNPC>
								</SuppressFailure>
							</IfCondition>
						</Sequence>
					</AtomicDecorator>
				</Behavior>
			</Root>
			<Forest />
			<Comments />
		</EditorData>
	</BehaviorTree>
</BehaviorTrees>