<?xml version="1.0" encoding="us-ascii"?>
<BehaviorTrees>
  <BehaviorTree name="crime_busySoundReactorCallback" is_function="1">
    <Variables />
    <Root OneTimeOnly="false" FailState="Recoverable" saveVersion="2">
      <Behavior canSkip="1">
        <EntityContextCheck context="crime_interrupt" target="$this.id" saveVersion="2">
          <Then canSkip="1">
            <InstantCallback_empty EventName="&apos;Busy_interrupt&apos;" />
          </Then>
        </EntityContextCheck>
      </Behavior>
    </Root>
    <ForestContainer />
    <EditorData EventSet="switch_handleHearing">
      <Variables />
      <ForwardDeclarations />
      <Root hasInputBreakpoint="0" comment="" breakpointFlags="0" saveVersion="2">
        <OutputBreakpoints />
        <Behavior>
          <EntityContextCheck hasInputBreakpoint="0" comment="" breakpointFlags="0" saveVersion="2">
            <OutputBreakpoints />
            <Then>
              <InstantCallback_empty hasInputBreakpoint="0" comment="" breakpointFlags="0">
                <OutputBreakpoints />
              </InstantCallback_empty>
            </Then>
          </EntityContextCheck>
        </Behavior>
      </Root>
      <Forest />
      <Comments />
    </EditorData>
  </BehaviorTree>
</BehaviorTrees>