<?xml version="1.0" encoding="us-ascii"?>
<BehaviorTrees>
  <BehaviorTree name="crime_calculateReactionLimit" is_function="1">
    <Variables>
      <Variable name="crimeLevel" type="enum:crime_crimeLevel" values="" isPersistent="0" form="single" />
      <Variable name="playersBadassness" type="_float" values="" isPersistent="0" form="single" />
      <Variable name="punishment" type="crime:punishment" values="" isPersistent="0" form="single" />
    </Variables>
    <Parameters>
      <Variable name="informations" type="information" values="" isPersistent="0" form="array" requirementType="ConstReference" />
      <Variable name="limit" type="_int" values="" isPersistent="0" form="single" requirementType="Out" />
      <Variable name="pos" type="vec3" values="" isPersistent="0" form="single" requirementType="In" />
    </Parameters>
    <Root OneTimeOnly="false" FailState="Recoverable" saveVersion="2">
      <Behavior canSkip="1">
        <Success />
      </Behavior>
    </Root>
    <ForestContainer />
    <EditorData EventSet="">
      <Variables>
        <Variable name="crimeLevel" comment="" />
        <Variable name="playersBadassness" comment="" />
        <Variable name="punishment" comment="" />
        <Variable name="informations" comment="" />
        <Variable name="limit" comment="" />
        <Variable name="pos" comment="" />
      </Variables>
      <ForwardDeclarations />
      <Root editorPosX="70" editorPosY="60" hasInputBreakpoint="0" comment="" breakpointFlags="0" saveVersion="2">
        <OutputBreakpoints />
        <Behavior>
          <Success hasInputBreakpoint="0" comment="" breakpointFlags="0">
            <OutputBreakpoints />
          </Success>
        </Behavior>
      </Root>
      <Forest />
      <Comments />
    </EditorData>
  </BehaviorTree>
</BehaviorTrees>
