<?xml version="1.0" encoding="us-ascii"?>
<BehaviorTrees>
  <BehaviorTree name="crime_changeReputationAround" is_function="1">
    <Variables>
      <Variable name="NPCsAround" type="_wuid" values="" isPersistent="0" form="array" />
      <Variable name="NPCsAround_value" type="_wuid" values="" isPersistent="0" form="single" />
    </Variables>
    <Parameters>
      <Variable name="radius" type="_float" values="" isPersistent="0" form="single" requirementType="In" />
      <Variable name="reputationChange" type="_string" values="" isPersistent="0" form="single" requirementType="In" />
    </Parameters>
    <Root OneTimeOnly="false" FailState="Recoverable" saveVersion="2">
      <Behavior canSkip="1">
        <Sequence>
          <CircularSpatialQuery Radius="$radius" Center="$this.id" ToFill="$NPCsAround" Precision="Exact" Filter="HumanNPCs" />
          <ForEach startIndex="0" step="1" array="$NPCsAround" iterator="" value="$NPCsAround_value" break="">
            <AffectFeelings AffectNervousness="false" AffectReputation="true" Npc="$NPCsAround_value" Token="$reputationChange" nodeLabel="80592744" />
          </ForEach>
        </Sequence>
      </Behavior>
    </Root>
    <ForestContainer />
    <EditorData EventSet="">
      <Variables>
        <Variable name="NPCsAround" comment="" />
        <Variable name="NPCsAround_value" comment="" />
        <Variable name="radius" comment="" />
        <Variable name="reputationChange" comment="" />
      </Variables>
      <ForwardDeclarations />
      <Root editorPosX="-80" editorPosY="130" hasInputBreakpoint="0" comment="" breakpointFlags="0" saveVersion="2">
        <OutputBreakpoints />
        <Behavior>
          <Sequence hasInputBreakpoint="0" comment="" breakpointFlags="0">
            <OutputBreakpoints />
            <CircularSpatialQuery hasInputBreakpoint="0" comment="" breakpointFlags="0">
              <OutputBreakpoints />
            </CircularSpatialQuery>
            <ForEach hasInputBreakpoint="0" comment="" breakpointFlags="0">
              <OutputBreakpoints />
              <AffectFeelings hasInputBreakpoint="0" comment="" breakpointFlags="0">
                <OutputBreakpoints />
              </AffectFeelings>
            </ForEach>
          </Sequence>
        </Behavior>
      </Root>
      <Forest />
      <Comments />
    </EditorData>
  </BehaviorTree>
</BehaviorTrees>