<?xml version="1.0" encoding="us-ascii"?>
<BehaviorTrees>
  <BehaviorTree name="crime_checkReactionToTheftFrom" is_function="1">
    <Variables />
    <Parameters>
      <Variable name="owner" type="_wuid" values="" isPersistent="0" form="single" requirementType="In" />
      <Variable name="result" type="_bool" values="" isPersistent="0" form="single" requirementType="Out" />
    </Parameters>
    <Root OneTimeOnly="false" FailState="Recoverable" saveVersion="2">
      <Behavior canSkip="1">
        <IfCondition failOnCondition="false" condition="$owner ~= $__null &amp;  &#10;$owner ~= $__player">
          <CheckRelationshipInterval_SoulToSoul TargetSoul="$owner" Soul="$this.id" Flag="friend" saveVersion="2">
            <Then canSkip="1">
              <Expression expressions="$result = true" />
            </Then>
          </CheckRelationshipInterval_SoulToSoul>
        </IfCondition>
      </Behavior>
    </Root>
    <ForestContainer />
    <EditorData EventSet="">
      <Variables>
        <Variable name="owner" comment="" />
        <Variable name="result" comment="" />
      </Variables>
      <ForwardDeclarations />
      <Root editorPosX="-100" hasInputBreakpoint="0" comment="" breakpointFlags="0" saveVersion="2">
        <OutputBreakpoints />
        <Behavior>
          <IfCondition hasInputBreakpoint="0" comment="" breakpointFlags="0">
            <OutputBreakpoints />
            <CheckRelationshipInterval_SoulToSoul hasInputBreakpoint="0" comment="" breakpointFlags="0" saveVersion="2">
              <OutputBreakpoints />
              <Then>
                <Expression hasInputBreakpoint="0" comment="" breakpointFlags="0">
                  <OutputBreakpoints />
                </Expression>
              </Then>
            </CheckRelationshipInterval_SoulToSoul>
          </IfCondition>
        </Behavior>
      </Root>
      <Forest />
      <Comments />
    </EditorData>
  </BehaviorTree>
</BehaviorTrees>