<?xml version="1.0" encoding="us-ascii"?>
<BehaviorTrees>
  <BehaviorTree name="crime_checkReactionPriority" is_function="1">
    <Variables>
      <Variable name="scheduledPriority" type="_int" values="" isPersistent="0" form="single" />
    </Variables>
    <Parameters>
      <Variable name="priority" type="_int" values="" isPersistent="0" form="single" requirementType="In" />
      <Variable name="shallPass" type="_bool" values="" isPersistent="0" form="single" requirementType="Out" />
    </Parameters>
    <Root OneTimeOnly="false" FailState="Recoverable" saveVersion="2">
      <Behavior canSkip="1">
        <Sequence>
          <GetScheduledPriority Priority="$scheduledPriority" />
          <Expression expressions="$shallPass = $priority &gt; $scheduledPriority" />
        </Sequence>
      </Behavior>
    </Root>
    <ForestContainer />
    <EditorData EventSet="">
      <Variables>
        <Variable name="scheduledPriority" comment="" />
        <Variable name="priority" comment="" />
        <Variable name="shallPass" comment="" />
      </Variables>
      <ForwardDeclarations />
      <Root editorPosX="-190" editorPosY="-280" hasInputBreakpoint="0" comment="" breakpointFlags="0" saveVersion="2">
        <OutputBreakpoints />
        <Behavior>
          <Sequence hasInputBreakpoint="0" comment="" breakpointFlags="0">
            <OutputBreakpoints />
            <GetScheduledPriority hasInputBreakpoint="0" comment="" breakpointFlags="0">
              <OutputBreakpoints />
            </GetScheduledPriority>
            <Expression hasInputBreakpoint="0" comment="" breakpointFlags="0">
              <OutputBreakpoints />
            </Expression>
          </Sequence>
        </Behavior>
      </Root>
      <Forest />
      <Comments />
    </EditorData>
  </BehaviorTree>
</BehaviorTrees>
