<?xml version="1.0" encoding="us-ascii"?>
<BehaviorTrees>
  <BehaviorTree name="crime_checkPockets" is_function="1">
    <Variables>
      <Variable name="assaultData" type="crime:assaultData" values="" isPersistent="0" form="single" />
      <Variable name="ignorePriority" type="_bool" values="" isPersistent="0" form="single" />
      <Variable name="information" type="information" values="" isPersistent="0" form="single" />
      <Variable name="missingValue" type="_int" values="" isPersistent="0" form="single" />
    </Variables>
    <Parameters>
      <Variable name="initiator" type="enum:switch_interruptInitiator" values="$enum:switch_interruptInitiator.unknown" isPersistent="0" form="single" requirementType="In" />
      <Variable name="previousReaction" type="enum:crime_reactionKind" values="$enum:crime_reactionKind.unknown" isPersistent="0" form="single" requirementType="In" />
    </Parameters>
    <Root OneTimeOnly="false" FailState="Recoverable" saveVersion="2">
      <Behavior canSkip="1">
        <Sequence>
          <GetNPCRobbedValue NPC="$this.id" Value="$missingValue" />
          <IfCondition failOnCondition="false" condition="$missingValue &gt; 0">
            <Sequence>
              <Expression expressions="$ignorePriority = $initiator == $enum:switch_interruptInitiator.scheduler" />
              <Function_callInterrupt_checkPockets ignorePriority="$ignorePriority" initiator="$initiator" missingValue="$missingValue" previousReaction="$previousReaction" stimulusKind="$enum:crime_stimulusKind.pickpocket" nodeLabel="47282277" />
            </Sequence>
          </IfCondition>
        </Sequence>
      </Behavior>
    </Root>
    <ForestContainer />
    <EditorData EventSet="">
      <Variables>
        <Variable name="assaultData" comment="" />
        <Variable name="ignorePriority" comment="" />
        <Variable name="information" comment="" />
        <Variable name="missingValue" comment="" />
        <Variable name="initiator" comment="" />
        <Variable name="previousReaction" comment="" />
      </Variables>
      <ForwardDeclarations />
      <Root hasInputBreakpoint="0" comment="" breakpointFlags="0" saveVersion="2">
        <OutputBreakpoints />
        <Behavior>
          <Sequence hasInputBreakpoint="0" comment="" breakpointFlags="0">
            <OutputBreakpoints />
            <GetNPCRobbedValue hasInputBreakpoint="0" comment="" breakpointFlags="0">
              <OutputBreakpoints />
            </GetNPCRobbedValue>
            <IfCondition hasInputBreakpoint="0" comment="" breakpointFlags="0">
              <OutputBreakpoints />
              <Sequence hasInputBreakpoint="0" comment="" breakpointFlags="0">
                <OutputBreakpoints />
                <Expression hasInputBreakpoint="0" comment="" breakpointFlags="0">
                  <OutputBreakpoints />
                </Expression>
                <Function_callInterrupt_checkPockets hasInputBreakpoint="0" comment="" breakpointFlags="0">
                  <OutputBreakpoints />
                </Function_callInterrupt_checkPockets>
              </Sequence>
            </IfCondition>
          </Sequence>
        </Behavior>
      </Root>
      <Forest />
      <Comments />
    </EditorData>
  </BehaviorTree>
</BehaviorTrees>