<?xml version="1.0" encoding="us-ascii"?>
<BehaviorTrees>
	<BehaviorTree name="crime_checkFreshlyAttributedInformation" is_function="1">
		<Variables>
			<Variable name="currentTime" type="_int64" values="" isPersistent="0" form="single" />
			<Variable name="metadata" type="crime:informationMetadata" values="" isPersistent="0" form="single" />
		</Variables>
		<Parameters>
			<Variable name="aboveThreshold" type="_bool" values="" isPersistent="0" form="single" requirementType="Out" optional="1" />
			<Variable name="belowThreshold" type="_bool" values="" isPersistent="0" form="single" requirementType="Out" optional="1" />
			<Variable name="information" type="information" values="" isPersistent="0" form="single" requirementType="In" />
		</Parameters>
		<Root OneTimeOnly="false" FailState="Recoverable" saveVersion="2">
			<Behavior canSkip="1">
				<Sequence>
					<Function_crime_getInformationMetadata information="$information" metadata="$metadata" nodeLabel="30788454" />
					<GetTime TimeType="GameTime" OutVar="$currentTime" Delta="" />
					<IfElseCondition failOnCondition="false" condition="$currentTime &gt;= $metadata.createdAt + $data:script_param[&apos;crime_veryFreshCriminalThreshold&apos;].value" saveVersion="2">
						<Then canSkip="1">
							<Expression expressions="$aboveThreshold = true &#10;$belowThreshold = false" />
						</Then>
						<Else canSkip="1">
							<Expression expressions="$aboveThreshold = false &#10;$belowThreshold = true" />
						</Else>
					</IfElseCondition>
				</Sequence>
			</Behavior>
		</Root>
		<ForestContainer />
		<EditorData EventSet="">
			<Variables>
				<Variable name="currentTime" comment="" />
				<Variable name="metadata" comment="" />
				<Variable name="aboveThreshold" comment="" />
				<Variable name="belowThreshold" comment="" />
				<Variable name="information" comment="" />
			</Variables>
			<ForwardDeclarations />
			<Root hasInputBreakpoint="0" comment="" breakpointFlags="0" saveVersion="2">
				<OutputBreakpoints />
				<Behavior>
					<Sequence hasInputBreakpoint="0" comment="" breakpointFlags="0">
						<OutputBreakpoints />
						<Function_crime_getInformationMetadata hasInputBreakpoint="0" comment="" breakpointFlags="0">
							<OutputBreakpoints />
						</Function_crime_getInformationMetadata>
						<GetTime hasInputBreakpoint="0" comment="" breakpointFlags="0">
							<OutputBreakpoints />
						</GetTime>
						<IfElseCondition hasInputBreakpoint="0" comment="" breakpointFlags="0" saveVersion="2">
							<OutputBreakpoints />
							<Then>
								<Expression hasInputBreakpoint="0" comment="" breakpointFlags="0">
									<OutputBreakpoints />
								</Expression>
							</Then>
							<Else>
								<Expression hasInputBreakpoint="0" comment="" breakpointFlags="0">
									<OutputBreakpoints />
								</Expression>
							</Else>
						</IfElseCondition>
					</Sequence>
				</Behavior>
			</Root>
			<Forest />
			<Comments />
		</EditorData>
	</BehaviorTree>
</BehaviorTrees>