<?xml version="1.0" encoding="us-ascii"?>
<BehaviorTrees>
  <BehaviorTree name="combat_checkMoraleForCombat" is_function="1">
    <Variables>
      <Variable name="hitReaction" type="hitReaction" values="" isPersistent="0" form="single" />
    </Variables>
    <Parameters>
      <Variable name="moraleLow" type="_bool" values="" isPersistent="0" form="single" requirementType="Reference" />
    </Parameters>
    <Root OneTimeOnly="false" FailState="Recoverable" saveVersion="2">
      <Behavior canSkip="1">
        <Loop count="-1">
          <ProcessMessage Atomic="true" timeout="&apos;-1&apos;" timeType="GameTime" variable="$hitReaction" senderInfo="" inbox="&apos;hitReaction_surrender&apos;" condition="" answerVar="">
            <MoraleCheck SoulWUID="$this.id" ThreatLevel="$data:script_param[&apos;combat_moraleForCombat&apos;].value" FailSubtMissing="false" saveVersion="2">
              <Then canSkip="1">
                <Success />
              </Then>
              <Else canSkip="1">
                <Expression expressions="$moraleLow = true" />
              </Else>
            </MoraleCheck>
          </ProcessMessage>
        </Loop>
      </Behavior>
    </Root>
    <ForestContainer />
    <EditorData EventSet="">
      <Variables>
        <Variable name="hitReaction" comment="" />
        <Variable name="moraleLow" comment="" />
      </Variables>
      <ForwardDeclarations />
      <Root editorPosX="-70" editorPosY="10" hasInputBreakpoint="0" comment="" breakpointFlags="0" saveVersion="2">
        <OutputBreakpoints />
        <Behavior>
          <Loop hasInputBreakpoint="0" comment="" breakpointFlags="0">
            <OutputBreakpoints />
            <ProcessMessage hasInputBreakpoint="0" comment="" breakpointFlags="0">
              <OutputBreakpoints />
              <MoraleCheck hasInputBreakpoint="0" comment="" breakpointFlags="0" saveVersion="2">
                <OutputBreakpoints />
                <Then>
                  <Success hasInputBreakpoint="0" comment="" breakpointFlags="0">
                    <OutputBreakpoints />
                  </Success>
                </Then>
                <Else>
                  <Expression hasInputBreakpoint="0" comment="" breakpointFlags="0">
                    <OutputBreakpoints />
                  </Expression>
                </Else>
              </MoraleCheck>
            </ProcessMessage>
          </Loop>
        </Behavior>
      </Root>
      <Forest />
      <Comments />
    </EditorData>
  </BehaviorTree>
</BehaviorTrees>