<?xml version="1.0" encoding="us-ascii"?>
<BehaviorTrees>
  <BehaviorTree name="crime_checkPlayerAwareness" is_function="1">
    <Variables>
      <Variable name="awarenessTime" type="_int64" values="0" isPersistent="0" form="single" />
      <Variable name="currentTime" type="_int64" values="" isPersistent="0" form="single" />
    </Variables>
    <Parameters>
      <Variable name="isAwareOfPlayer" type="_bool" values="" isPersistent="0" form="single" requirementType="Out" />
      <Variable name="timeThreshold" type="_int" values="10000" isPersistent="0" form="single" requirementType="In" />
    </Parameters>
    <Root OneTimeOnly="false" FailState="Recoverable" saveVersion="2">
      <Behavior canSkip="1">
        <Sequence>
          <GetTime TimeType="GameTime" OutVar="$currentTime" Delta="" />
          <Expression expressions="$isAwareOfPlayer = false" />
          <HasSeenPlayer NPC="$this.id" FullyAwareOnly="false" saveVersion="2">
            <Then canSkip="1">
              <Expression expressions="$isAwareOfPlayer = true" />
            </Then>
            <Else canSkip="1">
              <SuppressFailure>
                <Sequence>
                  <GraphSearch Origin="$this.id" Borders="" depth="1" selection="true" SearchPattern="Depth" EdgePruning="&apos;parent,inventory&apos;" AllowedEdges="" SubGraph="" AllowSubtraph="false" includeOrigin="false" excludeOrigin="false" failOnEmpty="true" SetOperationChoice="Intersection|And" errorOnEmpty="false" shortCircuit="false" skipTraversed="true">
                    <LinkTagFilter tag="&apos;crime_playerAwareness&apos;" prune="true" negprune="unknown" Parent="" Child="" Data="$awarenessTime" />
                  </GraphSearch>
                  <IfCondition failOnCondition="false" condition="$awarenessTime + $timeThreshold &gt; $currentTime">
                    <Expression expressions="$isAwareOfPlayer = true" />
                  </IfCondition>
                </Sequence>
              </SuppressFailure>
            </Else>
          </HasSeenPlayer>
          <Success />
        </Sequence>
      </Behavior>
    </Root>
    <ForestContainer />
    <EditorData EventSet="">
      <Variables>
        <Variable name="awarenessTime" comment="" />
        <Variable name="currentTime" comment="" />
        <Variable name="isAwareOfPlayer" comment="" />
        <Variable name="timeThreshold" comment="" />
      </Variables>
      <ForwardDeclarations />
      <Root hasInputBreakpoint="0" comment="" breakpointFlags="0" saveVersion="2">
        <OutputBreakpoints />
        <Behavior>
          <Sequence hasInputBreakpoint="0" comment="" breakpointFlags="0">
            <OutputBreakpoints />
            <GetTime hasInputBreakpoint="0" comment="" breakpointFlags="0">
              <OutputBreakpoints />
            </GetTime>
            <Expression hasInputBreakpoint="0" comment="" breakpointFlags="0">
              <OutputBreakpoints />
            </Expression>
            <HasSeenPlayer hasInputBreakpoint="0" comment="" breakpointFlags="0" saveVersion="2">
              <OutputBreakpoints />
              <Then>
                <Expression hasInputBreakpoint="0" comment="" breakpointFlags="0">
                  <OutputBreakpoints />
                </Expression>
              </Then>
              <Else>
                <SuppressFailure hasInputBreakpoint="0" comment="" breakpointFlags="0">
                  <OutputBreakpoints />
                  <Sequence hasInputBreakpoint="0" comment="" breakpointFlags="0">
                    <OutputBreakpoints />
                    <GraphSearch hasInputBreakpoint="0" comment="" breakpointFlags="0">
                      <OutputBreakpoints />
                      <LinkTagFilter hasInputBreakpoint="0" comment="" breakpointFlags="0">
                        <OutputBreakpoints />
                      </LinkTagFilter>
                    </GraphSearch>
                    <IfCondition hasInputBreakpoint="0" comment="" breakpointFlags="0">
                      <OutputBreakpoints />
                      <Expression hasInputBreakpoint="0" comment="" breakpointFlags="0">
                        <OutputBreakpoints />
                      </Expression>
                    </IfCondition>
                  </Sequence>
                </SuppressFailure>
              </Else>
            </HasSeenPlayer>
            <Success hasInputBreakpoint="0" comment="TODO: change to genericAwareness" breakpointFlags="0">
              <OutputBreakpoints />
            </Success>
          </Sequence>
        </Behavior>
      </Root>
      <Forest />
      <Comments />
    </EditorData>
  </BehaviorTree>
</BehaviorTrees>