<?xml version="1.0" encoding="us-ascii"?>
<BehaviorTrees>
  <BehaviorTree name="crime_checkInterruptInformation" is_function="1">
    <Variables />
    <Parameters>
      <Variable name="information" type="information" values="" isPersistent="0" form="single" requirementType="In" />
    </Parameters>
    <Root OneTimeOnly="false" FailState="Recoverable" saveVersion="2">
      <Behavior canSkip="1">
        <Selector>
          <CheckInformationKnowledge Information="$information" Holder="$this.id" />
          <ErrorNode Message="&apos;Invalid interrupt information! Please let some crime scripter know.&apos;" />
        </Selector>
      </Behavior>
    </Root>
    <ForestContainer />
    <EditorData EventSet="">
      <Variables>
        <Variable name="information" comment="" />
      </Variables>
      <ForwardDeclarations />
      <Root hasInputBreakpoint="0" comment="" breakpointFlags="0" saveVersion="2">
        <OutputBreakpoints />
        <Behavior>
          <Selector hasInputBreakpoint="0" comment="" breakpointFlags="0">
            <OutputBreakpoints />
            <CheckInformationKnowledge hasInputBreakpoint="0" comment="" breakpointFlags="0">
              <OutputBreakpoints />
            </CheckInformationKnowledge>
            <ErrorNode hasInputBreakpoint="0" comment="" breakpointFlags="0">
              <OutputBreakpoints />
            </ErrorNode>
          </Selector>
        </Behavior>
      </Root>
      <Forest />
      <Comments />
    </EditorData>
  </BehaviorTree>
</BehaviorTrees>