<?xml version="1.0" encoding="us-ascii"?>
<BehaviorTrees>
  <BehaviorTree name="crime_chooseJail" is_function="1">
    <Variables>
      <Variable name="crimeDistrictParent" type="wuid" values="" isPersistent="0" form="single" />
      <Variable name="jails" type="wuid" values="" isPersistent="0" form="array" />
    </Variables>
    <Parameters>
      <Variable name="jail" type="wuid" values="" isPersistent="0" form="single" requirementType="Out" />
    </Parameters>
    <Root OneTimeOnly="false" FailState="Recoverable" saveVersion="2">
      <Behavior canSkip="1">
        <IsInsideAreaWithLabel Position="$__player" Label="&apos;crimeDistrict_main&apos;" Area="$crimeDistrictParent" FailSubtMissing="false" saveVersion="2">
          <Then canSkip="1">
            <Selector>
              <Sequence>
                <GraphSearch Origin="$crimeDistrictParent" Borders="" depth="1" selection="true" SearchPattern="Depth" EdgePruning="&apos;parent,inventory&apos;" AllowedEdges="" SubGraph="" AllowSubtraph="false" includeOrigin="false" excludeOrigin="false" failOnEmpty="true" SetOperationChoice="Intersection|And" errorOnEmpty="false" shortCircuit="false" skipTraversed="true">
                  <LinkTagFilter tag="&apos;crime_jail&apos;" prune="true" negprune="unknown" Parent="" Child="" Data="" />
                  <Nodalyzer Quantifiers="ForAll" Parent="" Child="$jails" saveVersion="2">
                    <Child0 canSkip="1">
                      <RangeSorter point="$this.id" SortOrder="Ascending" Source="Child" />
                    </Child0>
                  </Nodalyzer>
                </GraphSearch>
                <Expression expressions="$jail = $jails[0]" />
              </Sequence>
              <ErrorNode Message="&apos;No jail found inside $crimeDistrictParent!&apos;" />
            </Selector>
          </Then>
          <Else canSkip="1">
            <ErrorNode Message="&apos;crimeDistrictMain is missing for chooseJail&apos;" />
          </Else>
        </IsInsideAreaWithLabel>
      </Behavior>
    </Root>
    <ForestContainer />
    <EditorData EventSet="">
      <Variables>
        <Variable name="crimeDistrictParent" comment="" />
        <Variable name="jails" comment="" />
        <Variable name="jail" comment="" />
      </Variables>
      <ForwardDeclarations />
      <Root editorPosX="-120" editorPosY="-40" hasInputBreakpoint="0" comment="" breakpointFlags="0" saveVersion="2">
        <OutputBreakpoints />
        <Behavior>
          <IsInsideAreaWithLabel editorPosX="110" editorPosY="-40" hasInputBreakpoint="0" comment="" breakpointFlags="0" saveVersion="2">
            <OutputBreakpoints />
            <Then>
              <Selector editorPosX="330" editorPosY="-40" hasInputBreakpoint="0" comment="" breakpointFlags="0">
                <OutputBreakpoints />
                <Sequence editorPosX="460" editorPosY="-40" hasInputBreakpoint="0" comment="" breakpointFlags="0">
                  <OutputBreakpoints />
                  <GraphSearch editorPosX="590" editorPosY="-40" hasInputBreakpoint="0" comment="" breakpointFlags="0">
                    <OutputBreakpoints />
                    <LinkTagFilter editorPosX="830" editorPosY="-40" hasInputBreakpoint="0" comment="" breakpointFlags="0">
                      <OutputBreakpoints />
                    </LinkTagFilter>
                    <Nodalyzer editorPosX="830" editorPosY="60" hasInputBreakpoint="0" comment="" breakpointFlags="0" saveVersion="2">
                      <OutputBreakpoints />
                      <Child0>
                        <RangeSorter editorPosX="1020" editorPosY="60" hasInputBreakpoint="0" comment="" breakpointFlags="0">
                          <OutputBreakpoints />
                        </RangeSorter>
                      </Child0>
                    </Nodalyzer>
                  </GraphSearch>
                  <Expression editorPosX="590" editorPosY="50" hasInputBreakpoint="0" comment="" breakpointFlags="0">
                    <OutputBreakpoints />
                  </Expression>
                </Sequence>
                <ErrorNode editorPosX="460" editorPosY="130" hasInputBreakpoint="0" comment="" breakpointFlags="0">
                  <OutputBreakpoints />
                </ErrorNode>
              </Selector>
            </Then>
            <Else>
              <ErrorNode editorPosX="330" editorPosY="220" hasInputBreakpoint="0" comment="" breakpointFlags="0">
                <OutputBreakpoints />
              </ErrorNode>
            </Else>
          </IsInsideAreaWithLabel>
        </Behavior>
      </Root>
      <Forest />
      <Comments />
    </EditorData>
  </BehaviorTree>
</BehaviorTrees>
