<?xml version="1.0" encoding="us-ascii"?>
<BehaviorTrees>
  <BehaviorTree name="crime_createCorpseInformation" is_function="1">
    <Variables>
      <Variable name="corpseSeenBy" type="_wuid" values="" isPersistent="0" form="array" />
    </Variables>
    <Parameters>
      <Variable name="corpse" type="_wuid" values="" isPersistent="0" form="single" requirementType="In" />
      <Variable name="customPos" type="_bool" values="" isPersistent="0" form="single" requirementType="In" />
      <Variable name="information" type="information" values="" isPersistent="0" form="single" requirementType="Out" />
      <Variable name="observer" type="_wuid" values="$this.id" isPersistent="0" form="single" requirementType="In" />
      <Variable name="pos" type="vec3" values="" isPersistent="0" form="single" requirementType="In" optional="1" />
    </Parameters>
    <Root OneTimeOnly="false" FailState="Recoverable" saveVersion="2">
      <Behavior canSkip="1">
        <Sequence>
          <IfElseCondition failOnCondition="false" condition="$customPos" saveVersion="2">
            <Then canSkip="1">
              <CreateInformationWrapper Label="&apos;corpse&apos;" PerceivedWuid="$corpse" PositionType="positionVec3" PositionVec3="$pos" PositionWuid="" Information="$information" />
            </Then>
            <Else canSkip="1">
              <CreateInformationWrapper Label="&apos;corpse&apos;" PerceivedWuid="$corpse" PositionType="perceivedWuid" PositionVec3="" PositionWuid="" Information="$information" />
            </Else>
          </IfElseCondition>
          <LockDynamicInformationValues Information="$information">
            <Sequence>
              <SetDynamicInformationValue Information="$information" Tag="&apos;victim&apos;" Variable="$corpse" Type="" Value="" />
              <SuppressFailure>
                <GetDynamicInformationValue Information="$information" Tag="&apos;seenBy&apos;" Out="$corpseSeenBy" />
              </SuppressFailure>
              <Expression expressions="$corpseSeenBy[#corpseSeenBy] = $observer" />
              <SetDynamicInformationValue Information="$information" Tag="&apos;seenBy&apos;" Variable="$corpseSeenBy" Type="" Value="" />
            </Sequence>
          </LockDynamicInformationValues>
        </Sequence>
      </Behavior>
    </Root>
    <ForestContainer />
    <EditorData EventSet="">
      <Variables>
        <Variable name="corpseSeenBy" comment="" />
        <Variable name="corpse" comment="" />
        <Variable name="customPos" comment="" />
        <Variable name="information" comment="" />
        <Variable name="observer" comment="" />
        <Variable name="pos" comment="" />
      </Variables>
      <ForwardDeclarations />
      <Root hasInputBreakpoint="0" comment="" breakpointFlags="0" saveVersion="2">
        <OutputBreakpoints />
        <Behavior>
          <Sequence hasInputBreakpoint="0" comment="" breakpointFlags="0">
            <OutputBreakpoints />
            <IfElseCondition hasInputBreakpoint="0" comment="" breakpointFlags="0" saveVersion="2">
              <OutputBreakpoints />
              <Then>
                <CreateInformationWrapper hasInputBreakpoint="0" comment="" breakpointFlags="0">
                  <OutputBreakpoints />
                </CreateInformationWrapper>
              </Then>
              <Else>
                <CreateInformationWrapper hasInputBreakpoint="0" comment="" breakpointFlags="0">
                  <OutputBreakpoints />
                </CreateInformationWrapper>
              </Else>
            </IfElseCondition>
            <LockDynamicInformationValues hasInputBreakpoint="0" comment="" breakpointFlags="0">
              <OutputBreakpoints />
              <Sequence hasInputBreakpoint="0" comment="" breakpointFlags="0">
                <OutputBreakpoints />
                <SetDynamicInformationValue hasInputBreakpoint="0" comment="" breakpointFlags="0">
                  <OutputBreakpoints />
                </SetDynamicInformationValue>
                <SuppressFailure hasInputBreakpoint="0" comment="" breakpointFlags="0">
                  <OutputBreakpoints />
                  <GetDynamicInformationValue hasInputBreakpoint="0" comment="" breakpointFlags="0">
                    <OutputBreakpoints />
                  </GetDynamicInformationValue>
                </SuppressFailure>
                <Expression hasInputBreakpoint="0" comment="" breakpointFlags="0">
                  <OutputBreakpoints />
                </Expression>
                <SetDynamicInformationValue hasInputBreakpoint="0" comment="" breakpointFlags="0">
                  <OutputBreakpoints />
                </SetDynamicInformationValue>
              </Sequence>
            </LockDynamicInformationValues>
          </Sequence>
        </Behavior>
      </Root>
      <Forest />
      <Comments />
    </EditorData>
  </BehaviorTree>
</BehaviorTrees>