<?xml version="1.0" encoding="us-ascii"?>
<BehaviorTrees>
  <BehaviorTree name="crime_crimeLevelToString" is_function="1">
    <Variables />
    <Parameters>
      <Variable name="crimeLevel" type="enum:crime_crimeLevel" values="" isPersistent="0" form="single" requirementType="ConstReference" />
      <Variable name="string" type="_string" values="" isPersistent="0" form="single" requirementType="Out" />
    </Parameters>
    <Root OneTimeOnly="false" FailState="Recoverable" saveVersion="2">
      <Behavior canSkip="1">
        <Switch>
          <IfCondition failOnCondition="false" condition="$crimeLevel == $enum:crime_crimeLevel.none">
            <Expression expressions="$string = &apos;none&apos;" />
          </IfCondition>
          <IfCondition failOnCondition="false" condition="$crimeLevel == $enum:crime_crimeLevel.offence">
            <Expression expressions="$string = &apos;offence&apos;" />
          </IfCondition>
          <IfCondition failOnCondition="false" condition="$crimeLevel == $enum:crime_crimeLevel.trespass">
            <Expression expressions="$string = &apos;trespass&apos;" />
          </IfCondition>
          <IfCondition failOnCondition="false" condition="$crimeLevel == $enum:crime_crimeLevel.property">
            <Expression expressions="$string = &apos;property&apos;" />
          </IfCondition>
          <IfCondition failOnCondition="false" condition="$crimeLevel == $enum:crime_crimeLevel.violent">
            <Expression expressions="$string = &apos;violent&apos;" />
          </IfCondition>
          <IfCondition failOnCondition="false" condition="$crimeLevel == $enum:crime_crimeLevel.murder">
            <Expression expressions="$string = &apos;murder&apos;" />
          </IfCondition>
          <DefaultBranch>
            <ErrorNode Message="&apos;ERROR: Invalid crimeLevel: $crimeLevel!&apos;" />
          </DefaultBranch>
        </Switch>
      </Behavior>
    </Root>
    <ForestContainer />
    <EditorData EventSet="">
      <Variables>
        <Variable name="crimeLevel" comment="" />
        <Variable name="string" comment="" />
      </Variables>
      <ForwardDeclarations />
      <Root hasInputBreakpoint="0" comment="" breakpointFlags="0" saveVersion="2">
        <OutputBreakpoints />
        <Behavior>
          <Switch hasInputBreakpoint="0" comment="" breakpointFlags="0">
            <OutputBreakpoints />
            <IfCondition hasInputBreakpoint="0" comment="" breakpointFlags="0">
              <OutputBreakpoints />
              <Expression hasInputBreakpoint="0" comment="" breakpointFlags="0">
                <OutputBreakpoints />
              </Expression>
            </IfCondition>
            <IfCondition hasInputBreakpoint="0" comment="" breakpointFlags="0">
              <OutputBreakpoints />
              <Expression hasInputBreakpoint="0" comment="" breakpointFlags="0">
                <OutputBreakpoints />
              </Expression>
            </IfCondition>
            <IfCondition hasInputBreakpoint="0" comment="" breakpointFlags="0">
              <OutputBreakpoints />
              <Expression hasInputBreakpoint="0" comment="" breakpointFlags="0">
                <OutputBreakpoints />
              </Expression>
            </IfCondition>
            <IfCondition hasInputBreakpoint="0" comment="" breakpointFlags="0">
              <OutputBreakpoints />
              <Expression hasInputBreakpoint="0" comment="" breakpointFlags="0">
                <OutputBreakpoints />
              </Expression>
            </IfCondition>
            <IfCondition hasInputBreakpoint="0" comment="" breakpointFlags="0">
              <OutputBreakpoints />
              <Expression hasInputBreakpoint="0" comment="" breakpointFlags="0">
                <OutputBreakpoints />
              </Expression>
            </IfCondition>
            <IfCondition hasInputBreakpoint="0" comment="" breakpointFlags="0">
              <OutputBreakpoints />
              <Expression hasInputBreakpoint="0" comment="" breakpointFlags="0">
                <OutputBreakpoints />
              </Expression>
            </IfCondition>
            <DefaultBranch>
              <ErrorNode hasInputBreakpoint="0" comment="" breakpointFlags="0">
                <OutputBreakpoints />
              </ErrorNode>
            </DefaultBranch>
          </Switch>
        </Behavior>
      </Root>
      <Forest />
      <Comments />
    </EditorData>
  </BehaviorTree>
</BehaviorTrees>