<?xml version="1.0" encoding="us-ascii"?>
<BehaviorTrees>
  <BehaviorTree name="crime_playerInstantRecognitionHandler" is_function="1">
    <Variables>
      <Variable name="playerSeen" type="_bool" values="" isPersistent="0" form="single" />
    </Variables>
    <Root OneTimeOnly="false" FailState="Recoverable" saveVersion="2">
      <Behavior canSkip="1">
        <ContinuousSwitch>
          <IfCondition failOnCondition="false" condition="$playerSeen">
            <GameContext context="crime_global_instantPlayerRecognition">
              <Sequence>
                <HasSeenPlayer NPC="" FullyAwareOnly="true" saveVersion="2">
                  <Else canSkip="1">
                    <Expression expressions="$playerSeen = false" />
                  </Else>
                </HasSeenPlayer>
                <Wait duration="&apos;1s&apos;" timeType="GameTime" doFail="false" variation="" />
              </Sequence>
            </GameContext>
          </IfCondition>
          <IfCondition failOnCondition="false" condition="~$playerSeen">
            <Sequence>
              <HasSeenPlayer NPC="" FullyAwareOnly="true" saveVersion="2">
                <Then canSkip="1">
                  <Expression expressions="$playerSeen = true" />
                </Then>
              </HasSeenPlayer>
              <Wait duration="&apos;1s&apos;" timeType="GameTime" doFail="false" variation="" />
            </Sequence>
          </IfCondition>
        </ContinuousSwitch>
      </Behavior>
    </Root>
    <ForestContainer />
    <EditorData EventSet="">
      <Variables>
        <Variable name="playerSeen" comment="" />
      </Variables>
      <ForwardDeclarations />
      <Root hasInputBreakpoint="0" comment="" breakpointFlags="0" saveVersion="2">
        <OutputBreakpoints />
        <Behavior>
          <ContinuousSwitch hasInputBreakpoint="0" comment="" breakpointFlags="0">
            <OutputBreakpoints />
            <IfCondition hasInputBreakpoint="0" comment="" breakpointFlags="0">
              <OutputBreakpoints />
              <GameContext hasInputBreakpoint="0" comment="" breakpointFlags="0">
                <OutputBreakpoints />
                <Sequence hasInputBreakpoint="0" comment="" breakpointFlags="0">
                  <OutputBreakpoints />
                  <HasSeenPlayer hasInputBreakpoint="0" comment="" breakpointFlags="0" saveVersion="2">
                    <OutputBreakpoints />
                    <Else>
                      <Expression hasInputBreakpoint="0" comment="" breakpointFlags="0">
                        <OutputBreakpoints />
                      </Expression>
                    </Else>
                  </HasSeenPlayer>
                  <Wait hasInputBreakpoint="0" comment="" breakpointFlags="0">
                    <OutputBreakpoints />
                  </Wait>
                </Sequence>
              </GameContext>
            </IfCondition>
            <IfCondition hasInputBreakpoint="0" comment="" breakpointFlags="0">
              <OutputBreakpoints />
              <Sequence hasInputBreakpoint="0" comment="" breakpointFlags="0">
                <OutputBreakpoints />
                <HasSeenPlayer hasInputBreakpoint="0" comment="" breakpointFlags="0" saveVersion="2">
                  <OutputBreakpoints />
                  <Then>
                    <Expression hasInputBreakpoint="0" comment="" breakpointFlags="0">
                      <OutputBreakpoints />
                    </Expression>
                  </Then>
                </HasSeenPlayer>
                <Wait hasInputBreakpoint="0" comment="" breakpointFlags="0">
                  <OutputBreakpoints />
                </Wait>
              </Sequence>
            </IfCondition>
          </ContinuousSwitch>
        </Behavior>
      </Root>
      <Forest />
      <Comments />
    </EditorData>
  </BehaviorTree>
</BehaviorTrees>