<?xml version="1.0" encoding="us-ascii"?>
<BehaviorTrees>
	<BehaviorTree name="crime_crimeBark" is_function="1">
		<Variables>
			<Variable name="canBark" type="_bool" values="true" isPersistent="0" form="single" />
			<Variable name="currentBarkPriority" type="enum:crime_barkPriority" values="" isPersistent="0" form="single" />
			<Variable name="dramaticBarkSpread" type="_bool" values="" isPersistent="0" form="single" />
		</Variables>
		<Parameters>
			<Variable name="animationApproach" type="enum:animationApproach" values="$enum:animationApproach.dontPlayDialogAnimations" isPersistent="0" form="single" requirementType="In" />
			<Variable name="canBeDelayed" type="_bool" values="" isPersistent="0" form="single" requirementType="In" />
			<Variable name="dialogContext" type="_float" values="" isPersistent="0" form="associative" requirementType="In" optional="1" />
			<Variable name="dramaticBark" type="_bool" values="" isPersistent="0" form="single" requirementType="In" />
			<Variable name="lookAt" type="_wuid" values="$__null" isPersistent="0" form="single" requirementType="In" />
			<Variable name="metarole" type="_string" values="" isPersistent="0" form="single" requirementType="In" />
			<Variable name="priority" type="enum:crime_barkPriority" values="$enum:crime_barkPriority.low" isPersistent="0" form="single" requirementType="In" />
		</Parameters>
		<Root OneTimeOnly="false" FailState="Recoverable" saveVersion="2">
			<Behavior canSkip="1">
				<SuppressFailure>
					<Sequence>
						<IfCondition failOnCondition="false" condition="$canBeDelayed">
							<DialogGate Who="$this.id" Negation="true" EndDialogInRoot="false" Condition="InAny" RunLogic="KeepRunning">
								<Success />
							</DialogGate>
						</IfCondition>
						<AtomicDecorator>
							<SuppressFailure>
								<Sequence>
									<GraphSearch Origin="" Borders="" depth="1" selection="true" SearchPattern="Depth" EdgePruning="&apos;parent,inventory&apos;" AllowedEdges="" SubGraph="" AllowSubtraph="false" includeOrigin="false" excludeOrigin="false" failOnEmpty="true" SetOperationChoice="Intersection|And" errorOnEmpty="false" shortCircuit="false" skipTraversed="true">
										<LinkTagFilter tag="&apos;crime_bark&apos;" prune="true" negprune="unknown" Parent="" Child="" Data="" />
										<WUIDFilter WUID="$this.id" Source="Child" prune="true" negprune="unknown" Parent="" Child="" />
										<Datalyzer Tag="&apos;crime_bark&apos;" Quantifiers="Exists" Parent="" Child="" Data="$currentBarkPriority" saveVersion="2" />
									</GraphSearch>
									<IfElseCondition failOnCondition="false" condition="$priority &gt; $currentBarkPriority" saveVersion="2">
										<Then canSkip="1">
											<RemoveLink From="$this.id" To="$this.id" Tag="&apos;crime_bark&apos;" LinkOpHandleMode="Success" />
										</Then>
										<Else canSkip="1">
											<Expression expressions="$canBark = false" />
										</Else>
									</IfElseCondition>
								</Sequence>
							</SuppressFailure>
						</AtomicDecorator>
						<IfCondition failOnCondition="false" condition="$canBark">
							<Semaphore SemaphoreCount="1" atomic="false" OutsideQueuePosVariable="" InsidePosVariable="" TimerType="GameTime" OutsideTimerValue="&apos;3s&apos;" LockManagerType="Intellect" SemaphoreName="&apos;crime_bark&apos;">
								<Sequence>
									<AddLink From="$this.id" To="$this.id" Tag="&apos;crime_bark&apos;" Data="$priority" LinkOpHandleMode="Error" />
									<Parallel successMode="Any" failureMode="Any">
										<FuseBox StatusPropagation="Child" OneCleanup="true" saveVersion="2">
											<Child canSkip="1">
												<Sequence>
													<Parallel successMode="Any" failureMode="Any">
														<Function_speech_schedulerMonolog alias="" animationApproach="$animationApproach" context="$dialogContext" lookAtId="$lookAt" metarole="$metarole" skipInLod="true" subtitlesDown="false" nodeLabel="34325934" />
														<Sequence>
															<IfCondition failOnCondition="false" condition="$dramaticBark">
																<Sequence>
																	<Wait duration="&apos;2s&apos;" timeType="GameTime" doFail="false" variation="" />
																	<AtomicDecorator>
																		<Sequence>
																			<Function_crime_spreadDramaticBark nodeLabel="22597333" />
																			<Expression expressions="$dramaticBarkSpread = true" />
																		</Sequence>
																	</AtomicDecorator>
																</Sequence>
															</IfCondition>
															<Wait duration="&apos;-1&apos;" timeType="GameTime" doFail="false" variation="" />
														</Sequence>
													</Parallel>
													<IfCondition failOnCondition="false" condition="$dramaticBark &amp; ~$dramaticBarkSpread">
														<AtomicDecorator>
															<Function_crime_spreadDramaticBark nodeLabel="10805720" />
														</AtomicDecorator>
													</IfCondition>
												</Sequence>
											</Child>
											<OnSuccess canSkip="1">
												<RemoveLink From="$this.id" To="$this.id" Tag="&apos;crime_bark&apos;" LinkOpHandleMode="Success" />
											</OnSuccess>
										</FuseBox>
										<LinkGate from="$this.id" to="$this.id" tag="&apos;crime_bark&apos;" amount="AtLeastOne" presence="NotThere" RunLogic="KeepRunning">
											<Success />
										</LinkGate>
									</Parallel>
								</Sequence>
							</Semaphore>
						</IfCondition>
					</Sequence>
				</SuppressFailure>
			</Behavior>
		</Root>
		<ForestContainer />
		<EditorData EventSet="">
			<Variables>
				<Variable name="canBark" comment="" />
				<Variable name="currentBarkPriority" comment="" />
				<Variable name="dramaticBarkSpread" comment="" />
				<Variable name="animationApproach" comment="" />
				<Variable name="canBeDelayed" comment="" />
				<Variable name="dialogContext" comment="" />
				<Variable name="dramaticBark" comment="" />
				<Variable name="lookAt" comment="" />
				<Variable name="metarole" comment="" />
				<Variable name="priority" comment="" />
			</Variables>
			<ForwardDeclarations />
			<Root hasInputBreakpoint="0" comment="" breakpointFlags="0" saveVersion="2">
				<OutputBreakpoints />
				<Behavior>
					<SuppressFailure hasInputBreakpoint="0" comment="" breakpointFlags="0">
						<OutputBreakpoints />
						<Sequence hasInputBreakpoint="0" comment="" breakpointFlags="0">
							<OutputBreakpoints />
							<IfCondition hasInputBreakpoint="0" comment="" breakpointFlags="0">
								<OutputBreakpoints />
								<DialogGate hasInputBreakpoint="0" comment="" breakpointFlags="0">
									<OutputBreakpoints />
									<Success hasInputBreakpoint="0" comment="" breakpointFlags="0">
										<OutputBreakpoints />
									</Success>
								</DialogGate>
							</IfCondition>
							<AtomicDecorator hasInputBreakpoint="0" comment="" breakpointFlags="0">
								<OutputBreakpoints />
								<SuppressFailure hasInputBreakpoint="0" comment="" breakpointFlags="0">
									<OutputBreakpoints />
									<Sequence hasInputBreakpoint="0" comment="" breakpointFlags="0">
										<OutputBreakpoints />
										<GraphSearch hasInputBreakpoint="0" comment="" breakpointFlags="0">
											<OutputBreakpoints />
											<LinkTagFilter hasInputBreakpoint="0" comment="" breakpointFlags="0">
												<OutputBreakpoints />
											</LinkTagFilter>
											<WUIDFilter hasInputBreakpoint="0" comment="" breakpointFlags="0">
												<OutputBreakpoints />
											</WUIDFilter>
											<Datalyzer hasInputBreakpoint="0" comment="" breakpointFlags="0" saveVersion="2">
												<OutputBreakpoints />
											</Datalyzer>
										</GraphSearch>
										<IfElseCondition hasInputBreakpoint="0" comment="" breakpointFlags="0" saveVersion="2">
											<OutputBreakpoints />
											<Then>
												<RemoveLink hasInputBreakpoint="0" comment="" breakpointFlags="0">
													<OutputBreakpoints />
												</RemoveLink>
											</Then>
											<Else>
												<Expression hasInputBreakpoint="0" comment="" breakpointFlags="0">
													<OutputBreakpoints />
												</Expression>
											</Else>
										</IfElseCondition>
									</Sequence>
								</SuppressFailure>
							</AtomicDecorator>
							<IfCondition hasInputBreakpoint="0" comment="" breakpointFlags="0">
								<OutputBreakpoints />
								<Semaphore hasInputBreakpoint="0" comment="" breakpointFlags="0">
									<OutputBreakpoints />
									<Sequence hasInputBreakpoint="0" comment="" breakpointFlags="0">
										<OutputBreakpoints />
										<AddLink hasInputBreakpoint="0" comment="" breakpointFlags="0">
											<OutputBreakpoints />
										</AddLink>
										<Parallel hasInputBreakpoint="0" comment="" breakpointFlags="0">
											<OutputBreakpoints />
											<FuseBox hasInputBreakpoint="0" comment="" breakpointFlags="0" saveVersion="2">
												<OutputBreakpoints />
												<Child>
													<Sequence hasInputBreakpoint="0" comment="" breakpointFlags="0">
														<OutputBreakpoints />
														<Parallel hasInputBreakpoint="0" comment="" breakpointFlags="0">
															<OutputBreakpoints />
															<Function_speech_schedulerMonolog hasInputBreakpoint="0" comment="" breakpointFlags="0">
																<OutputBreakpoints />
															</Function_speech_schedulerMonolog>
															<Sequence hasInputBreakpoint="0" comment="" breakpointFlags="0">
																<OutputBreakpoints />
																<IfCondition hasInputBreakpoint="0" comment="" breakpointFlags="0">
																	<OutputBreakpoints />
																	<Sequence hasInputBreakpoint="0" comment="" breakpointFlags="0">
																		<OutputBreakpoints />
																		<Wait hasInputBreakpoint="0" comment="" breakpointFlags="0">
																			<OutputBreakpoints />
																		</Wait>
																		<AtomicDecorator hasInputBreakpoint="0" comment="" breakpointFlags="0">
																			<OutputBreakpoints />
																			<Sequence hasInputBreakpoint="0" comment="" breakpointFlags="0">
																				<OutputBreakpoints />
																				<Function_crime_spreadDramaticBark hasInputBreakpoint="0" comment="" breakpointFlags="0">
																					<OutputBreakpoints />
																				</Function_crime_spreadDramaticBark>
																				<Expression hasInputBreakpoint="0" comment="" breakpointFlags="0">
																					<OutputBreakpoints />
																				</Expression>
																			</Sequence>
																		</AtomicDecorator>
																	</Sequence>
																</IfCondition>
																<Wait hasInputBreakpoint="0" comment="" breakpointFlags="0">
																	<OutputBreakpoints />
																</Wait>
															</Sequence>
														</Parallel>
														<IfCondition hasInputBreakpoint="0" comment="" breakpointFlags="0">
															<OutputBreakpoints />
															<AtomicDecorator hasInputBreakpoint="0" comment="" breakpointFlags="0">
																<OutputBreakpoints />
																<Function_crime_spreadDramaticBark hasInputBreakpoint="0" comment="" breakpointFlags="0">
																	<OutputBreakpoints />
																</Function_crime_spreadDramaticBark>
															</AtomicDecorator>
														</IfCondition>
													</Sequence>
												</Child>
												<OnSuccess>
													<RemoveLink hasInputBreakpoint="0" comment="" breakpointFlags="0">
														<OutputBreakpoints />
													</RemoveLink>
												</OnSuccess>
											</FuseBox>
											<LinkGate hasInputBreakpoint="0" comment="" breakpointFlags="0">
												<OutputBreakpoints />
												<Success hasInputBreakpoint="0" comment="" breakpointFlags="0">
													<OutputBreakpoints />
												</Success>
											</LinkGate>
										</Parallel>
									</Sequence>
								</Semaphore>
							</IfCondition>
						</Sequence>
					</SuppressFailure>
				</Behavior>
			</Root>
			<Forest />
			<Comments />
		</EditorData>
	</BehaviorTree>
</BehaviorTrees>