<?xml version="1.0" encoding="us-ascii"?>
<BehaviorTrees>
  <BehaviorTree name="crime_destroyMotivation" is_function="1">
    <Variables>
      <Variable name="information" type="information" values="" isPersistent="0" form="single" />
    </Variables>
    <Root OneTimeOnly="false" FailState="Recoverable" saveVersion="2">
      <Behavior canSkip="1">
        <SuppressFailure>
          <Sequence>
            <RetrieveInformation PerceivedWuid="$this.id" label="&apos;motivation&apos;" OutVariable="$information" />
            <DestroyInformationCompletely Information="$information" />
          </Sequence>
        </SuppressFailure>
      </Behavior>
    </Root>
    <ForestContainer />
    <EditorData EventSet="">
      <Variables>
        <Variable name="information" comment="" />
      </Variables>
      <ForwardDeclarations />
      <Root hasInputBreakpoint="0" comment="" breakpointFlags="0" saveVersion="2">
        <OutputBreakpoints />
        <Behavior>
          <SuppressFailure hasInputBreakpoint="0" comment="" breakpointFlags="0">
            <OutputBreakpoints />
            <Sequence hasInputBreakpoint="0" comment="" breakpointFlags="0">
              <OutputBreakpoints />
              <RetrieveInformation hasInputBreakpoint="0" comment="" breakpointFlags="0">
                <OutputBreakpoints />
              </RetrieveInformation>
              <DestroyInformationCompletely hasInputBreakpoint="0" comment="" breakpointFlags="0">
                <OutputBreakpoints />
              </DestroyInformationCompletely>
            </Sequence>
          </SuppressFailure>
        </Behavior>
      </Root>
      <Forest />
      <Comments />
    </EditorData>
  </BehaviorTree>
</BehaviorTrees>