<?xml version="1.0" encoding="us-ascii"?>
<BehaviorTrees>
  <BehaviorTree name="crime_determineCrimeVictim" is_function="1">
    <Variables />
    <Parameters>
      <Variable name="information" type="information" values="" isPersistent="0" form="single" requirementType="In" />
      <Variable name="victim" type="_wuid" values="" isPersistent="0" form="single" requirementType="Out" />
    </Parameters>
    <Root OneTimeOnly="false" FailState="Recoverable" saveVersion="2">
      <Behavior canSkip="1">
        <Switch>
          <IfCondition failOnCondition="false" condition="$information.label == &apos;drawnWeapon&apos; | &#10;$information.label == &apos;forbiddenEquipment&apos; | &#10;$information.label == &apos;friskRefusal&apos; | &#10;$information.label == &apos;graveRobbing&apos; | &#10;$information.label == &apos;pilloryBreak&apos; | &#10;$information.label == &apos;resistingArrest&apos; | &#10;$information.label == &apos;sneak&apos;">
            <Success />
          </IfCondition>
          <IfCondition failOnCondition="false" condition="$information.label == &apos;aggression&apos; | &#10;$information.label == &apos;assault&apos; | &#10;$information.label == &apos;assaultByDog&apos; | &#10;$information.label == &apos;assaultAnimal&apos; | &#10;$information.label == &apos;corpseViolation&apos; | &#10;$information.label == &apos;corpse&apos; | &#10;$information.label == &apos;disturbance&apos; | &#10;$information.label == &apos;lockpick&apos; | &#10;$information.label == &apos;murder&apos; | &#10;$information.label == &apos;murderAnimal&apos; | &#10;$information.label == &apos;murderByDog&apos; | &#10;$information.label == &apos;pickpocket&apos; | &#10;$information.label == &apos;poaching&apos; | &#10;$information.label == &apos;theft&apos; | &#10;$information.label == &apos;trespass&apos; | &#10;$information.label == &apos;kettlePoisoning&apos; | &#10;$information.label == &apos;horseTheft&apos;">
            <LockDynamicInformationValues Information="$information">
              <GetDynamicInformationValue Information="$information" Tag="&apos;victim&apos;" Out="$victim" />
            </LockDynamicInformationValues>
          </IfCondition>
          <IfCondition failOnCondition="false" condition="$information.label == &apos;nonAttributedCrime&apos;">
            <Selector>
              <LockDynamicInformationValues Information="$information">
                <GetDynamicInformationValue Information="$information" Tag="&apos;victim&apos;" Out="$victim" />
              </LockDynamicInformationValues>
              <ErrorNode Message="&apos;This nonattributed information has no victim!&apos;" />
            </Selector>
          </IfCondition>
          <DefaultBranch>
            <ErrorNode Message="&apos;Unhandled information label: $information.label!&apos;" />
          </DefaultBranch>
        </Switch>
      </Behavior>
    </Root>
    <ForestContainer />
    <EditorData EventSet="">
      <Variables>
        <Variable name="information" comment="" />
        <Variable name="victim" comment="" />
      </Variables>
      <ForwardDeclarations />
      <Root hasInputBreakpoint="0" comment="" breakpointFlags="0" saveVersion="2">
        <OutputBreakpoints />
        <Behavior>
          <Switch hasInputBreakpoint="0" comment="" breakpointFlags="0">
            <OutputBreakpoints />
            <IfCondition hasInputBreakpoint="0" comment="" breakpointFlags="0">
              <OutputBreakpoints />
              <Success hasInputBreakpoint="0" comment="" breakpointFlags="0">
                <OutputBreakpoints />
              </Success>
            </IfCondition>
            <IfCondition hasInputBreakpoint="0" comment="" breakpointFlags="0">
              <OutputBreakpoints />
              <LockDynamicInformationValues hasInputBreakpoint="0" comment="" breakpointFlags="0">
                <OutputBreakpoints />
                <GetDynamicInformationValue hasInputBreakpoint="0" comment="" breakpointFlags="0">
                  <OutputBreakpoints />
                </GetDynamicInformationValue>
              </LockDynamicInformationValues>
            </IfCondition>
            <IfCondition hasInputBreakpoint="0" comment="" breakpointFlags="0">
              <OutputBreakpoints />
              <Selector hasInputBreakpoint="0" comment="" breakpointFlags="0">
                <OutputBreakpoints />
                <LockDynamicInformationValues hasInputBreakpoint="0" comment="" breakpointFlags="0">
                  <OutputBreakpoints />
                  <GetDynamicInformationValue hasInputBreakpoint="0" comment="" breakpointFlags="0">
                    <OutputBreakpoints />
                  </GetDynamicInformationValue>
                </LockDynamicInformationValues>
                <ErrorNode hasInputBreakpoint="0" comment="" breakpointFlags="0">
                  <OutputBreakpoints />
                </ErrorNode>
              </Selector>
            </IfCondition>
            <DefaultBranch>
              <ErrorNode hasInputBreakpoint="0" comment="" breakpointFlags="0">
                <OutputBreakpoints />
              </ErrorNode>
            </DefaultBranch>
          </Switch>
        </Behavior>
      </Root>
      <Forest />
      <Comments />
    </EditorData>
  </BehaviorTree>
</BehaviorTrees>