<?xml version="1.0" encoding="us-ascii"?>
<BehaviorTrees>
  <BehaviorTree name="onEnter" is_function="0">
    <Variables />
    <Root OneTimeOnly="false" FailState="Recoverable" saveVersion="2">
      <Behavior canSkip="1">
        <EntityContextCheck context="crime_isAuthority" target="$__bodyInfo.id" saveVersion="2">
          <Then canSkip="1">
            <AddLink From="$this.id" To="$__bodyInfo.id" Tag="&apos;crime_authority&apos;" Data="" LinkOpHandleMode="OverWrite" />
          </Then>
          <Else canSkip="1">
            <Success />
          </Else>
        </EntityContextCheck>
      </Behavior>
    </Root>
    <ForestContainer />
    <EditorData EventSet="">
      <Variables />
      <ForwardDeclarations />
      <Root editorPosX="-80" hasInputBreakpoint="0" comment="" breakpointFlags="0" saveVersion="2">
        <OutputBreakpoints />
        <Behavior>
          <EntityContextCheck hasInputBreakpoint="0" comment="" breakpointFlags="0" saveVersion="2">
            <OutputBreakpoints />
            <Then>
              <AddLink hasInputBreakpoint="0" comment="" breakpointFlags="0">
                <OutputBreakpoints />
              </AddLink>
            </Then>
            <Else>
              <Success hasInputBreakpoint="0" comment="" breakpointFlags="0">
                <OutputBreakpoints />
              </Success>
            </Else>
          </EntityContextCheck>
        </Behavior>
      </Root>
      <Forest />
      <Comments />
    </EditorData>
  </BehaviorTree>
  <BehaviorTree name="onExit" is_function="0">
    <Variables />
    <Root OneTimeOnly="false" FailState="Recoverable" saveVersion="2">
      <Behavior canSkip="1">
        <EntityContextCheck context="crime_isAuthority" target="$__bodyInfo.id" saveVersion="2">
          <Then canSkip="1">
            <RemoveLink From="$this.id" To="$__bodyInfo.id" Tag="&apos;crime_authority&apos;" LinkOpHandleMode="Success" />
          </Then>
          <Else canSkip="1">
            <Success />
          </Else>
        </EntityContextCheck>
      </Behavior>
    </Root>
    <ForestContainer />
    <EditorData EventSet="">
      <Variables />
      <ForwardDeclarations />
      <Root editorPosX="10" editorPosY="100" hasInputBreakpoint="0" comment="" breakpointFlags="0" saveVersion="2">
        <OutputBreakpoints />
        <Behavior>
          <EntityContextCheck hasInputBreakpoint="0" comment="" breakpointFlags="0" saveVersion="2">
            <OutputBreakpoints />
            <Then>
              <RemoveLink hasInputBreakpoint="0" comment="" breakpointFlags="0">
                <OutputBreakpoints />
              </RemoveLink>
            </Then>
            <Else>
              <Success hasInputBreakpoint="0" comment="" breakpointFlags="0">
                <OutputBreakpoints />
              </Success>
            </Else>
          </EntityContextCheck>
        </Behavior>
      </Root>
      <Forest />
      <Comments />
    </EditorData>
  </BehaviorTree>
</BehaviorTrees>