<?xml version="1.0" encoding="us-ascii"?>
<BehaviorTrees>
  <BehaviorTree name="crime_findStolenItemsFromInventory" is_function="1">
    <Variables>
      <Variable name="allStolenItems" type="_wuid" values="" isPersistent="0" form="array" />
      <Variable name="allStolenItemsGround" type="_wuid" values="" isPersistent="0" form="array" />
      <Variable name="allStolenItemsGround_value" type="_wuid" values="" isPersistent="0" form="single" />
      <Variable name="allStolenItemsGround_value_inventory" type="_wuid" values="" isPersistent="0" form="single" />
      <Variable name="allStolenItemsGround_value_isStolen" type="_bool" values="" isPersistent="0" form="single" />
      <Variable name="playersHorse" type="_wuid" values="" isPersistent="0" form="single" />
    </Variables>
    <Parameters>
      <Variable name="inventoryHolder" type="_wuid" values="" isPersistent="0" form="single" requirementType="In" />
      <Variable name="onlyRelated" type="_bool" values="" isPersistent="0" form="single" requirementType="In" />
      <Variable name="relatedTo" type="_wuid" values="" isPersistent="0" form="single" requirementType="In" optional="1" />
      <Variable name="stolenItems" type="_wuid" values="" isPersistent="0" form="array" requirementType="Out" />
    </Parameters>
    <Root OneTimeOnly="false" FailState="Recoverable" saveVersion="2" />
    <ForestContainer />
    <EditorData EventSet="">
      <Variables>
        <Variable name="allStolenItems" comment="" />
        <Variable name="allStolenItemsGround" comment="" />
        <Variable name="allStolenItemsGround_value" comment="" />
        <Variable name="allStolenItemsGround_value_inventory" comment="" />
        <Variable name="allStolenItemsGround_value_isStolen" comment="" />
        <Variable name="playersHorse" comment="" />
        <Variable name="inventoryHolder" comment="" />
        <Variable name="onlyRelated" comment="" />
        <Variable name="relatedTo" comment="" />
        <Variable name="stolenItems" comment="" />
      </Variables>
      <ForwardDeclarations />
      <Root hasInputBreakpoint="0" comment="OBSOLETE:" breakpointFlags="0" saveVersion="2">
        <OutputBreakpoints />
      </Root>
      <Forest />
      <Comments />
    </EditorData>
  </BehaviorTree>
</BehaviorTrees>