<?xml version="1.0" encoding="us-ascii"?>
<BehaviorTrees>
  <BehaviorTree name="crime_friendlyFight" is_function="0">
    <Variables>
      <Variable name="lockname" type="_string" values="" isPersistent="0" form="single" />
      <Variable name="pathFindingParams" type="pathFindingParams" values="" isPersistent="0" form="single" />
      <Variable name="positionToWait" type="vec3" values="" isPersistent="0" form="single" />
      <Variable name="target" type="_wuid" values="" isPersistent="0" form="single" />
      <Variable name="waitForFightPoint" type="_wuid" values="" isPersistent="0" form="single" />
    </Variables>
    <Root OneTimeOnly="false" FailState="Recoverable" saveVersion="2">
      <Behavior canSkip="1">
        <EntityContext context="combat_invisible" target="">
          <Sequence>
            <GraphSearch Origin="$this.id" Borders="" depth="1" selection="true" SearchPattern="Depth" EdgePruning="&apos;parent,inventory&apos;" AllowedEdges="" SubGraph="" AllowSubtraph="false" includeOrigin="false" excludeOrigin="false" failOnEmpty="false" SetOperationChoice="Intersection|And" errorOnEmpty="false" shortCircuit="false" skipTraversed="true">
              <LinkTagFilter tag="&apos;waitForFight&apos;" prune="true" negprune="unknown" Parent="" Child="$waitForFightPoint" Data="" />
            </GraphSearch>
            <GetSpatialInfo In="$waitForFightPoint" Out="$positionToWait" What="Position" />
            <Move stopWithinDistance="0.200000" stopDistanceVariation="0.100000" rayCasteFlee="false" successDistance="0.000000" changeNPCState="true" fastForwardIncludesMove="false" destinationSpecification="$waitForFightPoint" destinationSpecification2="" destinationSpecification3="" speed="Walk" additionalParams="" pathFindingParams="" staminaPolicy="" pathInfo="" AnimationToPlay="" AnimationContext="" />
            <GraphSearch Origin="$this.id" Borders="" depth="1" selection="true" SearchPattern="Depth" EdgePruning="&apos;parent,inventory&apos;" AllowedEdges="" SubGraph="" AllowSubtraph="false" includeOrigin="false" excludeOrigin="false" failOnEmpty="false" SetOperationChoice="Intersection|And" errorOnEmpty="false" shortCircuit="false" skipTraversed="true">
              <LinkTagFilter tag="&apos;friendlyTarget&apos;" prune="true" negprune="unknown" Parent="" Child="$target" Data="" />
            </GraphSearch>
            <Concatenation OutString="$lockname" Pattern="&apos;$__object.id&apos;" />
            <Parallel successMode="Any" failureMode="Any">
              <Synchronize SemaphoreCount="2" InsideTimerValue="&apos;-1&apos;" InvalidateOnExpire="false" atomic="false" OutsideQueuePosVariable="" InsidePosVariable="" TimerType="GameTime" OutsideTimerValue="&apos;-1&apos;" LockManagerType="Global" SemaphoreName="&apos;$lockname&apos;" RunLogic="Halt">
                <Success />
              </Synchronize>
              <Loop count="-1">
                <Sequence>
                  <ExactMove directionType="AlignWithEntity" directionSpecification="$waitForFightPoint" animationTriggerDist="0.150000" precise="false" changeNPCState="true" fastForwardIncludesMove="false" destinationSpecification="$waitForFightPoint" destinationSpecification2="" destinationSpecification3="" speed="Walk" additionalParams="" pathFindingParams="" staminaPolicy="" pathInfo="" AnimationToPlay="" AnimationContext="" />
                  <Wait duration="&apos;500ms&apos;" timeType="GameTime" doFail="false" variation="" skipInLOD="false" />
                </Sequence>
              </Loop>
            </Parallel>
            <Parallel successMode="Any" failureMode="Any">
              <CombatMoveDecorator>
                <MeleeOffenseAutomationDecorator active="true">
                  <MeleeDefenseAutomationDecorator active="true">
                    <MeleeGuardAutomationDecorator GuardMode="automate" active="true">
                      <WeaponAutomationDecorator WeaponChange="melee" active="true">
                        <CombatFollowerDecorator ProbablisticDrivenSweetSpot="true" RPGSweetSpotArcDriver="true" active="true">
                          <CombatAction TargetNPC="$target" RelationOverride="Hostile" />
                        </CombatFollowerDecorator>
                      </WeaponAutomationDecorator>
                    </MeleeGuardAutomationDecorator>
                  </MeleeDefenseAutomationDecorator>
                </MeleeOffenseAutomationDecorator>
              </CombatMoveDecorator>
              <NPCStateGate State="Health" Target="$target" Low="50.000000" High="50.000000" Negation="false" RunLogic="KeepRunning">
                <Success />
              </NPCStateGate>
              <NPCStateGate State="Health" Target="$this.id" Low="50.000000" High="50.000000" Negation="false" RunLogic="KeepRunning">
                <Success />
              </NPCStateGate>
            </Parallel>
          </Sequence>
        </EntityContext>
      </Behavior>
    </Root>
    <ForestContainer />
    <EditorData EventSet="">
      <Variables>
        <Variable name="lockname" comment="" />
        <Variable name="pathFindingParams" comment="" />
        <Variable name="positionToWait" comment="" />
        <Variable name="target" comment="" />
        <Variable name="waitForFightPoint" comment="" />
      </Variables>
      <ForwardDeclarations />
      <Root hasInputBreakpoint="0" comment="" breakpointFlags="0" saveVersion="2">
        <OutputBreakpoints />
        <Behavior>
          <EntityContext hasInputBreakpoint="0" comment="" breakpointFlags="0">
            <OutputBreakpoints />
            <Sequence hasInputBreakpoint="0" comment="" breakpointFlags="0">
              <OutputBreakpoints />
              <GraphSearch hasInputBreakpoint="0" comment="" breakpointFlags="0">
                <OutputBreakpoints />
                <LinkTagFilter hasInputBreakpoint="0" comment="" breakpointFlags="0">
                  <OutputBreakpoints />
                </LinkTagFilter>
              </GraphSearch>
              <GetSpatialInfo hasInputBreakpoint="0" comment="" breakpointFlags="0">
                <OutputBreakpoints />
              </GetSpatialInfo>
              <Move hasInputBreakpoint="0" comment="" breakpointFlags="0">
                <OutputBreakpoints />
              </Move>
              <GraphSearch hasInputBreakpoint="0" comment="" breakpointFlags="0">
                <OutputBreakpoints />
                <LinkTagFilter hasInputBreakpoint="0" comment="" breakpointFlags="0">
                  <OutputBreakpoints />
                </LinkTagFilter>
              </GraphSearch>
              <Concatenation hasInputBreakpoint="0" comment="" breakpointFlags="0">
                <OutputBreakpoints />
              </Concatenation>
              <Parallel hasInputBreakpoint="0" comment="" breakpointFlags="0">
                <OutputBreakpoints />
                <Synchronize hasInputBreakpoint="0" comment="" breakpointFlags="0">
                  <OutputBreakpoints />
                  <Success hasInputBreakpoint="0" comment="" breakpointFlags="0">
                    <OutputBreakpoints />
                  </Success>
                </Synchronize>
                <Loop hasInputBreakpoint="0" comment="" breakpointFlags="0">
                  <OutputBreakpoints />
                  <Sequence hasInputBreakpoint="0" comment="" breakpointFlags="0">
                    <OutputBreakpoints />
                    <ExactMove hasInputBreakpoint="0" comment="" breakpointFlags="0">
                      <OutputBreakpoints />
                    </ExactMove>
                    <Wait hasInputBreakpoint="0" comment="" breakpointFlags="0">
                      <OutputBreakpoints />
                    </Wait>
                  </Sequence>
                </Loop>
              </Parallel>
              <Parallel hasInputBreakpoint="0" comment="" breakpointFlags="0">
                <OutputBreakpoints />
                <CombatMoveDecorator hasInputBreakpoint="0" comment="" breakpointFlags="0">
                  <OutputBreakpoints />
                  <MeleeOffenseAutomationDecorator hasInputBreakpoint="0" comment="" breakpointFlags="0">
                    <OutputBreakpoints />
                    <MeleeDefenseAutomationDecorator hasInputBreakpoint="0" comment="" breakpointFlags="0">
                      <OutputBreakpoints />
                      <MeleeGuardAutomationDecorator hasInputBreakpoint="0" comment="" breakpointFlags="0">
                        <OutputBreakpoints />
                        <WeaponAutomationDecorator hasInputBreakpoint="0" comment="" breakpointFlags="0">
                          <OutputBreakpoints />
                          <CombatFollowerDecorator hasInputBreakpoint="0" comment="" breakpointFlags="0">
                            <OutputBreakpoints />
                            <CombatAction hasInputBreakpoint="0" comment="" breakpointFlags="0">
                              <OutputBreakpoints />
                            </CombatAction>
                          </CombatFollowerDecorator>
                        </WeaponAutomationDecorator>
                      </MeleeGuardAutomationDecorator>
                    </MeleeDefenseAutomationDecorator>
                  </MeleeOffenseAutomationDecorator>
                </CombatMoveDecorator>
                <NPCStateGate hasInputBreakpoint="0" comment="" breakpointFlags="0">
                  <OutputBreakpoints />
                  <Success hasInputBreakpoint="0" comment="" breakpointFlags="0">
                    <OutputBreakpoints />
                  </Success>
                </NPCStateGate>
                <NPCStateGate hasInputBreakpoint="0" comment="" breakpointFlags="0">
                  <OutputBreakpoints />
                  <Success hasInputBreakpoint="0" comment="" breakpointFlags="0">
                    <OutputBreakpoints />
                  </Success>
                </NPCStateGate>
              </Parallel>
            </Sequence>
          </EntityContext>
        </Behavior>
      </Root>
      <Forest />
      <Comments />
    </EditorData>
  </BehaviorTree>
  <BehaviorTree name="friendlyFight" is_function="0">
    <Variables />
    <Root OneTimeOnly="false" FailState="Recoverable" saveVersion="2">
      <Behavior canSkip="1">
        <EntityContext context="combat_invisible" target="">
          <Sequence>
            <GraphSearch Origin="$this.id" Borders="" depth="1" selection="true" SearchPattern="Depth" EdgePruning="&apos;parent,inventory&apos;" AllowedEdges="" SubGraph="" AllowSubtraph="false" includeOrigin="false" excludeOrigin="false" failOnEmpty="false" SetOperationChoice="Intersection|And" errorOnEmpty="false" shortCircuit="false" skipTraversed="true">
              <LinkTagFilter tag="&apos;waitForFight&apos;" prune="true" negprune="unknown" Parent="" Child="$waitForFightPoint" Data="" />
            </GraphSearch>
            <GetSpatialInfo In="$waitForFightPoint" Out="$positionToWait" What="Position" />
            <Move stopWithinDistance="0.200000" stopDistanceVariation="0.100000" rayCasteFlee="false" successDistance="0.000000" changeNPCState="true" fastForwardIncludesMove="false" destinationSpecification="$waitForFightPoint" destinationSpecification2="" destinationSpecification3="" speed="Walk" additionalParams="" pathFindingParams="" staminaPolicy="" pathInfo="" AnimationToPlay="" AnimationContext="" />
            <GraphSearch Origin="$this.id" Borders="" depth="1" selection="true" SearchPattern="Depth" EdgePruning="&apos;parent,inventory&apos;" AllowedEdges="" SubGraph="" AllowSubtraph="false" includeOrigin="false" excludeOrigin="false" failOnEmpty="false" SetOperationChoice="Intersection|And" errorOnEmpty="false" shortCircuit="false" skipTraversed="true">
              <LinkTagFilter tag="&apos;friendlyTarget&apos;" prune="true" negprune="unknown" Parent="" Child="$target" Data="" />
            </GraphSearch>
            <Concatenation OutString="$lockname" Pattern="&apos;$__object.id&apos;" />
            <Parallel successMode="Any" failureMode="Any">
              <Synchronize SemaphoreCount="2" InsideTimerValue="&apos;-1&apos;" InvalidateOnExpire="false" atomic="false" OutsideQueuePosVariable="" InsidePosVariable="" TimerType="GameTime" OutsideTimerValue="&apos;-1&apos;" LockManagerType="Global" SemaphoreName="&apos;$lockname&apos;" RunLogic="Halt">
                <Success />
              </Synchronize>
              <Loop count="-1">
                <Sequence>
                  <Turn target="$target" align="false" />
                  <Wait duration="&apos;500ms&apos;" timeType="GameTime" doFail="false" variation="" skipInLOD="false" />
                </Sequence>
              </Loop>
            </Parallel>
            <Parallel successMode="Any" failureMode="Any">
              <CombatMoveDecorator>
                <MeleeOffenseAutomationDecorator active="true">
                  <MeleeDefenseAutomationDecorator active="true">
                    <MeleeGuardAutomationDecorator GuardMode="automate" active="true">
                      <WeaponAutomationDecorator WeaponChange="melee" active="true">
                        <CombatFollowerDecorator ProbablisticDrivenSweetSpot="true" RPGSweetSpotArcDriver="true" active="true">
                          <CombatAction TargetNPC="$target" RelationOverride="Hostile" />
                        </CombatFollowerDecorator>
                      </WeaponAutomationDecorator>
                    </MeleeGuardAutomationDecorator>
                  </MeleeDefenseAutomationDecorator>
                </MeleeOffenseAutomationDecorator>
              </CombatMoveDecorator>
              <NPCStateGate State="Health" Target="$target" Low="50.000000" High="50.000000" Negation="false" RunLogic="KeepRunning">
                <Success />
              </NPCStateGate>
              <NPCStateGate State="Health" Target="$this.id" Low="50.000000" High="50.000000" Negation="false" RunLogic="KeepRunning">
                <Success />
              </NPCStateGate>
            </Parallel>
          </Sequence>
        </EntityContext>
      </Behavior>
    </Root>
    <ForestContainer />
    <EditorData EventSet="">
      <Variables />
      <ForwardDeclarations />
      <Root hasInputBreakpoint="0" comment="" breakpointFlags="0" saveVersion="2">
        <OutputBreakpoints />
        <Behavior>
          <EntityContext hasInputBreakpoint="0" comment="" breakpointFlags="0">
            <OutputBreakpoints />
            <Sequence hasInputBreakpoint="0" comment="" breakpointFlags="0">
              <OutputBreakpoints />
              <GraphSearch hasInputBreakpoint="0" comment="" breakpointFlags="0">
                <OutputBreakpoints />
                <LinkTagFilter hasInputBreakpoint="0" comment="" breakpointFlags="0">
                  <OutputBreakpoints />
                </LinkTagFilter>
              </GraphSearch>
              <GetSpatialInfo hasInputBreakpoint="0" comment="" breakpointFlags="0">
                <OutputBreakpoints />
              </GetSpatialInfo>
              <Move hasInputBreakpoint="0" comment="" breakpointFlags="0">
                <OutputBreakpoints />
              </Move>
              <GraphSearch hasInputBreakpoint="0" comment="" breakpointFlags="0">
                <OutputBreakpoints />
                <LinkTagFilter hasInputBreakpoint="0" comment="" breakpointFlags="0">
                  <OutputBreakpoints />
                </LinkTagFilter>
              </GraphSearch>
              <Concatenation hasInputBreakpoint="0" comment="" breakpointFlags="0">
                <OutputBreakpoints />
              </Concatenation>
              <Parallel hasInputBreakpoint="0" comment="" breakpointFlags="0">
                <OutputBreakpoints />
                <Synchronize hasInputBreakpoint="0" comment="" breakpointFlags="0">
                  <OutputBreakpoints />
                  <Success hasInputBreakpoint="0" comment="" breakpointFlags="0">
                    <OutputBreakpoints />
                  </Success>
                </Synchronize>
                <Loop hasInputBreakpoint="0" comment="" breakpointFlags="0">
                  <OutputBreakpoints />
                  <Sequence hasInputBreakpoint="0" comment="" breakpointFlags="0">
                    <OutputBreakpoints />
                    <Turn hasInputBreakpoint="0" comment="" breakpointFlags="0">
                      <OutputBreakpoints />
                    </Turn>
                    <Wait hasInputBreakpoint="0" comment="" breakpointFlags="0">
                      <OutputBreakpoints />
                    </Wait>
                  </Sequence>
                </Loop>
              </Parallel>
              <Parallel hasInputBreakpoint="0" comment="" breakpointFlags="0">
                <OutputBreakpoints />
                <CombatMoveDecorator hasInputBreakpoint="0" comment="" breakpointFlags="0">
                  <OutputBreakpoints />
                  <MeleeOffenseAutomationDecorator hasInputBreakpoint="0" comment="" breakpointFlags="0">
                    <OutputBreakpoints />
                    <MeleeDefenseAutomationDecorator hasInputBreakpoint="0" comment="" breakpointFlags="0">
                      <OutputBreakpoints />
                      <MeleeGuardAutomationDecorator hasInputBreakpoint="0" comment="" breakpointFlags="0">
                        <OutputBreakpoints />
                        <WeaponAutomationDecorator hasInputBreakpoint="0" comment="" breakpointFlags="0">
                          <OutputBreakpoints />
                          <CombatFollowerDecorator hasInputBreakpoint="0" comment="" breakpointFlags="0">
                            <OutputBreakpoints />
                            <CombatAction hasInputBreakpoint="0" comment="" breakpointFlags="0">
                              <OutputBreakpoints />
                            </CombatAction>
                          </CombatFollowerDecorator>
                        </WeaponAutomationDecorator>
                      </MeleeGuardAutomationDecorator>
                    </MeleeDefenseAutomationDecorator>
                  </MeleeOffenseAutomationDecorator>
                </CombatMoveDecorator>
                <NPCStateGate hasInputBreakpoint="0" comment="" breakpointFlags="0">
                  <OutputBreakpoints />
                  <Success hasInputBreakpoint="0" comment="" breakpointFlags="0">
                    <OutputBreakpoints />
                  </Success>
                </NPCStateGate>
                <NPCStateGate hasInputBreakpoint="0" comment="" breakpointFlags="0">
                  <OutputBreakpoints />
                  <Success hasInputBreakpoint="0" comment="" breakpointFlags="0">
                    <OutputBreakpoints />
                  </Success>
                </NPCStateGate>
              </Parallel>
            </Sequence>
          </EntityContext>
        </Behavior>
      </Root>
      <Forest />
      <Comments />
    </EditorData>
  </BehaviorTree>
</BehaviorTrees>