<?xml version="1.0" encoding="us-ascii"?>
<BehaviorTrees>
  <BehaviorTree name="crime_gameKeeper_haulMeatToChest" is_function="1">
    <Variables>
      <Variable name="items" type="_wuid" values="" isPersistent="0" form="array" />
      <Variable name="items_val" type="_wuid" values="" isPersistent="0" form="single" />
      <Variable name="items_val_amount" type="_int" values="" isPersistent="0" form="single" />
      <Variable name="items_val_isDivisible" type="_bool" values="" isPersistent="0" form="single" />
      <Variable name="stash" type="_wuid" values="" isPersistent="0" form="single" />
    </Variables>
    <Root OneTimeOnly="false" FailState="Recoverable" saveVersion="2">
      <Behavior canSkip="1">
        <Selector>
          <Sequence>
            <GraphSearch Origin="" Borders="" depth="1" selection="true" SearchPattern="Depth" EdgePruning="&apos;parent,inventory&apos;" AllowedEdges="" SubGraph="" AllowSubtraph="false" includeOrigin="false" excludeOrigin="false" failOnEmpty="true" SetOperationChoice="Intersection|And" errorOnEmpty="false" shortCircuit="false" skipTraversed="true">
              <LinkTagFilter tag="&apos;crime_gameKeeper_stash&apos;" prune="true" negprune="unknown" Parent="" Child="$stash" Data="" />
            </GraphSearch>
            <Move stopWithinDistance="0.200000" stopDistanceVariation="0.100000" rayCasteFlee="false" successDistance="0.000000" changeNPCState="false" fastForwardIncludesMove="false" destinationSpecification="$stash" destinationSpecification2="" destinationSpecification3="" speed="Walk" additionalParams="" pathFindingParams="" staminaPolicy="" pathInfo="" />
            <AtomicDecorator>
              <Sequence>
                <VarOperation varName="$items" targetVarName="" operation="Reinit" argument="" />
                <GraphSearch Origin="$this.id" Borders="" depth="1" selection="true" SearchPattern="Depth" EdgePruning="&apos;parent,inventory&apos;" AllowedEdges="" SubGraph="" AllowSubtraph="false" includeOrigin="false" excludeOrigin="false" failOnEmpty="true" SetOperationChoice="Intersection|And" errorOnEmpty="false" shortCircuit="false" skipTraversed="true">
                  <LinkTagFilter tag="&apos;crime_gameKeeper_hauledItem&apos;" prune="true" negprune="unknown" Parent="" Child="" Data="" />
                  <Nodalyzer Quantifiers="ForAll" Parent="" Child="$items" saveVersion="2" />
                </GraphSearch>
                <ForEach startIndex="0" step="1" array="$items" iterator="" value="$items_val" break="">
                  <Sequence>
                    <GetItemProperty itemId="$items_val" property="IsDivisible" result="$items_val_isDivisible" />
                    <IfElseCondition failOnCondition="false" condition="$items_val_isDivisible" saveVersion="2">
                      <Then canSkip="1">
                        <GetItemProperty itemId="$items_val" property="Amount" result="$items_val_amount" />
                      </Then>
                      <Else canSkip="1">
                        <Expression expressions="$items_val_amount = 0" />
                      </Else>
                    </IfElseCondition>
                    <MoveItem Item="$items_val" ItemGUID="" Source="$this.id" Target="$stash" Amount="$items_val_amount" FailOnDoesntExist="false" NotifyUI="false" MovedItem="" ChangeOwnership="true" />
                    <RemoveLink From="$this.id" To="$items_val" Tag="&apos;crime_gameKeeper_hauledItem&apos;" LinkOpHandleMode="Error" />
                  </Sequence>
                </ForEach>
              </Sequence>
            </AtomicDecorator>
          </Sequence>
          <ErrorNode Message="&apos;[$this.name;] unable to store items in gameKeeper\&apos;s stash (interrupt_haulGameMeat)&apos;" />
        </Selector>
      </Behavior>
    </Root>
    <ForestContainer />
    <EditorData EventSet="">
      <Variables>
        <Variable name="items" comment="" />
        <Variable name="items_val" comment="" />
        <Variable name="items_val_amount" comment="" />
        <Variable name="items_val_isDivisible" comment="" />
        <Variable name="stash" comment="" />
      </Variables>
      <ForwardDeclarations />
      <Root hasInputBreakpoint="0" comment="" breakpointFlags="0" saveVersion="2">
        <OutputBreakpoints />
        <Behavior>
          <Selector hasInputBreakpoint="0" comment="" breakpointFlags="0">
            <OutputBreakpoints />
            <Sequence hasInputBreakpoint="0" comment="" breakpointFlags="0">
              <OutputBreakpoints />
              <GraphSearch hasInputBreakpoint="0" comment="" breakpointFlags="0">
                <OutputBreakpoints />
                <LinkTagFilter hasInputBreakpoint="0" comment="" breakpointFlags="0">
                  <OutputBreakpoints />
                </LinkTagFilter>
              </GraphSearch>
              <Move hasInputBreakpoint="0" comment="" breakpointFlags="0">
                <OutputBreakpoints />
              </Move>
              <AtomicDecorator hasInputBreakpoint="0" comment="" breakpointFlags="0">
                <OutputBreakpoints />
                <Sequence hasInputBreakpoint="0" comment="" breakpointFlags="0">
                  <OutputBreakpoints />
                  <VarOperation hasInputBreakpoint="0" comment="" breakpointFlags="0">
                    <OutputBreakpoints />
                  </VarOperation>
                  <GraphSearch hasInputBreakpoint="0" comment="" breakpointFlags="0">
                    <OutputBreakpoints />
                    <LinkTagFilter hasInputBreakpoint="0" comment="" breakpointFlags="0">
                      <OutputBreakpoints />
                    </LinkTagFilter>
                    <Nodalyzer hasInputBreakpoint="0" comment="" breakpointFlags="0" saveVersion="2">
                      <OutputBreakpoints />
                    </Nodalyzer>
                  </GraphSearch>
                  <ForEach hasInputBreakpoint="0" comment="" breakpointFlags="0">
                    <OutputBreakpoints />
                    <Sequence hasInputBreakpoint="0" comment="" breakpointFlags="0">
                      <OutputBreakpoints />
                      <GetItemProperty hasInputBreakpoint="0" comment="" breakpointFlags="0">
                        <OutputBreakpoints />
                      </GetItemProperty>
                      <IfElseCondition hasInputBreakpoint="0" comment="" breakpointFlags="0" saveVersion="2">
                        <OutputBreakpoints />
                        <Then>
                          <GetItemProperty hasInputBreakpoint="0" comment="" breakpointFlags="0">
                            <OutputBreakpoints />
                          </GetItemProperty>
                        </Then>
                        <Else>
                          <Expression hasInputBreakpoint="0" comment="" breakpointFlags="0">
                            <OutputBreakpoints />
                          </Expression>
                        </Else>
                      </IfElseCondition>
                      <MoveItem hasInputBreakpoint="0" comment="" breakpointFlags="0">
                        <OutputBreakpoints />
                      </MoveItem>
                      <RemoveLink hasInputBreakpoint="0" comment="" breakpointFlags="0">
                        <OutputBreakpoints />
                      </RemoveLink>
                    </Sequence>
                  </ForEach>
                </Sequence>
              </AtomicDecorator>
            </Sequence>
            <ErrorNode hasInputBreakpoint="0" comment="" breakpointFlags="0">
              <OutputBreakpoints />
            </ErrorNode>
          </Selector>
        </Behavior>
      </Root>
      <Forest />
      <Comments />
    </EditorData>
  </BehaviorTree>
</BehaviorTrees>