<?xml version="1.0" encoding="us-ascii"?>
<BehaviorTrees>
  <BehaviorTree name="crime_getAnimalContextFromString" is_function="1">
    <Variables />
    <Parameters>
      <Variable name="animal_archetype" type="_string" values="" isPersistent="0" form="single" requirementType="In" />
      <Variable name="animal_archetype_float" type="_float" values="" isPersistent="0" form="single" requirementType="Out" />
    </Parameters>
    <Root OneTimeOnly="false" FailState="Recoverable" saveVersion="2">
      <Behavior canSkip="1">
        <Switch>
          <IfCondition failOnCondition="false" condition="$animal_archetype == &apos;Boar&apos;">
            <Expression expressions="$animal_archetype_float = 1" />
          </IfCondition>
          <IfCondition failOnCondition="false" condition="$animal_archetype == &apos;RedDeerStag&apos; | &#10;$animal_archetype == &apos;RedDeerDoe&apos;">
            <Expression expressions="$animal_archetype_float = 2" />
          </IfCondition>
          <IfCondition failOnCondition="false" condition="$animal_archetype == &apos;RoeDeerBuck&apos; | &#10;$animal_archetype == &apos;RoeDeerHind&apos;">
            <Expression expressions="$animal_archetype_float = 3" />
          </IfCondition>
          <IfCondition failOnCondition="false" condition="$animal_archetype == &apos;CattleCow&apos;">
            <Expression expressions="$animal_archetype_float = 4" />
          </IfCondition>
          <IfCondition failOnCondition="false" condition="$animal_archetype == &apos;SheepEwe&apos;">
            <Expression expressions="$animal_archetype_float = 5" />
          </IfCondition>
          <IfCondition failOnCondition="false" condition="$animal_archetype == &apos;Dog&apos;">
            <Expression expressions="$animal_archetype_float = 6" />
          </IfCondition>
          <IfCondition failOnCondition="false" condition="$animal_archetype == &apos;Horse&apos;">
            <Expression expressions="$animal_archetype_float = 7" />
          </IfCondition>
          <IfCondition failOnCondition="false" condition="$animal_archetype == &apos;Pig&apos;">
            <Expression expressions="$animal_archetype_float = 8" />
          </IfCondition>
          <IfCondition failOnCondition="false" condition="$animal_archetype == &apos;Chicken&apos;">
            <Expression expressions="$animal_archetype_float = 9" />
          </IfCondition>
          <IfCondition failOnCondition="false" condition="$animal_archetype == &apos;CattleBull&apos;">
            <Expression expressions="$animal_archetype_float = 10" />
          </IfCondition>
          <IfCondition failOnCondition="false" condition="$animal_archetype == &apos;SheepRam&apos;">
            <Expression expressions="$animal_archetype_float = 11" />
          </IfCondition>
          <DefaultBranch>
            <ErrorNode Message="&apos;[$this.name;] unknown animalArchetype in getAnimalContextFromString&apos;" />
          </DefaultBranch>
        </Switch>
      </Behavior>
    </Root>
    <ForestContainer />
    <EditorData EventSet="">
      <Variables>
        <Variable name="animal_archetype" comment="" />
        <Variable name="animal_archetype_float" comment="" />
      </Variables>
      <ForwardDeclarations />
      <Root hasInputBreakpoint="0" comment="" breakpointFlags="0" saveVersion="2">
        <OutputBreakpoints />
        <Behavior>
          <Switch hasInputBreakpoint="0" comment="" breakpointFlags="0">
            <OutputBreakpoints />
            <IfCondition hasInputBreakpoint="0" comment="" breakpointFlags="0">
              <OutputBreakpoints />
              <Expression hasInputBreakpoint="0" comment="" breakpointFlags="0">
                <OutputBreakpoints />
              </Expression>
            </IfCondition>
            <IfCondition hasInputBreakpoint="0" comment="" breakpointFlags="0">
              <OutputBreakpoints />
              <Expression hasInputBreakpoint="0" comment="" breakpointFlags="0">
                <OutputBreakpoints />
              </Expression>
            </IfCondition>
            <IfCondition hasInputBreakpoint="0" comment="" breakpointFlags="0">
              <OutputBreakpoints />
              <Expression hasInputBreakpoint="0" comment="" breakpointFlags="0">
                <OutputBreakpoints />
              </Expression>
            </IfCondition>
            <IfCondition hasInputBreakpoint="0" comment="" breakpointFlags="0">
              <OutputBreakpoints />
              <Expression hasInputBreakpoint="0" comment="" breakpointFlags="0">
                <OutputBreakpoints />
              </Expression>
            </IfCondition>
            <IfCondition hasInputBreakpoint="0" comment="" breakpointFlags="0">
              <OutputBreakpoints />
              <Expression hasInputBreakpoint="0" comment="" breakpointFlags="0">
                <OutputBreakpoints />
              </Expression>
            </IfCondition>
            <IfCondition hasInputBreakpoint="0" comment="" breakpointFlags="0">
              <OutputBreakpoints />
              <Expression hasInputBreakpoint="0" comment="" breakpointFlags="0">
                <OutputBreakpoints />
              </Expression>
            </IfCondition>
            <IfCondition hasInputBreakpoint="0" comment="" breakpointFlags="0">
              <OutputBreakpoints />
              <Expression hasInputBreakpoint="0" comment="" breakpointFlags="0">
                <OutputBreakpoints />
              </Expression>
            </IfCondition>
            <IfCondition hasInputBreakpoint="0" comment="" breakpointFlags="0">
              <OutputBreakpoints />
              <Expression hasInputBreakpoint="0" comment="" breakpointFlags="0">
                <OutputBreakpoints />
              </Expression>
            </IfCondition>
            <IfCondition hasInputBreakpoint="0" comment="" breakpointFlags="0">
              <OutputBreakpoints />
              <Expression hasInputBreakpoint="0" comment="" breakpointFlags="0">
                <OutputBreakpoints />
              </Expression>
            </IfCondition>
            <IfCondition hasInputBreakpoint="0" comment="" breakpointFlags="0">
              <OutputBreakpoints />
              <Expression hasInputBreakpoint="0" comment="" breakpointFlags="0">
                <OutputBreakpoints />
              </Expression>
            </IfCondition>
            <IfCondition hasInputBreakpoint="0" comment="" breakpointFlags="0">
              <OutputBreakpoints />
              <Expression hasInputBreakpoint="0" comment="" breakpointFlags="0">
                <OutputBreakpoints />
              </Expression>
            </IfCondition>
            <DefaultBranch>
              <ErrorNode hasInputBreakpoint="0" comment="" breakpointFlags="0">
                <OutputBreakpoints />
              </ErrorNode>
            </DefaultBranch>
          </Switch>
        </Behavior>
      </Root>
      <Forest />
      <Comments />
    </EditorData>
  </BehaviorTree>
</BehaviorTrees>