<?xml version="1.0" encoding="us-ascii"?>
<BehaviorTrees>
  <BehaviorTree name="crime_getAreMates" is_function="1">
    <Variables />
    <Parameters>
      <Variable name="areMates" type="_bool" values="" isPersistent="0" form="single" requirementType="Out" />
      <Variable name="npc1" type="_wuid" values="" isPersistent="0" form="single" requirementType="In" />
      <Variable name="npc2" type="_wuid" values="" isPersistent="0" form="single" requirementType="In" />
    </Parameters>
    <Root OneTimeOnly="false" FailState="Recoverable" saveVersion="2">
      <Behavior canSkip="1">
        <ErrorNode Message="&apos;Function is obsolete. Use its code successor.&apos;" />
      </Behavior>
    </Root>
    <ForestContainer>
        <SuppressFailure>
          <IfElseCondition failOnCondition="false" condition="$npc1 == $npc2" saveVersion="2">
            <Then canSkip="1">
              <Expression expressions="$areMates = true" />
            </Then>
            <Else canSkip="1">
          <Sequence>
            <GraphSearch Origin="$npc1" Borders="" depth="2" selection="true" SearchPattern="Depth" EdgePruning="&apos;parent,inventory&apos;" AllowedEdges="" SubGraph="&apos;home,home_inhabitant&apos;" AllowSubtraph="false" includeOrigin="false" excludeOrigin="false" failOnEmpty="true" SetOperationChoice="Intersection|And" errorOnEmpty="false" shortCircuit="false" skipTraversed="true">
              <LinkTagFilter tag="&apos;home_inhabitant&apos;" prune="true" negprune="unknown" Parent="" Child="" Data="" />
              <WUIDFilter WUID="$npc2" Source="Child" prune="true" negprune="unknown" Parent="" Child="" />
            </GraphSearch>
            <Expression expressions="$areMates = true" />
          </Sequence>
            </Else>
          </IfElseCondition>
        </SuppressFailure>
    </ForestContainer>
    <EditorData EventSet="">
      <Variables>
        <Variable name="areMates" comment="" />
        <Variable name="npc1" comment="" />
        <Variable name="npc2" comment="" />
      </Variables>
      <ForwardDeclarations />
      <Root hasInputBreakpoint="0" comment="" breakpointFlags="0" saveVersion="2">
        <OutputBreakpoints />
        <Behavior>
          <ErrorNode hasInputBreakpoint="0" comment="" breakpointFlags="0">
            <OutputBreakpoints />
          </ErrorNode>
        </Behavior>
      </Root>
      <Forest>
        <SuppressFailure editorPosX="310" editorPosY="270" hasInputBreakpoint="0" comment="" breakpointFlags="0">
            <OutputBreakpoints />
            <IfElseCondition hasInputBreakpoint="0" comment="" breakpointFlags="0" saveVersion="2">
              <OutputBreakpoints />
              <Then>
                <Expression hasInputBreakpoint="0" comment="" breakpointFlags="0">
                  <OutputBreakpoints />
                </Expression>
              </Then>
              <Else>
            <Sequence hasInputBreakpoint="0" comment="" breakpointFlags="0">
              <OutputBreakpoints />
              <GraphSearch hasInputBreakpoint="0" comment="" breakpointFlags="0">
                <OutputBreakpoints />
                <LinkTagFilter hasInputBreakpoint="0" comment="" breakpointFlags="0">
                  <OutputBreakpoints />
                </LinkTagFilter>
                <WUIDFilter hasInputBreakpoint="0" comment="" breakpointFlags="0">
                  <OutputBreakpoints />
                </WUIDFilter>
              </GraphSearch>
              <Expression hasInputBreakpoint="0" comment="" breakpointFlags="0">
                <OutputBreakpoints />
              </Expression>
            </Sequence>
              </Else>
            </IfElseCondition>
          </SuppressFailure>
      </Forest>
      <Comments />
    </EditorData>
  </BehaviorTree>
</BehaviorTrees>