<?xml version="1.0" encoding="us-ascii"?>
<BehaviorTrees>
  <BehaviorTree name="crime_getAllFriendlyCombatParticipants" is_function="1">
    <Variables>
      <Variable name="allParticipants" type="_wuid" values="" isPersistent="0" form="array" />
      <Variable name="isEnemy" type="_bool" values="" isPersistent="0" form="single" />
      <Variable name="participant" type="_wuid" values="" isPersistent="0" form="single" />
    </Variables>
    <Parameters>
      <Variable name="finalParticipants" type="_wuid" values="" isPersistent="0" form="array" requirementType="Reference" />
      <Variable name="unableToSurrender" type="_bool" values="" isPersistent="0" form="single" requirementType="Out" />
    </Parameters>
    <Root OneTimeOnly="false" FailState="Recoverable" saveVersion="2">
      <Behavior canSkip="1">
        <Sequence>
          <GetSkirmishParticipants ReferenceNPC="$this.id" Active="true" Passive="false" Targets="true" ParticipantsOutVar="$allParticipants" />
          <ForEach startIndex="0" step="1" array="$allParticipants" iterator="" value="$participant" break="">
            <CheckRelationshipInterval_SoulToSoul TargetSoul="$participant" Soul="$this.id" Flag="enemy" saveVersion="2">
              <Then canSkip="1">
                <IfCondition failOnCondition="false" condition="$participant ~= $__player">
                  <Expression expressions="$unableToSurrender = true" />
                </IfCondition>
              </Then>
              <Else canSkip="1">
                <VarOperation varName="$finalParticipants" targetVarName="" operation="PushFront" argument="($participant)" />
              </Else>
            </CheckRelationshipInterval_SoulToSoul>
          </ForEach>
        </Sequence>
      </Behavior>
    </Root>
    <ForestContainer />
    <EditorData EventSet="">
      <Variables>
        <Variable name="allParticipants" comment="" />
        <Variable name="isEnemy" comment="" />
        <Variable name="participant" comment="" />
        <Variable name="finalParticipants" comment="" />
        <Variable name="unableToSurrender" comment="" />
      </Variables>
      <ForwardDeclarations />
      <Root editorPosX="-20" editorPosY="-80" hasInputBreakpoint="0" comment="" breakpointFlags="0" saveVersion="2">
        <OutputBreakpoints />
        <Behavior>
          <Sequence hasInputBreakpoint="0" comment="" breakpointFlags="0">
            <OutputBreakpoints />
            <GetSkirmishParticipants hasInputBreakpoint="0" comment="" breakpointFlags="0">
              <OutputBreakpoints />
            </GetSkirmishParticipants>
            <ForEach hasInputBreakpoint="0" comment="" breakpointFlags="0">
              <OutputBreakpoints />
              <CheckRelationshipInterval_SoulToSoul hasInputBreakpoint="0" comment="" breakpointFlags="0" saveVersion="2">
                <OutputBreakpoints />
                <Then>
                  <IfCondition hasInputBreakpoint="0" comment="" breakpointFlags="0">
                    <OutputBreakpoints />
                    <Expression hasInputBreakpoint="0" comment="" breakpointFlags="0">
                      <OutputBreakpoints />
                    </Expression>
                  </IfCondition>
                </Then>
                <Else>
                  <VarOperation hasInputBreakpoint="0" comment="" breakpointFlags="0">
                    <OutputBreakpoints />
                  </VarOperation>
                </Else>
              </CheckRelationshipInterval_SoulToSoul>
            </ForEach>
          </Sequence>
        </Behavior>
      </Root>
      <Forest />
      <Comments />
    </EditorData>
  </BehaviorTree>
</BehaviorTrees>
