<?xml version="1.0" encoding="us-ascii"?>
<BehaviorTrees>
  <BehaviorTree name="crime_getAnchor" is_function="1">
    <Variables>
      <Variable name="createNew" type="_bool" values="" isPersistent="0" form="single" />
      <Variable name="currentTime" type="_int64" values="" isPersistent="0" form="single" />
      <Variable name="time" type="_float" values="" isPersistent="0" form="single" />
      <Variable name="timeint" type="_int" values="" isPersistent="0" form="single" />
    </Variables>
    <Parameters>
      <Variable name="anchor" type="crime:anchor" values="" isPersistent="0" form="single" requirementType="Out" />
    </Parameters>
    <Root OneTimeOnly="false" FailState="Recoverable" saveVersion="2">
      <Behavior canSkip="1">
        <Selector>
          <Sequence>
            <GraphSearch Origin="$this.id" Borders="" depth="1" selection="true" SearchPattern="Depth" EdgePruning="&apos;parent,inventory&apos;" AllowedEdges="" SubGraph="&apos;crime_anchor&apos;" AllowSubtraph="false" includeOrigin="false" excludeOrigin="false" failOnEmpty="true" SetOperationChoice="Intersection|And" errorOnEmpty="false" shortCircuit="false" skipTraversed="true">
              <LinkTagFilter tag="&apos;crime_anchor&apos;" prune="true" negprune="unknown" Parent="" Child="" Data="$anchor" />
            </GraphSearch>
            <GetTime TimeType="GameTime" OutVar="$currentTime" Delta="" />
            <IfElseCondition failOnCondition="false" condition="$currentTime &gt; $anchor.timestamp + $data:script_param[&apos;crime_anchor_expiration_time&apos;].value" saveVersion="2">
              <Then canSkip="1">
                <Fail />
              </Then>
              <Else canSkip="1">
                <Success />
              </Else>
            </IfElseCondition>
          </Sequence>
          <Sequence>
            <GetSpatialInfo In="$this.id" Out="$anchor.position" What="Position" />
            <GetTime TimeType="GameTime" OutVar="$anchor.timestamp" Delta="" />
            <AddLink From="$this.id" To="$this.id" Tag="&apos;crime_anchor&apos;" Data="$anchor" LinkOpHandleMode="OverWrite" />
          </Sequence>
        </Selector>
      </Behavior>
    </Root>
    <ForestContainer />
    <EditorData EventSet="">
      <Variables>
        <Variable name="createNew" comment="" />
        <Variable name="currentTime" comment="" />
        <Variable name="time" comment="" />
        <Variable name="timeint" comment="" />
        <Variable name="anchor" comment="" />
      </Variables>
      <ForwardDeclarations />
      <Root hasInputBreakpoint="0" comment="" breakpointFlags="0" saveVersion="2">
        <OutputBreakpoints />
        <Behavior>
          <Selector hasInputBreakpoint="0" comment="" breakpointFlags="0">
            <OutputBreakpoints />
            <Sequence hasInputBreakpoint="0" comment="" breakpointFlags="0">
              <OutputBreakpoints />
              <GraphSearch hasInputBreakpoint="0" comment="" breakpointFlags="0">
                <OutputBreakpoints />
                <LinkTagFilter hasInputBreakpoint="0" comment="" breakpointFlags="0">
                  <OutputBreakpoints />
                </LinkTagFilter>
              </GraphSearch>
              <GetTime hasInputBreakpoint="0" comment="" breakpointFlags="0">
                <OutputBreakpoints />
              </GetTime>
              <IfElseCondition hasInputBreakpoint="0" comment="" breakpointFlags="0" saveVersion="2">
                <OutputBreakpoints />
                <Then>
                  <Fail hasInputBreakpoint="0" comment="Overwrite old anchor" breakpointFlags="0">
                    <OutputBreakpoints />
                  </Fail>
                </Then>
                <Else>
                  <Success hasInputBreakpoint="0" comment="Keep already existing anchor" breakpointFlags="0">
                    <OutputBreakpoints />
                  </Success>
                </Else>
              </IfElseCondition>
            </Sequence>
            <Sequence hasInputBreakpoint="0" comment="Create new anchor" breakpointFlags="0">
              <OutputBreakpoints />
              <GetSpatialInfo hasInputBreakpoint="0" comment="" breakpointFlags="0">
                <OutputBreakpoints />
              </GetSpatialInfo>
              <GetTime hasInputBreakpoint="0" comment="Tweak delta" breakpointFlags="0">
                <OutputBreakpoints />
              </GetTime>
              <AddLink hasInputBreakpoint="0" comment="" breakpointFlags="0">
                <OutputBreakpoints />
              </AddLink>
            </Sequence>
          </Selector>
        </Behavior>
      </Root>
      <Forest />
      <Comments />
    </EditorData>
  </BehaviorTree>
</BehaviorTrees>