<?xml version="1.0" encoding="us-ascii"?>
<BehaviorTrees>
  <BehaviorTree name="crime_getArrestEscalation" is_function="1">
    <Variables>
      <Variable name="now" type="_int64" values="" isPersistent="0" form="single" />
    </Variables>
    <Parameters>
      <Variable name="isEscalated" type="_bool" values="" isPersistent="0" form="single" requirementType="Out" />
    </Parameters>
    <Root OneTimeOnly="false" FailState="Recoverable" saveVersion="2">
      <Behavior canSkip="1">
        <ErrorNode Message="&apos;Function is obsolete. Use its code successor.&apos;" />
      </Behavior>
    </Root>
    <ForestContainer>
        <Sequence>
          <GetTime TimeType="GameTime" OutVar="$now" Delta="" />
          <SuppressFailure>
            <Sequence>
              <GraphSearch Origin="$__player" Borders="" depth="1" selection="true" SearchPattern="Depth" EdgePruning="&apos;parent,inventory&apos;" AllowedEdges="" SubGraph="" AllowSubtraph="false" includeOrigin="false" excludeOrigin="false" failOnEmpty="true" SetOperationChoice="Intersection|And" errorOnEmpty="false" shortCircuit="false" skipTraversed="true">
                <LinkTagFilter tag="&apos;crime_arrestEscalation&apos;" prune="true" negprune="unknown" Parent="" Child="" Data="" />
                <LinkDataFilter tag="&apos;crime_arrestEscalation&apos;" condition="$__link_crime_arrestEscalation.timestamp &gt; $now - $data:script_param[&apos;crime_arrestEscalationPeriod&apos;].value" prune="true" negprune="unknown" Parent="" Child="" Data="" />
                <RangeFilter min="0.000000" max="$data:script_param[&apos;crime_crimeSceneSpatialSize&apos;].value" point="$__player" excludeRef="true" Source="Child" prune="true" negprune="unknown" Parent="" Child="" />
              </GraphSearch>
              <Expression expressions="$isEscalated = true" />
            <AddArrestEscalation Npc="$this.id" Reset="false" />
            </Sequence>
          </SuppressFailure>
        </Sequence>
    </ForestContainer>
    <EditorData EventSet="">
      <Variables>
        <Variable name="now" comment="" />
        <Variable name="isEscalated" comment="" />
      </Variables>
      <ForwardDeclarations />
      <Root hasInputBreakpoint="0" comment="" breakpointFlags="0" saveVersion="2">
        <OutputBreakpoints />
        <Behavior>
          <ErrorNode hasInputBreakpoint="0" comment="" breakpointFlags="0">
            <OutputBreakpoints />
          </ErrorNode>
        </Behavior>
      </Root>
      <Forest>
        <Sequence editorPosX="290" editorPosY="230" hasInputBreakpoint="0" comment="" breakpointFlags="0">
            <OutputBreakpoints />
            <GetTime hasInputBreakpoint="0" comment="" breakpointFlags="0">
              <OutputBreakpoints />
            </GetTime>
            <SuppressFailure hasInputBreakpoint="0" comment="" breakpointFlags="0">
              <OutputBreakpoints />
              <Sequence hasInputBreakpoint="0" comment="" breakpointFlags="0">
                <OutputBreakpoints />
                <GraphSearch hasInputBreakpoint="0" comment="" breakpointFlags="0">
                  <OutputBreakpoints />
                  <LinkTagFilter hasInputBreakpoint="0" comment="" breakpointFlags="0">
                    <OutputBreakpoints />
                  </LinkTagFilter>
                  <LinkDataFilter hasInputBreakpoint="0" comment="" breakpointFlags="0">
                    <OutputBreakpoints />
                  </LinkDataFilter>
                  <RangeFilter hasInputBreakpoint="0" comment="" breakpointFlags="0">
                    <OutputBreakpoints />
                  </RangeFilter>
                </GraphSearch>
                <Expression hasInputBreakpoint="0" comment="" breakpointFlags="0">
                  <OutputBreakpoints />
                </Expression>
              <AddArrestEscalation hasInputBreakpoint="0" comment="" breakpointFlags="0">
                  <OutputBreakpoints />
              </AddArrestEscalation>
              </Sequence>
            </SuppressFailure>
          </Sequence>
      </Forest>
      <Comments />
    </EditorData>
  </BehaviorTree>
</BehaviorTrees>