<?xml version="1.0" encoding="us-ascii"?>
<BehaviorTrees>
	<BehaviorTree name="crime_getCrimeInformationFromAlarm" is_function="1">
		<Variables />
		<Parameters>
			<Variable name="alarmInformation" type="information" values="" isPersistent="0" form="single" requirementType="In" />
			<Variable name="crimeInformation" type="information" values="" isPersistent="0" form="single" requirementType="Out" />
		</Parameters>
		<Root OneTimeOnly="false" FailState="Recoverable" saveVersion="2">
			<Behavior canSkip="1">
				<SuppressFailure>
					<GetDynamicInformationValue Information="$alarmInformation" Tag="&apos;crimeInformation&apos;" Out="$crimeInformation" />
				</SuppressFailure>
			</Behavior>
		</Root>
		<ForestContainer />
		<EditorData EventSet="">
			<Variables>
				<Variable name="alarmInformation" comment="" />
				<Variable name="crimeInformation" comment="" />
			</Variables>
			<ForwardDeclarations />
			<Root hasInputBreakpoint="0" comment="" breakpointFlags="0" saveVersion="2">
				<OutputBreakpoints />
				<Behavior>
					<SuppressFailure hasInputBreakpoint="0" comment="" breakpointFlags="0">
						<OutputBreakpoints />
						<GetDynamicInformationValue hasInputBreakpoint="0" comment="" breakpointFlags="0">
							<OutputBreakpoints />
						</GetDynamicInformationValue>
					</SuppressFailure>
				</Behavior>
			</Root>
			<Forest />
			<Comments />
		</EditorData>
	</BehaviorTree>
</BehaviorTrees>