<?xml version="1.0" encoding="us-ascii"?>
<BehaviorTrees>
  <BehaviorTree name="crime_getCorpseSeenBefore" is_function="1">
    <Variables>
      <Variable name="corpseSeenBy" type="_wuid" values="" isPersistent="0" form="array" />
      <Variable name="information" type="information" values="" isPersistent="0" form="single" />
      <Variable name="useless" type="_int" values="" isPersistent="0" form="single" />
    </Variables>
    <Parameters>
      <Variable name="corpse" type="_wuid" values="" isPersistent="0" form="single" requirementType="In" />
      <Variable name="seenBefore" type="_bool" values="" isPersistent="0" form="single" requirementType="Out" />
    </Parameters>
    <Root OneTimeOnly="false" FailState="Recoverable" saveVersion="2">
      <Behavior canSkip="1">
        <SuppressFailure>
          <Sequence>
            <RetrieveInformation PerceivedWuid="$corpse" label="&apos;corpse&apos;" OutVariable="$information" />
            <LockDynamicInformationValues Information="$information">
              <Sequence>
                <GetDynamicInformationValue Information="$information" Tag="&apos;seenBy&apos;" Out="$corpseSeenBy" />
                <FindInArray array="$corpseSeenBy" keyOut="$useless" condition="$__value == $this.id" />
                <Expression expressions="$seenBefore = true" />
              </Sequence>
            </LockDynamicInformationValues>
          </Sequence>
        </SuppressFailure>
      </Behavior>
    </Root>
    <ForestContainer />
    <EditorData EventSet="">
      <Variables>
        <Variable name="corpseSeenBy" comment="" />
        <Variable name="information" comment="" />
        <Variable name="useless" comment="" />
        <Variable name="corpse" comment="" />
        <Variable name="seenBefore" comment="" />
      </Variables>
      <ForwardDeclarations />
      <Root hasInputBreakpoint="0" comment="" breakpointFlags="0" saveVersion="2">
        <OutputBreakpoints />
        <Behavior>
          <SuppressFailure hasInputBreakpoint="0" comment="" breakpointFlags="0">
            <OutputBreakpoints />
            <Sequence hasInputBreakpoint="0" comment="" breakpointFlags="0">
              <OutputBreakpoints />
              <RetrieveInformation hasInputBreakpoint="0" comment="" breakpointFlags="0">
                <OutputBreakpoints />
              </RetrieveInformation>
              <LockDynamicInformationValues hasInputBreakpoint="0" comment="" breakpointFlags="0">
                <OutputBreakpoints />
                <Sequence hasInputBreakpoint="0" comment="" breakpointFlags="0">
                  <OutputBreakpoints />
                  <GetDynamicInformationValue hasInputBreakpoint="0" comment="" breakpointFlags="0">
                    <OutputBreakpoints />
                  </GetDynamicInformationValue>
                  <FindInArray hasInputBreakpoint="0" comment="" breakpointFlags="0">
                    <OutputBreakpoints />
                  </FindInArray>
                  <Expression hasInputBreakpoint="0" comment="" breakpointFlags="0">
                    <OutputBreakpoints />
                  </Expression>
                </Sequence>
              </LockDynamicInformationValues>
            </Sequence>
          </SuppressFailure>
        </Behavior>
      </Root>
      <Forest />
      <Comments />
    </EditorData>
  </BehaviorTree>
</BehaviorTrees>