<?xml version="1.0" encoding="us-ascii"?>
<BehaviorTrees>
	<BehaviorTree name="crime_getCloserNpcs" is_function="1">
		<Variables>
			<Variable name="myDistance" type="_float" values="" isPersistent="0" form="single" />
			<Variable name="myPos" type="vec3" values="" isPersistent="0" form="single" />
			<Variable name="queryNpcs" type="_wuid" values="" isPersistent="0" form="array" />
			<Variable name="queryNpcs_value" type="_wuid" values="" isPersistent="0" form="single" />
			<Variable name="queryNpcs_value_distance" type="_float" values="" isPersistent="0" form="single" />
			<Variable name="queryNpcs_value_pos" type="vec3" values="" isPersistent="0" form="single" />
		</Variables>
		<Parameters>
			<Variable name="closerNpcs" type="_wuid" values="" isPersistent="0" form="array" requirementType="Out" />
			<Variable name="pos" type="vec3" values="" isPersistent="0" form="single" requirementType="In" />
		</Parameters>
		<Root OneTimeOnly="false" FailState="Recoverable" saveVersion="2">
			<Behavior canSkip="1">
				<Sequence>
					<GetSpatialInfo In="$this.id" Out="$myPos" What="Position" />
					<MeasureDistance position1="$pos" position2="$myPos" mode="ThreeDimensions" result="$myDistance" />
					<CircularSpatialQuery Radius="$myDistance" Center="$pos" ToFill="$queryNpcs" Precision="Exact" Filter="ConsciousHumanNPCsPlayerExcluded" />
					<ForEach startIndex="0" step="1" array="$queryNpcs" iterator="" value="$queryNpcs_value" break="">
						<Sequence>
							<GetSpatialInfo In="$queryNpcs_value" Out="$queryNpcs_value_pos" What="Position" />
							<MeasureDistance position1="$pos" position2="$queryNpcs_value_pos" mode="ThreeDimensions" result="$queryNpcs_value_distance" />
							<IfCondition failOnCondition="false" condition="$queryNpcs_value ~= $this.id &amp; &#10;$queryNpcs_value_distance &lt; $myDistance">
								<PushToArray array="$closerNpcs" value="$queryNpcs_value" direction="Back" />
							</IfCondition>
						</Sequence>
					</ForEach>
				</Sequence>
			</Behavior>
		</Root>
		<ForestContainer />
		<EditorData EventSet="">
			<Variables>
				<Variable name="myDistance" comment="" />
				<Variable name="myPos" comment="" />
				<Variable name="queryNpcs" comment="" />
				<Variable name="queryNpcs_value" comment="" />
				<Variable name="queryNpcs_value_distance" comment="" />
				<Variable name="queryNpcs_value_pos" comment="" />
				<Variable name="closerNpcs" comment="" />
				<Variable name="pos" comment="" />
			</Variables>
			<ForwardDeclarations />
			<Root hasInputBreakpoint="0" comment="" breakpointFlags="0" saveVersion="2">
				<OutputBreakpoints />
				<Behavior>
					<Sequence hasInputBreakpoint="0" comment="" breakpointFlags="0">
						<OutputBreakpoints />
						<GetSpatialInfo hasInputBreakpoint="0" comment="" breakpointFlags="0">
							<OutputBreakpoints />
						</GetSpatialInfo>
						<MeasureDistance hasInputBreakpoint="0" comment="" breakpointFlags="0">
							<OutputBreakpoints />
						</MeasureDistance>
						<CircularSpatialQuery hasInputBreakpoint="0" comment="" breakpointFlags="0">
							<OutputBreakpoints />
						</CircularSpatialQuery>
						<ForEach hasInputBreakpoint="0" comment="" breakpointFlags="0">
							<OutputBreakpoints />
							<Sequence hasInputBreakpoint="0" comment="" breakpointFlags="0">
								<OutputBreakpoints />
								<GetSpatialInfo hasInputBreakpoint="0" comment="" breakpointFlags="0">
									<OutputBreakpoints />
								</GetSpatialInfo>
								<MeasureDistance hasInputBreakpoint="0" comment="" breakpointFlags="0">
									<OutputBreakpoints />
								</MeasureDistance>
								<IfCondition hasInputBreakpoint="0" comment="" breakpointFlags="0">
									<OutputBreakpoints />
									<PushToArray hasInputBreakpoint="0" comment="" breakpointFlags="0">
										<OutputBreakpoints />
									</PushToArray>
								</IfCondition>
							</Sequence>
						</ForEach>
					</Sequence>
				</Behavior>
			</Root>
			<Forest />
			<Comments />
		</EditorData>
	</BehaviorTree>
</BehaviorTrees>