<?xml version="1.0" encoding="us-ascii"?>
<BehaviorTrees>
  <BehaviorTree name="crime_getEquipmentsHome" is_function="1">
    <Variables />
    <Parameters>
      <Variable name="equipment" type="_wuid" values="" isPersistent="0" form="single" requirementType="In" />
      <Variable name="home" type="_wuid" values="" isPersistent="0" form="single" requirementType="Out" />
    </Parameters>
    <Root OneTimeOnly="false" FailState="Recoverable" saveVersion="2">
      <Behavior canSkip="1">
        <SuppressFailure>
          <Selector>
            <GraphSearch Origin="$equipment" Borders="" depth="1" selection="true" SearchPattern="Depth" EdgePruning="&apos;parent,inventory&apos;" AllowedEdges="" SubGraph="" AllowSubtraph="false" includeOrigin="false" excludeOrigin="false" failOnEmpty="true" SetOperationChoice="Intersection|And" errorOnEmpty="false" shortCircuit="false" skipTraversed="true">
              <LinkTagFilter tag="&apos;home_equipment_reverse&apos;" prune="true" negprune="unknown" Parent="" Child="" Data="" />
              <NegationOp Results="true" Advance="true" EndOp="true" saveVersion="2">
                <Child0 canSkip="1">
                  <UnionOp Results="true" Advance="true" EndOp="true" ShortCircuit="false" LocalNodalyzers="false">
                    <EntityClassFilter Class="SmartArea" Source="Child" prune="true" negprune="unknown" Parent="" Child="" />
                    <EntityClassFilter Class="TriggerArea" Source="Child" prune="true" negprune="unknown" Parent="" Child="" />
                    <EntityClassFilter Class="AreaUnion" Source="Child" prune="true" negprune="unknown" Parent="" Child="" />
                  </UnionOp>
                </Child0>
              </NegationOp>
              <Nodalyzer Quantifiers="Exists" Parent="" Child="$home" saveVersion="2" />
            </GraphSearch>
            <GraphSearch Origin="$equipment" Borders="" depth="1" selection="true" SearchPattern="Depth" EdgePruning="&apos;parent,inventory&apos;" AllowedEdges="" SubGraph="" AllowSubtraph="false" includeOrigin="false" excludeOrigin="false" failOnEmpty="true" SetOperationChoice="Intersection|And" errorOnEmpty="false" shortCircuit="false" skipTraversed="true">
              <LinkTagFilter tag="&apos;crime_door_reverse&apos;" prune="true" negprune="unknown" Parent="" Child="" Data="" />
              <NegationOp Results="true" Advance="true" EndOp="true" saveVersion="2">
                <Child0 canSkip="1">
                  <UnionOp Results="true" Advance="true" EndOp="true" ShortCircuit="false" LocalNodalyzers="false">
                    <EntityClassFilter Class="SmartArea" Source="Child" prune="true" negprune="unknown" Parent="" Child="" />
                    <EntityClassFilter Class="TriggerArea" Source="Child" prune="true" negprune="unknown" Parent="" Child="" />
                    <EntityClassFilter Class="AreaUnion" Source="Child" prune="true" negprune="unknown" Parent="" Child="" />
                  </UnionOp>
                </Child0>
              </NegationOp>
              <Nodalyzer Quantifiers="Exists" Parent="" Child="$home" saveVersion="2" />
            </GraphSearch>
            <GraphSearch Origin="$equipment" Borders="" depth="3" selection="true" SearchPattern="Depth" EdgePruning="&apos;parent,inventory&apos;" AllowedEdges="" SubGraph="&apos;home_area_reverse,home_equipment_reverse,area_union_member_reverse,crime_door_reverse&apos;" AllowSubtraph="false" includeOrigin="false" excludeOrigin="false" failOnEmpty="true" SetOperationChoice="Intersection|And" errorOnEmpty="false" shortCircuit="false" skipTraversed="true">
              <LinkTagFilter tag="&apos;home_area_reverse&apos;" prune="true" negprune="unknown" Parent="" Child="$home" Data="" />
            </GraphSearch>
          </Selector>
        </SuppressFailure>
      </Behavior>
    </Root>
    <ForestContainer />
    <EditorData EventSet="">
      <Variables>
        <Variable name="equipment" comment="" />
        <Variable name="home" comment="" />
      </Variables>
      <ForwardDeclarations />
      <Root editorPosX="50" editorPosY="20" hasInputBreakpoint="0" comment="" breakpointFlags="0" saveVersion="2">
        <OutputBreakpoints />
        <Behavior>
          <SuppressFailure hasInputBreakpoint="0" comment="" breakpointFlags="0">
            <OutputBreakpoints />
            <Selector hasInputBreakpoint="0" comment="" breakpointFlags="0">
              <OutputBreakpoints />
              <GraphSearch hasInputBreakpoint="0" comment="" breakpointFlags="0">
                <OutputBreakpoints />
                <LinkTagFilter hasInputBreakpoint="0" comment="" breakpointFlags="0">
                  <OutputBreakpoints />
                </LinkTagFilter>
                <NegationOp hasInputBreakpoint="0" comment="" breakpointFlags="0" saveVersion="2">
                  <OutputBreakpoints />
                  <Child0>
                    <UnionOp hasInputBreakpoint="0" comment="" breakpointFlags="0">
                      <OutputBreakpoints />
                      <EntityClassFilter hasInputBreakpoint="0" comment="" breakpointFlags="0">
                        <OutputBreakpoints />
                      </EntityClassFilter>
                      <EntityClassFilter hasInputBreakpoint="0" comment="" breakpointFlags="0">
                        <OutputBreakpoints />
                      </EntityClassFilter>
                      <EntityClassFilter hasInputBreakpoint="0" comment="" breakpointFlags="0">
                        <OutputBreakpoints />
                      </EntityClassFilter>
                    </UnionOp>
                  </Child0>
                </NegationOp>
                <Nodalyzer hasInputBreakpoint="0" comment="" breakpointFlags="0" saveVersion="2">
                  <OutputBreakpoints />
                </Nodalyzer>
              </GraphSearch>
              <GraphSearch hasInputBreakpoint="0" comment="" breakpointFlags="0">
                <OutputBreakpoints />
                <LinkTagFilter hasInputBreakpoint="0" comment="" breakpointFlags="0">
                  <OutputBreakpoints />
                </LinkTagFilter>
                <NegationOp hasInputBreakpoint="0" comment="" breakpointFlags="0" saveVersion="2">
                  <OutputBreakpoints />
                  <Child0>
                    <UnionOp hasInputBreakpoint="0" comment="" breakpointFlags="0">
                      <OutputBreakpoints />
                      <EntityClassFilter hasInputBreakpoint="0" comment="" breakpointFlags="0">
                        <OutputBreakpoints />
                      </EntityClassFilter>
                      <EntityClassFilter hasInputBreakpoint="0" comment="" breakpointFlags="0">
                        <OutputBreakpoints />
                      </EntityClassFilter>
                      <EntityClassFilter hasInputBreakpoint="0" comment="" breakpointFlags="0">
                        <OutputBreakpoints />
                      </EntityClassFilter>
                    </UnionOp>
                  </Child0>
                </NegationOp>
                <Nodalyzer hasInputBreakpoint="0" comment="" breakpointFlags="0" saveVersion="2">
                  <OutputBreakpoints />
                </Nodalyzer>
              </GraphSearch>
              <GraphSearch hasInputBreakpoint="0" comment="" breakpointFlags="0">
                <OutputBreakpoints />
                <LinkTagFilter hasInputBreakpoint="0" comment="" breakpointFlags="0">
                  <OutputBreakpoints />
                </LinkTagFilter>
              </GraphSearch>
            </Selector>
          </SuppressFailure>
        </Behavior>
      </Root>
      <Forest />
      <Comments />
    </EditorData>
  </BehaviorTree>
</BehaviorTrees>