<?xml version="1.0" encoding="us-ascii"?>
<BehaviorTrees>
	<BehaviorTree name="getFriendsFromArray" is_function="1">
		<Variables>
			<Variable name="NPC" type="_wuid" values="" isPersistent="0" form="single" />
			<Variable name="uselessIndex" type="_int" values="" isPersistent="0" form="single" />
		</Variables>
		<Parameters>
			<Variable name="NPCs" type="_wuid" values="" isPersistent="0" form="array" requirementType="In" />
			<Variable name="friends" type="_wuid" values="" isPersistent="0" form="array" requirementType="Out" />
			<Variable name="onlyConsciousOrRecentlySkimished" type="_bool" values="" isPersistent="0" form="single" requirementType="In" />
		</Parameters>
		<Root OneTimeOnly="false" FailState="Recoverable" saveVersion="2">
			<Behavior canSkip="1">
				<ForEach startIndex="0" step="1" array="$NPCs" iterator="" value="$NPC" break="">
					<Selector>
						<FindInArray array="$friends" keyOut="$uselessIndex" condition="$__value == $NPC" />
						<IfElseCondition failOnCondition="false" condition="$NPC == $this.id" saveVersion="2">
							<Then canSkip="1">
								<PushToArray array="$friends" value="$NPC" direction="Back" />
							</Then>
							<Else canSkip="1">
								<CheckRelationshipInterval_SoulToSoul TargetSoul="$NPC" Soul="$this.id" Flag="friend" saveVersion="2">
									<Then canSkip="1">
										<IfElseCondition failOnCondition="false" condition="$onlyConsciousOrRecentlySkimished" saveVersion="2">
											<Then canSkip="1">
												<RecentlySkirmished NPC1="$this.id" NPC2="$NPC" MaxTime="600" saveVersion="2">
													<Then canSkip="1">
														<PushToArray array="$friends" value="$NPC" direction="Back" />
													</Then>
													<Else canSkip="1">
														<IsDeadCheck SoulWUID="$NPC" FailSubtMissing="false" saveVersion="2">
															<Else canSkip="1">
																<IsUnconsciousCheck SoulWUID="$NPC" FailSubtMissing="false" saveVersion="2">
																	<Else canSkip="1">
																		<PushToArray array="$friends" value="$NPC" direction="Back" />
																	</Else>
																</IsUnconsciousCheck>
															</Else>
														</IsDeadCheck>
													</Else>
												</RecentlySkirmished>
											</Then>
											<Else canSkip="1">
												<PushToArray array="$friends" value="$NPC" direction="Back" />
											</Else>
										</IfElseCondition>
									</Then>
								</CheckRelationshipInterval_SoulToSoul>
							</Else>
						</IfElseCondition>
					</Selector>
				</ForEach>
			</Behavior>
		</Root>
		<ForestContainer />
		<EditorData EventSet="">
			<Variables>
				<Variable name="NPC" comment="" />
				<Variable name="uselessIndex" comment="" />
				<Variable name="NPCs" comment="" />
				<Variable name="friends" comment="" />
				<Variable name="onlyConsciousOrRecentlySkimished" comment="" />
			</Variables>
			<ForwardDeclarations />
			<Root hasInputBreakpoint="0" comment="" breakpointFlags="0" saveVersion="2">
				<OutputBreakpoints />
				<Behavior>
					<ForEach hasInputBreakpoint="0" comment="" breakpointFlags="0">
						<OutputBreakpoints />
						<Selector hasInputBreakpoint="0" comment="" breakpointFlags="0">
							<OutputBreakpoints />
							<FindInArray hasInputBreakpoint="0" comment="" breakpointFlags="0">
								<OutputBreakpoints />
							</FindInArray>
							<IfElseCondition hasInputBreakpoint="0" comment="" breakpointFlags="0" saveVersion="2">
								<OutputBreakpoints />
								<Then>
									<PushToArray hasInputBreakpoint="0" comment="" breakpointFlags="0">
										<OutputBreakpoints />
									</PushToArray>
								</Then>
								<Else>
									<CheckRelationshipInterval_SoulToSoul hasInputBreakpoint="0" comment="" breakpointFlags="0" saveVersion="2">
										<OutputBreakpoints />
										<Then>
											<IfElseCondition hasInputBreakpoint="0" comment="" breakpointFlags="0" saveVersion="2">
												<OutputBreakpoints />
												<Then>
													<RecentlySkirmished hasInputBreakpoint="0" comment="" breakpointFlags="0" saveVersion="2">
														<OutputBreakpoints />
														<Then>
															<PushToArray hasInputBreakpoint="0" comment="" breakpointFlags="0">
																<OutputBreakpoints />
															</PushToArray>
														</Then>
														<Else>
															<IsDeadCheck hasInputBreakpoint="0" comment="" breakpointFlags="0" saveVersion="2">
																<OutputBreakpoints />
																<Else>
																	<IsUnconsciousCheck hasInputBreakpoint="0" comment="" breakpointFlags="0" saveVersion="2">
																		<OutputBreakpoints />
																		<Else>
																			<PushToArray hasInputBreakpoint="0" comment="" breakpointFlags="0">
																				<OutputBreakpoints />
																			</PushToArray>
																		</Else>
																	</IsUnconsciousCheck>
																</Else>
															</IsDeadCheck>
														</Else>
													</RecentlySkirmished>
												</Then>
												<Else>
													<PushToArray hasInputBreakpoint="0" comment="" breakpointFlags="0">
														<OutputBreakpoints />
													</PushToArray>
												</Else>
											</IfElseCondition>
										</Then>
									</CheckRelationshipInterval_SoulToSoul>
								</Else>
							</IfElseCondition>
						</Selector>
					</ForEach>
				</Behavior>
			</Root>
			<Forest />
			<Comments />
		</EditorData>
	</BehaviorTree>
</BehaviorTrees>