<?xml version="1.0" encoding="us-ascii"?>
<BehaviorTrees>
  <BehaviorTree name="crime_getHomeCooldowns" is_function="1">
    <Variables />
    <Parameters>
      <Variable name="cooldownData" type="crime:homeCooldowns" values="" isPersistent="0" form="single" requirementType="Out" />
      <Variable name="home" type="_wuid" values="$__null" isPersistent="0" form="single" requirementType="In" optional="1" />
      <Variable name="useHomeWuid" type="_bool" values="false" isPersistent="0" form="single" requirementType="In" />
    </Parameters>
    <Root OneTimeOnly="false" FailState="Recoverable" saveVersion="2">
      <Behavior canSkip="1">
        <SuppressFailure>
          <IfElseCondition failOnCondition="false" condition="$useHomeWuid" saveVersion="2">
            <Then canSkip="1">
              <GraphSearch Origin="$home" Borders="" depth="1" selection="true" SearchPattern="Depth" EdgePruning="&apos;parent,inventory&apos;" AllowedEdges="" SubGraph="" AllowSubtraph="false" includeOrigin="false" excludeOrigin="false" failOnEmpty="true" SetOperationChoice="Intersection|And" errorOnEmpty="false" shortCircuit="false" skipTraversed="true">
                <LinkTagFilter tag="&apos;crime_homeCooldowns&apos;" prune="true" negprune="unknown" Parent="" Child="" Data="$cooldownData" />
              </GraphSearch>
            </Then>
            <Else canSkip="1">
              <GraphSearch Origin="$this.id" Borders="" depth="2" selection="true" SearchPattern="Depth" EdgePruning="&apos;parent,inventory&apos;" AllowedEdges="" SubGraph="&apos;home,crime_homeCooldowns&apos;" AllowSubtraph="false" includeOrigin="false" excludeOrigin="false" failOnEmpty="true" SetOperationChoice="Intersection|And" errorOnEmpty="false" shortCircuit="false" skipTraversed="true">
                <LinkTagFilter tag="&apos;crime_homeCooldowns&apos;" prune="true" negprune="unknown" Parent="" Child="" Data="$cooldownData" />
              </GraphSearch>
            </Else>
          </IfElseCondition>
        </SuppressFailure>
      </Behavior>
    </Root>
    <ForestContainer />
    <EditorData EventSet="">
      <Variables>
        <Variable name="cooldownData" comment="" />
        <Variable name="home" comment="" />
        <Variable name="useHomeWuid" comment="" />
      </Variables>
      <ForwardDeclarations />
      <Root hasInputBreakpoint="0" comment="" breakpointFlags="0" saveVersion="2">
        <OutputBreakpoints />
        <Behavior>
          <SuppressFailure hasInputBreakpoint="0" comment="" breakpointFlags="0">
            <OutputBreakpoints />
            <IfElseCondition hasInputBreakpoint="0" comment="" breakpointFlags="0" saveVersion="2">
              <OutputBreakpoints />
              <Then>
                <GraphSearch hasInputBreakpoint="0" comment="" breakpointFlags="0">
                  <OutputBreakpoints />
                  <LinkTagFilter hasInputBreakpoint="0" comment="" breakpointFlags="0">
                    <OutputBreakpoints />
                  </LinkTagFilter>
                </GraphSearch>
              </Then>
              <Else>
                <GraphSearch hasInputBreakpoint="0" comment="" breakpointFlags="0">
                  <OutputBreakpoints />
                  <LinkTagFilter hasInputBreakpoint="0" comment="" breakpointFlags="0">
                    <OutputBreakpoints />
                  </LinkTagFilter>
                </GraphSearch>
              </Else>
            </IfElseCondition>
          </SuppressFailure>
        </Behavior>
      </Root>
      <Forest />
      <Comments />
    </EditorData>
  </BehaviorTree>
</BehaviorTrees>