<?xml version="1.0" encoding="us-ascii"?>
<BehaviorTrees>
  <BehaviorTree name="crime_getHomeFromArea" is_function="1">
    <Variables />
    <Parameters>
      <Variable name="area" type="_wuid" values="" isPersistent="0" form="single" requirementType="In" />
      <Variable name="home" type="_wuid" values="" isPersistent="0" form="single" requirementType="Out" />
    </Parameters>
    <Root OneTimeOnly="false" FailState="Recoverable" saveVersion="2">
      <Behavior canSkip="1">
        <IfCondition failOnCondition="false" condition="$area ~= $__null">
          <GraphSearch Origin="$area" Borders="" depth="2" selection="true" SearchPattern="Depth" EdgePruning="&apos;parent,inventory&apos;" AllowedEdges="" SubGraph="&apos;home_area_reverse,area_union_member_reverse&apos;" AllowSubtraph="false" includeOrigin="false" excludeOrigin="false" failOnEmpty="false" SetOperationChoice="Intersection|And" errorOnEmpty="false" shortCircuit="false" skipTraversed="true">
            <LinkTagFilter tag="&apos;home_area_reverse&apos;" prune="true" negprune="unknown" Parent="" Child="$home" Data="" />
          </GraphSearch>
        </IfCondition>
      </Behavior>
    </Root>
    <ForestContainer />
    <EditorData EventSet="">
      <Variables>
        <Variable name="area" comment="" />
        <Variable name="home" comment="" />
      </Variables>
      <ForwardDeclarations />
      <Root hasInputBreakpoint="0" comment="" breakpointFlags="0" saveVersion="2">
        <OutputBreakpoints />
        <Behavior>
          <IfCondition hasInputBreakpoint="0" comment="" breakpointFlags="0">
            <OutputBreakpoints />
            <GraphSearch hasInputBreakpoint="0" comment="" breakpointFlags="0">
              <OutputBreakpoints />
              <LinkTagFilter hasInputBreakpoint="0" comment="" breakpointFlags="0">
                <OutputBreakpoints />
              </LinkTagFilter>
            </GraphSearch>
          </IfCondition>
        </Behavior>
      </Root>
      <Forest />
      <Comments />
    </EditorData>
  </BehaviorTree>
</BehaviorTrees>