<?xml version="1.0" encoding="us-ascii"?>
<BehaviorTrees>
  <BehaviorTree name="crime_getHomeTrespassEscalation" is_function="1">
    <Variables>
      <Variable name="now" type="_int64" values="" isPersistent="0" form="single" />
    </Variables>
    <Parameters>
      <Variable name="counter" type="_int" values="" isPersistent="0" form="single" requirementType="Out" />
      <Variable name="home" type="_wuid" values="" isPersistent="0" form="single" requirementType="ConstReference" />
      <Variable name="isPaused" type="_bool" values="" isPersistent="0" form="single" requirementType="Out" />
    </Parameters>
    <Root OneTimeOnly="false" FailState="Recoverable" saveVersion="2">
      <Behavior canSkip="1">
        <AtomicDecorator>
          <Sequence>
            <GetTime TimeType="GameTime" OutVar="$now" Delta="" />
            <GraphSearch Origin="$home" Borders="" depth="1" selection="true" SearchPattern="Depth" EdgePruning="&apos;parent,inventory&apos;" AllowedEdges="" SubGraph="" AllowSubtraph="false" includeOrigin="false" excludeOrigin="false" failOnEmpty="false" SetOperationChoice="Intersection|And" errorOnEmpty="false" shortCircuit="false" skipTraversed="true">
              <LinkTagFilter tag="&apos;crime_trespassEscalation&apos;" prune="true" negprune="unknown" Parent="" Child="" Data="" />
              <LinkDataFilter tag="&apos;crime_trespassEscalation&apos;" condition="$__link_crime_trespassEscalation.counterUpdateTimestamp &gt; $now - $data:script_param[&apos;crime_homeTrespassEscalationPeriod&apos;].value &amp; &#10;$__link_crime_trespassEscalation.counterUpdateTimestamp ~= 0" prune="true" negprune="unknown" Parent="" Child="" Data="" />
              <UnionOp Results="true" Advance="true" EndOp="true" ShortCircuit="false" LocalNodalyzers="false">
                <ExistPath Origin="$__player" Borders="" depth="1" selection="true" SearchPattern="Depth" EdgePruning="&apos;parent,inventory&apos;" AllowedEdges="" SubGraph="" AllowSubtraph="false" includeOrigin="false" excludeOrigin="false" failOnEmpty="false" SetOperationChoice="Intersection|And" errorOnEmpty="false" shortCircuit="false" skipTraversed="true">
                  <LinkTagFilter tag="&apos;crime_reactor&apos;" prune="true" negprune="unknown" Parent="" Child="" Data="" />
                  <RangeFilter min="0.000000" max="20.000000" point="$this.id" excludeRef="true" Source="Child" prune="true" negprune="unknown" Parent="" Child="" />
                </ExistPath>
                <WUIDFilter WUID="$this.id" Source="Child" prune="true" negprune="unknown" Parent="" Child="" />
              </UnionOp>
              <NegationOp Results="true" Advance="true" EndOp="true" saveVersion="2">
                <Child0 canSkip="1">
                  <SoulIsUnconsciousFilter Source="Child" prune="true" negprune="unknown" Parent="" Child="" />
                </Child0>
              </NegationOp>
              <SoulIsAliveFilter Source="Child" prune="true" negprune="unknown" Parent="" Child="" />
              <EvaLLyzer Expresion="$isPaused = $isPaused |  &#10;($__link_crime_trespassEscalation.pauseEscalationTimestamp &gt; 0 &amp; &#10;$__link_crime_trespassEscalation.pauseEscalationTimestamp &gt; $now - $data:script_param[&apos;crime_homeTrespassPausePeriod&apos;].value) &#10; &#10;$counter = $isPaused ? 1 :  &#10;($__link_crime_trespassEscalation.counter &gt; $counter ?  &#10; $__link_crime_trespassEscalation.counter :  &#10; $counter &#10;)" Quantifiers="ForAll" saveVersion="2" />
            </GraphSearch>
          </Sequence>
        </AtomicDecorator>
      </Behavior>
    </Root>
    <ForestContainer />
    <EditorData EventSet="">
      <Variables>
        <Variable name="now" comment="" />
        <Variable name="counter" comment="" />
        <Variable name="home" comment="" />
        <Variable name="isPaused" comment="" />
      </Variables>
      <ForwardDeclarations />
      <Root hasInputBreakpoint="0" comment="" breakpointFlags="0" saveVersion="2">
        <OutputBreakpoints />
        <Behavior>
          <AtomicDecorator hasInputBreakpoint="0" comment="" breakpointFlags="0">
            <OutputBreakpoints />
            <Sequence hasInputBreakpoint="0" comment="" breakpointFlags="0">
              <OutputBreakpoints />
              <GetTime hasInputBreakpoint="0" comment="" breakpointFlags="0">
                <OutputBreakpoints />
              </GetTime>
              <GraphSearch hasInputBreakpoint="0" comment="" breakpointFlags="0">
                <OutputBreakpoints />
                <LinkTagFilter hasInputBreakpoint="0" comment="" breakpointFlags="0">
                  <OutputBreakpoints />
                </LinkTagFilter>
                <LinkDataFilter hasInputBreakpoint="0" comment="" breakpointFlags="0">
                  <OutputBreakpoints />
                </LinkDataFilter>
                <UnionOp hasInputBreakpoint="0" comment="" breakpointFlags="0">
                  <OutputBreakpoints />
                  <ExistPath hasInputBreakpoint="0" comment="" breakpointFlags="0">
                    <OutputBreakpoints />
                    <LinkTagFilter hasInputBreakpoint="0" comment="" breakpointFlags="0">
                      <OutputBreakpoints />
                    </LinkTagFilter>
                    <RangeFilter hasInputBreakpoint="0" comment="" breakpointFlags="0">
                      <OutputBreakpoints />
                    </RangeFilter>
                  </ExistPath>
                  <WUIDFilter hasInputBreakpoint="0" comment="" breakpointFlags="0">
                    <OutputBreakpoints />
                  </WUIDFilter>
                </UnionOp>
                <NegationOp hasInputBreakpoint="0" comment="" breakpointFlags="0" saveVersion="2">
                  <OutputBreakpoints />
                  <Child0>
                    <SoulIsUnconsciousFilter hasInputBreakpoint="0" comment="" breakpointFlags="0">
                      <OutputBreakpoints />
                    </SoulIsUnconsciousFilter>
                  </Child0>
                </NegationOp>
                <SoulIsAliveFilter hasInputBreakpoint="0" comment="" breakpointFlags="0">
                  <OutputBreakpoints />
                </SoulIsAliveFilter>
                <EvaLLyzer hasInputBreakpoint="0" comment="" breakpointFlags="0" saveVersion="2">
                  <OutputBreakpoints />
                </EvaLLyzer>
              </GraphSearch>
            </Sequence>
          </AtomicDecorator>
        </Behavior>
      </Root>
      <Forest />
      <Comments />
    </EditorData>
  </BehaviorTree>
</BehaviorTrees>