<?xml version="1.0" encoding="us-ascii"?>
<BehaviorTrees>
  <BehaviorTree name="crime_getHighestStatusNpc" is_function="1">
    <Variables>
      <Variable name="highestMultiplier" type="_float" values="" isPersistent="0" form="single" />
      <Variable name="npcType" type="_string" values="" isPersistent="0" form="single" />
      <Variable name="npcs_value" type="_wuid" values="" isPersistent="0" form="single" />
      <Variable name="npcs_value_multiplier" type="_float" values="" isPersistent="0" form="single" />
    </Variables>
    <Parameters>
      <Variable name="highestStatusNpc" type="_wuid" values="" isPersistent="0" form="single" requirementType="Out" />
      <Variable name="npcs" type="_wuid" values="" isPersistent="0" form="array" requirementType="In" />
    </Parameters>
    <Root OneTimeOnly="false" FailState="Recoverable" saveVersion="2">
      <Behavior canSkip="1">
        <ErrorNode Message="&apos;Function is obsolete. Use its code successor.&apos;" />
      </Behavior>
    </Root>
    <ForestContainer>
      <ForEach startIndex="0" step="1" array="$npcs" iterator="" value="$npcs_value" break="">
        <Sequence>
          <GetType WUID="$npcs_value" OutString="$npcType" ShowTrueIdentity="false" TreatPlayerAsNPC="true" />
          <IfCondition failOnCondition="false" condition="$npcType == &apos;NPC&apos;">
            <Sequence>
              <GetStatusMultiplier Victim="$npcs_value" Multiplier="$npcs_value_multiplier" />
              <IfCondition failOnCondition="false" condition="$npcs_value_multiplier &gt; $highestMultiplier">
                <Expression expressions="$highestMultiplier = $npcs_value_multiplier &#10;$highestStatusNpc = $npcs_value" />
              </IfCondition>
            </Sequence>
          </IfCondition>
        </Sequence>
      </ForEach>
    </ForestContainer>
    <EditorData EventSet="">
      <Variables>
        <Variable name="highestMultiplier" comment="" />
        <Variable name="npcType" comment="" />
        <Variable name="npcs_value" comment="" />
        <Variable name="npcs_value_multiplier" comment="" />
        <Variable name="highestStatusNpc" comment="" />
        <Variable name="npcs" comment="" />
      </Variables>
      <ForwardDeclarations />
      <Root hasInputBreakpoint="0" comment="" breakpointFlags="0" saveVersion="2">
        <OutputBreakpoints />
        <Behavior>
          <ErrorNode hasInputBreakpoint="0" comment="" breakpointFlags="0">
            <OutputBreakpoints />
          </ErrorNode>
        </Behavior>
      </Root>
      <Forest>
        <ForEach editorPosX="240" editorPosY="180" hasInputBreakpoint="0" comment="" breakpointFlags="0">
          <OutputBreakpoints />
          <Sequence hasInputBreakpoint="0" comment="" breakpointFlags="0">
            <OutputBreakpoints />
            <GetType hasInputBreakpoint="0" comment="" breakpointFlags="0">
              <OutputBreakpoints />
            </GetType>
            <IfCondition hasInputBreakpoint="0" comment="" breakpointFlags="0">
              <OutputBreakpoints />
              <Sequence hasInputBreakpoint="0" comment="" breakpointFlags="0">
                <OutputBreakpoints />
                <GetStatusMultiplier hasInputBreakpoint="0" comment="" breakpointFlags="0">
                  <OutputBreakpoints />
                </GetStatusMultiplier>
                <IfCondition hasInputBreakpoint="0" comment="" breakpointFlags="0">
                  <OutputBreakpoints />
                  <Expression hasInputBreakpoint="0" comment="" breakpointFlags="0">
                    <OutputBreakpoints />
                  </Expression>
                </IfCondition>
              </Sequence>
            </IfCondition>
          </Sequence>
        </ForEach>
      </Forest>
      <Comments />
    </EditorData>
  </BehaviorTree>
</BehaviorTrees>