<?xml version="1.0" encoding="us-ascii"?>
<BehaviorTrees>
  <BehaviorTree name="crime_getHomeAreas" is_function="1">
    <Variables />
    <Parameters>
      <Variable name="areas" type="_wuid" values="" isPersistent="0" form="array" requirementType="Out" />
      <Variable name="home" type="_wuid" values="" isPersistent="0" form="single" requirementType="In" />
    </Parameters>
    <Root OneTimeOnly="false" FailState="Recoverable" saveVersion="2">
      <Behavior canSkip="1">
        <GraphSearch Origin="$home" Borders="" depth="2" selection="true" SearchPattern="Depth" EdgePruning="&apos;parent,inventory&apos;" AllowedEdges="" SubGraph="&apos;home_area,area_union_member&apos;" AllowSubtraph="false" includeOrigin="false" excludeOrigin="false" failOnEmpty="false" SetOperationChoice="Intersection|And" errorOnEmpty="false" shortCircuit="false" skipTraversed="true">
          <UnionOp Results="true" Advance="true" EndOp="true" ShortCircuit="false" LocalNodalyzers="false">
            <EntityClassFilter Class="SmartArea" Source="Child" prune="true" negprune="unknown" Parent="" Child="" />
            <EntityClassFilter Class="TriggerArea" Source="Child" prune="true" negprune="unknown" Parent="" Child="" />
            <EntityClassFilter Class="AreaUnion" Source="Child" prune="true" negprune="unknown" Parent="" Child="" />
          </UnionOp>
          <Nodalyzer Quantifiers="ForAll" Parent="" Child="$areas" saveVersion="2" />
        </GraphSearch>
      </Behavior>
    </Root>
    <ForestContainer />
    <EditorData EventSet="">
      <Variables>
        <Variable name="areas" comment="" />
        <Variable name="home" comment="" />
      </Variables>
      <ForwardDeclarations />
      <Root hasInputBreakpoint="0" comment="" breakpointFlags="0" saveVersion="2">
        <OutputBreakpoints />
        <Behavior>
          <GraphSearch hasInputBreakpoint="0" comment="" breakpointFlags="0">
            <OutputBreakpoints />
            <UnionOp hasInputBreakpoint="0" comment="" breakpointFlags="0">
              <OutputBreakpoints />
              <EntityClassFilter hasInputBreakpoint="0" comment="" breakpointFlags="0">
                <OutputBreakpoints />
              </EntityClassFilter>
              <EntityClassFilter hasInputBreakpoint="0" comment="" breakpointFlags="0">
                <OutputBreakpoints />
              </EntityClassFilter>
              <EntityClassFilter hasInputBreakpoint="0" comment="" breakpointFlags="0">
                <OutputBreakpoints />
              </EntityClassFilter>
            </UnionOp>
            <Nodalyzer hasInputBreakpoint="0" comment="" breakpointFlags="0" saveVersion="2">
              <OutputBreakpoints />
            </Nodalyzer>
          </GraphSearch>
        </Behavior>
      </Root>
      <Forest />
      <Comments />
    </EditorData>
  </BehaviorTree>
</BehaviorTrees>