<?xml version="1.0" encoding="us-ascii"?>
<BehaviorTrees>
  <BehaviorTree name="crime_getMates" is_function="1">
    <Variables />
    <Parameters>
      <Variable name="mates" type="_wuid" values="" isPersistent="0" form="array" requirementType="Out" />
      <Variable name="target" type="_wuid" values="$this.id" isPersistent="0" form="single" requirementType="In" />
    </Parameters>
    <Root OneTimeOnly="false" FailState="Recoverable" saveVersion="2">
      <Behavior canSkip="1">
        <GraphSearch Origin="$target" Borders="" depth="2" selection="true" SearchPattern="Depth" EdgePruning="&apos;parent,inventory&apos;" AllowedEdges="" SubGraph="&apos;home,home_inhabitant&apos;" AllowSubtraph="false" includeOrigin="false" excludeOrigin="false" failOnEmpty="false" SetOperationChoice="Intersection|And" errorOnEmpty="false" shortCircuit="false" skipTraversed="true">
          <LinkTagFilter tag="&apos;home_inhabitant&apos;" prune="true" negprune="unknown" Parent="" Child="" Data="" />
          <NegationOp Results="true" Advance="true" EndOp="true" saveVersion="2">
            <Child0 canSkip="1">
              <WUIDFilter WUID="$target" Source="Child" prune="true" negprune="unknown" Parent="" Child="" />
            </Child0>
          </NegationOp>
          <Nodalyzer Quantifiers="ForAll" Parent="" Child="$mates" saveVersion="2">
            <Child0 canSkip="1">
              <RangeSorter point="$target" SortOrder="Ascending" Source="Child" />
            </Child0>
          </Nodalyzer>
          <EntityClassFilter Class="NPC" Source="Child" prune="true" negprune="unknown" Parent="" Child="" />
        </GraphSearch>
      </Behavior>
    </Root>
    <ForestContainer />
    <EditorData EventSet="">
      <Variables>
        <Variable name="mates" comment="" />
        <Variable name="target" comment="" />
      </Variables>
      <ForwardDeclarations />
      <Root hasInputBreakpoint="0" comment="" breakpointFlags="0" saveVersion="2">
        <OutputBreakpoints />
        <Behavior>
          <GraphSearch hasInputBreakpoint="0" comment="" breakpointFlags="0">
            <OutputBreakpoints />
            <LinkTagFilter hasInputBreakpoint="0" comment="" breakpointFlags="0">
              <OutputBreakpoints />
            </LinkTagFilter>
            <NegationOp hasInputBreakpoint="0" comment="" breakpointFlags="0" saveVersion="2">
              <OutputBreakpoints />
              <Child0>
                <WUIDFilter hasInputBreakpoint="0" comment="" breakpointFlags="0">
                  <OutputBreakpoints />
                </WUIDFilter>
              </Child0>
            </NegationOp>
            <Nodalyzer hasInputBreakpoint="0" comment="" breakpointFlags="0" saveVersion="2">
              <OutputBreakpoints />
              <Child0>
                <RangeSorter hasInputBreakpoint="0" comment="" breakpointFlags="0">
                  <OutputBreakpoints />
                </RangeSorter>
              </Child0>
            </Nodalyzer>
            <EntityClassFilter hasInputBreakpoint="0" comment="" breakpointFlags="0">
              <OutputBreakpoints />
            </EntityClassFilter>
          </GraphSearch>
        </Behavior>
      </Root>
      <Forest />
      <Comments />
    </EditorData>
  </BehaviorTree>
  <BehaviorTree name="crime_getMates_aliveAndWithinDistance" is_function="1">
    <Variables>
      <Variable name="home" type="_wuid" values="" isPersistent="0" form="single" />
    </Variables>
    <Parameters>
      <Variable name="distance" type="_float" values="" isPersistent="0" form="single" requirementType="In" />
      <Variable name="mates" type="_wuid" values="" isPersistent="0" form="array" requirementType="Out" />
      <Variable name="target" type="_wuid" values="$this.id" isPersistent="0" form="single" requirementType="In" />
    </Parameters>
    <Root OneTimeOnly="false" FailState="Recoverable" saveVersion="2">
      <Behavior canSkip="1">
        <ErrorNode Message="&apos;Function is obsolete. Use its code successor.&apos;" />
      </Behavior>
    </Root>
    <ForestContainer>
        <GraphSearch Origin="$target" Borders="" depth="1" selection="true" SearchPattern="Depth" EdgePruning="&apos;parent,inventory&apos;" AllowedEdges="" SubGraph="&apos;home&apos;" AllowSubtraph="false" includeOrigin="false" excludeOrigin="false" failOnEmpty="false" SetOperationChoice="Intersection|And" errorOnEmpty="false" shortCircuit="false" skipTraversed="true">
          <LinkTagFilter tag="&apos;home&apos;" prune="true" negprune="unknown" Parent="" Child="$home" Data="" />
          <ExistPath Origin="$home" Borders="" depth="1" selection="true" SearchPattern="Depth" EdgePruning="&apos;parent,inventory&apos;" AllowedEdges="" SubGraph="" AllowSubtraph="false" includeOrigin="false" excludeOrigin="false" failOnEmpty="true" SetOperationChoice="Intersection|And" errorOnEmpty="false" shortCircuit="false" skipTraversed="true">
            <RangeFilter min="0.000000" max="$distance" point="$target" excludeRef="true" Source="Child" prune="true" negprune="unknown" Parent="" Child="" />
            <LinkTagFilter tag="&apos;home_inhabitant&apos;" prune="true" negprune="unknown" Parent="" Child="" Data="" />
            <NegationOp Results="true" Advance="true" EndOp="true" saveVersion="2">
              <Child0 canSkip="1">
                <WUIDFilter WUID="$target" Source="Child" prune="true" negprune="unknown" Parent="" Child="" />
              </Child0>
            </NegationOp>
            <Nodalyzer Quantifiers="ForAll" Parent="" Child="$mates" saveVersion="2">
              <Child0 canSkip="1">
                <RangeSorter point="$target" SortOrder="Ascending" Source="Child" />
              </Child0>
            </Nodalyzer>
            <EntityClassFilter Class="NPC" Source="Child" prune="true" negprune="unknown" Parent="" Child="" />
            <SoulIsAliveFilter Source="Child" prune="true" negprune="unknown" Parent="" Child="" />
            <NegationOp Results="true" Advance="true" EndOp="true" saveVersion="2">
              <Child0 canSkip="1">
                <SoulIsUnconsciousFilter Source="Child" prune="true" negprune="unknown" Parent="" Child="" />
              </Child0>
            </NegationOp>
          </ExistPath>
        </GraphSearch>
    </ForestContainer>
    <EditorData EventSet="">
      <Variables>
        <Variable name="home" comment="" />
        <Variable name="distance" comment="" />
        <Variable name="mates" comment="" />
        <Variable name="target" comment="" />
      </Variables>
      <ForwardDeclarations />
      <Root hasInputBreakpoint="0" comment="" breakpointFlags="0" saveVersion="2">
        <OutputBreakpoints />
        <Behavior>
          <ErrorNode hasInputBreakpoint="0" comment="" breakpointFlags="0">
            <OutputBreakpoints />
          </ErrorNode>
        </Behavior>
      </Root>
      <Forest>
        <GraphSearch editorPosX="280" editorPosY="300" hasInputBreakpoint="0" comment="" breakpointFlags="0">
          <OutputBreakpoints />
            <LinkTagFilter hasInputBreakpoint="0" comment="" breakpointFlags="0">
              <OutputBreakpoints />
            </LinkTagFilter>
            <ExistPath hasInputBreakpoint="0" comment="" breakpointFlags="0">
              <OutputBreakpoints />
              <RangeFilter hasInputBreakpoint="0" comment="" breakpointFlags="0">
                <OutputBreakpoints />
              </RangeFilter>
              <LinkTagFilter hasInputBreakpoint="0" comment="" breakpointFlags="0">
                <OutputBreakpoints />
              </LinkTagFilter>
              <NegationOp hasInputBreakpoint="0" comment="" breakpointFlags="0" saveVersion="2">
                <OutputBreakpoints />
                <Child0>
                  <WUIDFilter hasInputBreakpoint="0" comment="" breakpointFlags="0">
                    <OutputBreakpoints />
                  </WUIDFilter>
                </Child0>
              </NegationOp>
              <Nodalyzer hasInputBreakpoint="0" comment="" breakpointFlags="0" saveVersion="2">
                <OutputBreakpoints />
                <Child0>
                  <RangeSorter hasInputBreakpoint="0" comment="" breakpointFlags="0">
                    <OutputBreakpoints />
                  </RangeSorter>
                </Child0>
              </Nodalyzer>
              <EntityClassFilter hasInputBreakpoint="0" comment="" breakpointFlags="0">
                <OutputBreakpoints />
              </EntityClassFilter>
              <SoulIsAliveFilter hasInputBreakpoint="0" comment="" breakpointFlags="0">
                <OutputBreakpoints />
              </SoulIsAliveFilter>
              <NegationOp hasInputBreakpoint="0" comment="" breakpointFlags="0" saveVersion="2">
                <OutputBreakpoints />
                <Child0>
                  <SoulIsUnconsciousFilter hasInputBreakpoint="0" comment="" breakpointFlags="0">
                    <OutputBreakpoints />
                  </SoulIsUnconsciousFilter>
                </Child0>
              </NegationOp>
            </ExistPath>
          </GraphSearch>
      </Forest>
      <Comments />
    </EditorData>
  </BehaviorTree>
</BehaviorTrees>