<?xml version="1.0" encoding="us-ascii"?>
<BehaviorTrees>
  <BehaviorTree name="crime_getNearbyUnconsciousParticipants" is_function="1">
    <Variables />
    <Parameters>
      <Variable name="unconsciousParticipants" type="_wuid" values="" isPersistent="0" form="array" requirementType="Out" />
    </Parameters>
    <Root OneTimeOnly="false" FailState="Recoverable" saveVersion="2">
      <Behavior canSkip="1">
        <GraphSearch Origin="$__player" Borders="" depth="1" selection="true" SearchPattern="Depth" EdgePruning="&apos;parent,inventory&apos;" AllowedEdges="" SubGraph="" AllowSubtraph="false" includeOrigin="false" excludeOrigin="false" failOnEmpty="false" SetOperationChoice="Intersection|And" errorOnEmpty="false" shortCircuit="false" skipTraversed="true">
          <LinkTagFilter tag="&apos;crime_lastHitByPlayer&apos;" prune="true" negprune="unknown" Parent="" Child="" Data="" />
          <SoulIsUnconsciousFilter Source="Child" prune="true" negprune="unknown" Parent="" Child="" />
          <RangeFilter min="0.000000" max="$data:script_param[&apos;crime_crimeSceneSpatialSize&apos;].value" point="$this.id" excludeRef="true" Source="Child" prune="true" negprune="unknown" Parent="" Child="" />
          <Nodalyzer Quantifiers="ForAll" Parent="" Child="$unconsciousParticipants" saveVersion="2" />
        </GraphSearch>
      </Behavior>
    </Root>
    <ForestContainer />
    <EditorData EventSet="">
      <Variables>
        <Variable name="unconsciousParticipants" comment="" />
      </Variables>
      <ForwardDeclarations />
      <Root hasInputBreakpoint="0" comment="" breakpointFlags="0" saveVersion="2">
        <OutputBreakpoints />
        <Behavior>
          <GraphSearch hasInputBreakpoint="0" comment="" breakpointFlags="0">
            <OutputBreakpoints />
            <LinkTagFilter hasInputBreakpoint="0" comment="" breakpointFlags="0">
              <OutputBreakpoints />
            </LinkTagFilter>
            <SoulIsUnconsciousFilter hasInputBreakpoint="0" comment="" breakpointFlags="0">
              <OutputBreakpoints />
            </SoulIsUnconsciousFilter>
            <RangeFilter hasInputBreakpoint="0" comment="" breakpointFlags="0">
              <OutputBreakpoints />
            </RangeFilter>
            <Nodalyzer hasInputBreakpoint="0" comment="" breakpointFlags="0" saveVersion="2">
              <OutputBreakpoints />
            </Nodalyzer>
          </GraphSearch>
        </Behavior>
      </Root>
      <Forest />
      <Comments />
    </EditorData>
  </BehaviorTree>
</BehaviorTrees>