<?xml version="1.0" encoding="us-ascii"?>
<BehaviorTrees>
	<BehaviorTree name="getNpcsAroundWithContextInterruptAttack" is_function="1">
		<Variables>
			<Variable name="npcsAround" type="_wuid" values="" isPersistent="0" form="array" />
			<Variable name="npcsAround_value" type="_wuid" values="" isPersistent="0" form="single" />
		</Variables>
		<Parameters>
			<Variable name="finalNpcs" type="_wuid" values="" isPersistent="0" form="array" requirementType="Out" />
			<Variable name="reference" type="_wuid" values="" isPersistent="0" form="single" requirementType="In" />
		</Parameters>
		<Root OneTimeOnly="false" FailState="Recoverable" saveVersion="2">
			<Behavior canSkip="1">
				<Sequence>
					<CircularSpatialQuery Radius="20.000000" Center="$reference" ToFill="$npcsAround" Precision="Exact" Filter="ConsciousHumanNPCsPlayerExcluded" />
					<ForEach startIndex="0" step="1" array="$npcsAround" iterator="" value="$npcsAround_value" break="">
						<EntityContextCheck context="crime_interruptAttack" target="$npcsAround_value" saveVersion="2">
							<Then canSkip="1">
								<PushToArray array="$finalNpcs" value="$npcsAround_value" direction="Back" />
							</Then>
						</EntityContextCheck>
					</ForEach>
				</Sequence>
			</Behavior>
		</Root>
		<ForestContainer />
		<EditorData EventSet="">
			<Variables>
				<Variable name="npcsAround" comment="" />
				<Variable name="npcsAround_value" comment="" />
				<Variable name="finalNpcs" comment="" />
				<Variable name="reference" comment="" />
			</Variables>
			<ForwardDeclarations />
			<Root hasInputBreakpoint="0" comment="" breakpointFlags="0" saveVersion="2">
				<OutputBreakpoints />
				<Behavior>
					<Sequence hasInputBreakpoint="0" comment="" breakpointFlags="0">
						<OutputBreakpoints />
						<CircularSpatialQuery hasInputBreakpoint="0" comment="" breakpointFlags="0">
							<OutputBreakpoints />
						</CircularSpatialQuery>
						<ForEach hasInputBreakpoint="0" comment="" breakpointFlags="0">
							<OutputBreakpoints />
							<EntityContextCheck hasInputBreakpoint="0" comment="" breakpointFlags="0" saveVersion="2">
								<OutputBreakpoints />
								<Then>
									<PushToArray hasInputBreakpoint="0" comment="" breakpointFlags="0">
										<OutputBreakpoints />
									</PushToArray>
								</Then>
							</EntityContextCheck>
						</ForEach>
					</Sequence>
				</Behavior>
			</Root>
			<Forest />
			<Comments />
		</EditorData>
	</BehaviorTree>
</BehaviorTrees>