<?xml version="1.0" encoding="us-ascii"?>
<BehaviorTrees>
  <BehaviorTree name="crime_getNervousness" is_function="1">
    <Variables />
    <Parameters>
      <Variable name="nervousness" type="_float" values="" isPersistent="0" form="single" requirementType="Out" />
    </Parameters>
    <Root OneTimeOnly="false" FailState="Recoverable" saveVersion="2">
      <Behavior canSkip="1">
        <CheckNervousnessInterval Soul="$this.id" Flag="alerted" saveVersion="2">
          <Then canSkip="1">
            <Expression expressions="$nervousness = 1" />
          </Then>
          <Else canSkip="1">
            <CheckNervousnessInterval Soul="$this.id" Flag="high" saveVersion="2">
              <Then canSkip="1">
                <Expression expressions="$nervousness = 0.75" />
              </Then>
              <Else canSkip="1">
                <CheckNervousnessInterval Soul="$this.id" Flag="mid" saveVersion="2">
                  <Then canSkip="1">
                    <Expression expressions="$nervousness = 0.5" />
                  </Then>
                  <Else canSkip="1">
                    <CheckNervousnessInterval Soul="$this.id" Flag="low" saveVersion="2">
                      <Then canSkip="1">
                        <Expression expressions="$nervousness = 0.25" />
                      </Then>
                      <Else canSkip="1">
                        <Expression expressions="$nervousness = 0" />
                      </Else>
                    </CheckNervousnessInterval>
                  </Else>
                </CheckNervousnessInterval>
              </Else>
            </CheckNervousnessInterval>
          </Else>
        </CheckNervousnessInterval>
      </Behavior>
    </Root>
    <ForestContainer />
    <EditorData EventSet="">
      <Variables>
        <Variable name="nervousness" comment="" />
      </Variables>
      <ForwardDeclarations />
      <Root hasInputBreakpoint="0" comment="" breakpointFlags="0" saveVersion="2">
        <OutputBreakpoints />
        <Behavior>
          <CheckNervousnessInterval hasInputBreakpoint="0" comment="" breakpointFlags="0" saveVersion="2">
            <OutputBreakpoints />
            <Then>
              <Expression hasInputBreakpoint="0" comment="" breakpointFlags="0">
                <OutputBreakpoints />
              </Expression>
            </Then>
            <Else>
              <CheckNervousnessInterval hasInputBreakpoint="0" comment="" breakpointFlags="0" saveVersion="2">
                <OutputBreakpoints />
                <Then>
                  <Expression hasInputBreakpoint="0" comment="" breakpointFlags="0">
                    <OutputBreakpoints />
                  </Expression>
                </Then>
                <Else>
                  <CheckNervousnessInterval hasInputBreakpoint="0" comment="" breakpointFlags="0" saveVersion="2">
                    <OutputBreakpoints />
                    <Then>
                      <Expression hasInputBreakpoint="0" comment="" breakpointFlags="0">
                        <OutputBreakpoints />
                      </Expression>
                    </Then>
                    <Else>
                      <CheckNervousnessInterval hasInputBreakpoint="0" comment="" breakpointFlags="0" saveVersion="2">
                        <OutputBreakpoints />
                        <Then>
                          <Expression hasInputBreakpoint="0" comment="" breakpointFlags="0">
                            <OutputBreakpoints />
                          </Expression>
                        </Then>
                        <Else>
                          <Expression hasInputBreakpoint="0" comment="" breakpointFlags="0">
                            <OutputBreakpoints />
                          </Expression>
                        </Else>
                      </CheckNervousnessInterval>
                    </Else>
                  </CheckNervousnessInterval>
                </Else>
              </CheckNervousnessInterval>
            </Else>
          </CheckNervousnessInterval>
        </Behavior>
      </Root>
      <Forest />
      <Comments />
    </EditorData>
  </BehaviorTree>
</BehaviorTrees>