<?xml version="1.0" encoding="us-ascii"?>
<BehaviorTrees>
  <BehaviorTree name="crime_getOpenworldQSO" is_function="1">
    <Variables />
    <Parameters>
      <Variable name="openworldQSO" type="_wuid" values="" isPersistent="0" form="single" requirementType="Out" />
    </Parameters>
    <Root OneTimeOnly="false" FailState="Recoverable" saveVersion="2">
      <Behavior canSkip="1">
        <Selector>
          <GraphSearch Origin="$__land" Borders="" depth="1" selection="true" SearchPattern="Depth" EdgePruning="&apos;parent,inventory&apos;" AllowedEdges="" SubGraph="" AllowSubtraph="false" includeOrigin="false" excludeOrigin="false" failOnEmpty="true" SetOperationChoice="Intersection|And" errorOnEmpty="false" shortCircuit="false" skipTraversed="true">
            <LinkTagFilter tag="&apos;punishment_openworldQSO&apos;" prune="true" negprune="unknown" Parent="" Child="$openworldQSO" Data="" />
          </GraphSearch>
          <ErrorNode Message="&apos;[Punishment] Openworld QSO not linked from sa_land&apos;" />
        </Selector>
      </Behavior>
    </Root>
    <ForestContainer />
    <EditorData EventSet="">
      <Variables>
        <Variable name="openworldQSO" comment="" />
      </Variables>
      <ForwardDeclarations />
      <Root editorPosY="10" hasInputBreakpoint="0" comment="" breakpointFlags="0" saveVersion="2">
        <OutputBreakpoints />
        <Behavior>
          <Selector hasInputBreakpoint="0" comment="" breakpointFlags="0">
            <OutputBreakpoints />
            <GraphSearch hasInputBreakpoint="0" comment="" breakpointFlags="0">
              <OutputBreakpoints />
              <LinkTagFilter hasInputBreakpoint="0" comment="" breakpointFlags="0">
                <OutputBreakpoints />
              </LinkTagFilter>
            </GraphSearch>
            <ErrorNode hasInputBreakpoint="0" comment="" breakpointFlags="0">
              <OutputBreakpoints />
            </ErrorNode>
          </Selector>
        </Behavior>
      </Root>
      <Forest />
      <Comments />
    </EditorData>
  </BehaviorTree>
</BehaviorTrees>