<?xml version="1.0" encoding="us-ascii"?>
<BehaviorTrees>
  <BehaviorTree name="crime_getPunishmentLocationGUID" is_function="1">
    <Variables />
    <Parameters>
      <Variable name="locationEnum" type="enum:crime_punishmentLocation" values="" isPersistent="0" form="single" requirementType="In" />
      <Variable name="locationGUID" type="_string" values="" isPersistent="0" form="single" requirementType="Out" />
    </Parameters>
    <Root OneTimeOnly="false" FailState="Recoverable" saveVersion="2">
      <Behavior canSkip="1">
        <Switch>
          <IfCondition failOnCondition="false" condition="$locationEnum == $enum:crime_punishmentLocation.Troskovice">
            <Expression expressions="$locationGUID = &apos;575b3dc5-b7c4-40e0-9b0a-8b29d98be1da&apos;" />
          </IfCondition>
          <IfCondition failOnCondition="false" condition="$locationEnum == $enum:crime_punishmentLocation.Kutnahora">
            <Expression expressions="$locationGUID = &apos;98d121c8-f500-425f-87f6-bef4a97f26d5&apos;" />
          </IfCondition>
          <IfCondition failOnCondition="false" condition="$locationEnum == $enum:crime_punishmentLocation.Malesov">
            <Expression expressions="$locationGUID = &apos;44d7d1af-51dc-4aa7-aad9-4572c0ef2944&apos;" />
          </IfCondition>
          <IfCondition failOnCondition="false" condition="$locationEnum == $enum:crime_punishmentLocation.Miskovice">
            <Expression expressions="$locationGUID = &apos;7c6be558-3170-44fe-8673-ffba200f7dc8&apos;" />
          </IfCondition>
          <IfCondition failOnCondition="false" condition="$locationEnum == $enum:crime_punishmentLocation.Suchdol">
            <Expression expressions="$locationGUID = &apos;39a52acd-094a-4211-b9dd-868f96b61cee&apos;" />
          </IfCondition>
          <IfCondition failOnCondition="false" condition="$locationEnum == $enum:crime_punishmentLocation.Zikmundtabor">
            <Expression expressions="$locationGUID = &apos;155c73e2-2a3b-49e2-b78a-be39bb92b728&apos;" />
          </IfCondition>
          <DefaultBranch>
            <ErrorNode Message="&apos;[GetPunishmentLocationGUID] unknown location for punishment, unable to return a correct value&apos;" />
          </DefaultBranch>
        </Switch>
      </Behavior>
    </Root>
    <ForestContainer />
    <EditorData EventSet="">
      <Variables>
        <Variable name="locationEnum" comment="" />
        <Variable name="locationGUID" comment="" />
      </Variables>
      <ForwardDeclarations />
      <Root hasInputBreakpoint="0" comment="" breakpointFlags="0" saveVersion="2">
        <OutputBreakpoints />
        <Behavior>
          <Switch hasInputBreakpoint="0" comment="" breakpointFlags="0">
            <OutputBreakpoints />
            <IfCondition hasInputBreakpoint="0" comment="" breakpointFlags="0">
              <OutputBreakpoints />
              <Expression hasInputBreakpoint="0" comment="" breakpointFlags="0">
                <OutputBreakpoints />
              </Expression>
            </IfCondition>
            <IfCondition hasInputBreakpoint="0" comment="" breakpointFlags="0">
              <OutputBreakpoints />
              <Expression hasInputBreakpoint="0" comment="" breakpointFlags="0">
                <OutputBreakpoints />
              </Expression>
            </IfCondition>
            <IfCondition hasInputBreakpoint="0" comment="" breakpointFlags="0">
              <OutputBreakpoints />
              <Expression hasInputBreakpoint="0" comment="" breakpointFlags="0">
                <OutputBreakpoints />
              </Expression>
            </IfCondition>
            <IfCondition hasInputBreakpoint="0" comment="" breakpointFlags="0">
              <OutputBreakpoints />
              <Expression hasInputBreakpoint="0" comment="" breakpointFlags="0">
                <OutputBreakpoints />
              </Expression>
            </IfCondition>
            <IfCondition hasInputBreakpoint="0" comment="" breakpointFlags="0">
              <OutputBreakpoints />
              <Expression hasInputBreakpoint="0" comment="" breakpointFlags="0">
                <OutputBreakpoints />
              </Expression>
            </IfCondition>
            <IfCondition hasInputBreakpoint="0" comment="" breakpointFlags="0">
              <OutputBreakpoints />
              <Expression hasInputBreakpoint="0" comment="" breakpointFlags="0">
                <OutputBreakpoints />
              </Expression>
            </IfCondition>
            <DefaultBranch>
              <ErrorNode hasInputBreakpoint="0" comment="" breakpointFlags="0">
                <OutputBreakpoints />
              </ErrorNode>
            </DefaultBranch>
          </Switch>
        </Behavior>
      </Root>
      <Forest />
      <Comments />
    </EditorData>
  </BehaviorTree>
</BehaviorTrees>