<?xml version="1.0" encoding="us-ascii"?>
<BehaviorTrees>
  <BehaviorTree name="crime_getPlayersOffences" is_function="1">
    <Variables>
      <Variable name="_dummyWuid" type="_wuid" values="" isPersistent="0" form="single" />
      <Variable name="globalCooldowns" type="crime:globalCooldowns" values="" isPersistent="0" form="single" />
      <Variable name="hasWeaponDrawn" type="_bool" values="" isPersistent="0" form="single" />
      <Variable name="now" type="_int64" values="" isPersistent="0" form="single" />
      <Variable name="settlementLevel" type="enum:crime_settlementLevel" values="" isPersistent="0" form="single" />
    </Variables>
    <Parameters>
      <Variable name="offences" type="enum:crime_offence" values="" isPersistent="0" form="array" requirementType="Out" />
    </Parameters>
    <Root OneTimeOnly="false" FailState="Recoverable" saveVersion="2">
      <Behavior canSkip="1">
        <AtomicDecorator>
          <Sequence>
            <Function_crime_getGlobalCrimeLinkData linkData="$globalCooldowns" nodeLabel="42789889" />
            <IsInsideAreaWithLabel Position="$__player" Label="&apos;city&apos;" Area="" FailSubtMissing="false" saveVersion="2">
              <Then canSkip="1">
                <Expression expressions="$settlementLevel = $enum:crime_settlementLevel.city" />
              </Then>
              <Else canSkip="1">
                <IsInsideAreaWithLabel Position="$__player" Label="&apos;settlement&apos;" Area="" FailSubtMissing="false" saveVersion="2">
                  <Then canSkip="1">
                    <Expression expressions="$settlementLevel = $enum:crime_settlementLevel.settlement" />
                  </Then>
                  <Else canSkip="1">
                    <Expression expressions="$settlementLevel = $enum:crime_settlementLevel.none" />
                  </Else>
                </IsInsideAreaWithLabel>
              </Else>
            </IsInsideAreaWithLabel>
            <GetTime TimeType="GameTime" OutVar="$now" Delta="" />
            <Sequence>
              <EntityContextCheck context="crime_ignorePlayersDrawnWeapon" target="" saveVersion="2">
                <Else canSkip="1">
                  <GameContextCheck context="crime_global_ignorePlayersDrawnWeapon" saveVersion="2">
                    <Else canSkip="1">
                      <IsInsideAreaWithLabel Position="$__player" Label="&apos;crime_ignorePlayerDrawnWeaponReaction&apos;" Area="" FailSubtMissing="false" saveVersion="2">
                        <Else canSkip="1">
													<IfCondition failOnCondition="false" condition="$globalCooldowns.lastDrawnWeaponGuardTimestamp == 0 | &#10;$now - $globalCooldowns.lastDrawnWeaponGuardTimestamp &gt; $data:script_param[&apos;crime_noOffenceWarningCooldown&apos;].value">
                            <Sequence>
                              <Function_crime_hasWeaponDrawn checkingMethod="$enum:crime_weaponCheckingMethod.perceivableState" npc="$__player" result="$hasWeaponDrawn" nodeLabel="75826468" />
                              <IfCondition failOnCondition="false" condition="$hasWeaponDrawn">
                                <Expression expressions="$offences[#offences] = $enum:crime_offence.drawnWeapon" />
                              </IfCondition>
                            </Sequence>
                          </IfCondition>
                        </Else>
                      </IsInsideAreaWithLabel>
                    </Else>
                  </GameContextCheck>
                </Else>
              </EntityContextCheck>
              <IfCondition failOnCondition="false" condition="$settlementLevel &gt; $enum:crime_settlementLevel.none">
								<IfCondition failOnCondition="false" condition="$globalCooldowns.lastNoTorchGuardTimestamp == 0 | &#10;$now - $globalCooldowns.lastNoTorchGuardTimestamp &gt; $data:script_param[&apos;crime_noOffenceWarningCooldown&apos;].value">
                  <EntityContextCheck context="crime_ignorePlayerWithoutTorch" target="" saveVersion="2">
                    <Else canSkip="1">
                      <GameContextCheck context="crime_global_ignorePlayerWithoutTorch" saveVersion="2">
                        <Else canSkip="1">
                          <IsInsideAreaWithLabel Position="$this.id" Label="&apos;suppressTorchWarning&apos;" Area="$_dummyWuid" FailSubtMissing="false" saveVersion="2">
                            <Else canSkip="1">
                              <IsNotHavingTorchCrime who="$__player" saveVersion="2">
                                <Then canSkip="1">
                                  <IsTorchDrawn who="$__player" saveVersion="2">
                                    <Then canSkip="1">
                                      <Success />
                                    </Then>
                                    <Else canSkip="1">
                                      <Expression expressions="$offences[#offences] = $enum:crime_offence.noTorch" />
                                    </Else>
                                  </IsTorchDrawn>
                                </Then>
                                <Else canSkip="1">
                                  <Success />
                                </Else>
                              </IsNotHavingTorchCrime>
                            </Else>
                          </IsInsideAreaWithLabel>
                        </Else>
                      </GameContextCheck>
                    </Else>
                  </EntityContextCheck>
                </IfCondition>
              </IfCondition>
            </Sequence>
          </Sequence>
        </AtomicDecorator>
      </Behavior>
    </Root>
    <ForestContainer />
    <EditorData EventSet="">
      <Variables>
        <Variable name="_dummyWuid" comment="" />
        <Variable name="globalCooldowns" comment="" />
        <Variable name="hasWeaponDrawn" comment="" />
        <Variable name="now" comment="" />
        <Variable name="settlementLevel" comment="" />
        <Variable name="offences" comment="" />
      </Variables>
      <ForwardDeclarations />
      <Root editorPosX="-180" hasInputBreakpoint="0" comment="" breakpointFlags="0" saveVersion="2">
        <OutputBreakpoints />
        <Behavior>
          <AtomicDecorator hasInputBreakpoint="0" comment="" breakpointFlags="0">
            <OutputBreakpoints />
            <Sequence hasInputBreakpoint="0" comment="" breakpointFlags="0">
              <OutputBreakpoints />
              <Function_crime_getGlobalCrimeLinkData hasInputBreakpoint="0" comment="" breakpointFlags="0">
                <OutputBreakpoints />
              </Function_crime_getGlobalCrimeLinkData>
              <IsInsideAreaWithLabel hasInputBreakpoint="0" comment="" breakpointFlags="0" saveVersion="2">
                <OutputBreakpoints />
                <Then>
                  <Expression hasInputBreakpoint="0" comment="" breakpointFlags="0">
                    <OutputBreakpoints />
                  </Expression>
                </Then>
                <Else>
                  <IsInsideAreaWithLabel hasInputBreakpoint="0" comment="" breakpointFlags="0" saveVersion="2">
                    <OutputBreakpoints />
                    <Then>
                      <Expression hasInputBreakpoint="0" comment="" breakpointFlags="0">
                        <OutputBreakpoints />
                      </Expression>
                    </Then>
                    <Else>
                      <Expression hasInputBreakpoint="0" comment="" breakpointFlags="0">
                        <OutputBreakpoints />
                      </Expression>
                    </Else>
                  </IsInsideAreaWithLabel>
                </Else>
              </IsInsideAreaWithLabel>
              <GetTime hasInputBreakpoint="0" comment="" breakpointFlags="0">
                <OutputBreakpoints />
              </GetTime>
              <Sequence hasInputBreakpoint="0" comment="" breakpointFlags="0">
                <OutputBreakpoints />
                <EntityContextCheck hasInputBreakpoint="0" comment="Weapon everywhere (KCD2-357100)" breakpointFlags="0" saveVersion="2">
                  <OutputBreakpoints />
                  <Else>
                    <GameContextCheck hasInputBreakpoint="0" comment="" breakpointFlags="0" saveVersion="2">
                      <OutputBreakpoints />
                      <Else>
                        <IsInsideAreaWithLabel hasInputBreakpoint="0" comment="" breakpointFlags="0" saveVersion="2">
                          <OutputBreakpoints />
                          <Else>
                            <IfCondition hasInputBreakpoint="0" comment="Weapon" breakpointFlags="0">
                              <OutputBreakpoints />
                              <Sequence hasInputBreakpoint="0" comment="" breakpointFlags="0">
                                <OutputBreakpoints />
                                <Function_crime_hasWeaponDrawn hasInputBreakpoint="0" comment="" breakpointFlags="0">
                                  <OutputBreakpoints />
                                </Function_crime_hasWeaponDrawn>
                                <IfCondition hasInputBreakpoint="0" comment="" breakpointFlags="0">
                                  <OutputBreakpoints />
                                  <Expression hasInputBreakpoint="0" comment="" breakpointFlags="0">
                                    <OutputBreakpoints />
                                  </Expression>
                                </IfCondition>
                              </Sequence>
                            </IfCondition>
                          </Else>
                        </IsInsideAreaWithLabel>
                      </Else>
                    </GameContextCheck>
                  </Else>
                </EntityContextCheck>
                <IfCondition hasInputBreakpoint="0" comment="" breakpointFlags="0">
                  <OutputBreakpoints />
                  <IfCondition hasInputBreakpoint="0" comment="Torch" breakpointFlags="0">
                    <OutputBreakpoints />
                    <EntityContextCheck hasInputBreakpoint="0" comment="" breakpointFlags="0" saveVersion="2">
                      <OutputBreakpoints />
                      <Else>
                        <GameContextCheck hasInputBreakpoint="0" comment="" breakpointFlags="0" saveVersion="2">
                          <OutputBreakpoints />
                          <Else>
                            <IsInsideAreaWithLabel hasInputBreakpoint="0" comment="" breakpointFlags="0" saveVersion="2">
                              <OutputBreakpoints />
                              <Else>
                                <IsNotHavingTorchCrime hasInputBreakpoint="0" comment="" breakpointFlags="0" saveVersion="2">
                                  <OutputBreakpoints />
                                  <Then>
                                    <IsTorchDrawn hasInputBreakpoint="0" comment="" breakpointFlags="0" saveVersion="2">
                                      <OutputBreakpoints />
                                      <Then>
                                        <Success hasInputBreakpoint="0" comment="" breakpointFlags="0">
                                          <OutputBreakpoints />
                                        </Success>
                                      </Then>
                                      <Else>
                                        <Expression hasInputBreakpoint="0" comment="" breakpointFlags="0">
                                          <OutputBreakpoints />
                                        </Expression>
                                      </Else>
                                    </IsTorchDrawn>
                                  </Then>
                                  <Else>
                                    <Success hasInputBreakpoint="0" comment="" breakpointFlags="0">
                                      <OutputBreakpoints />
                                    </Success>
                                  </Else>
                                </IsNotHavingTorchCrime>
                              </Else>
                            </IsInsideAreaWithLabel>
                          </Else>
                        </GameContextCheck>
                      </Else>
                    </EntityContextCheck>
                  </IfCondition>
                </IfCondition>
              </Sequence>
            </Sequence>
          </AtomicDecorator>
        </Behavior>
      </Root>
      <Forest />
      <Comments />
    </EditorData>
  </BehaviorTree>
</BehaviorTrees>