<?xml version="1.0" encoding="us-ascii"?>
<BehaviorTrees>
  <BehaviorTree name="crime_getPlayersForbiddenEquipment" is_function="1">
    <Variables>
      <Variable name="canCarryMeleeWeapons" type="_bool" values="" isPersistent="0" form="single" />
    </Variables>
    <Parameters>
      <Variable name="forbiddenItems" type="_wuid" values="" isPersistent="0" form="array" requirementType="Out" />
    </Parameters>
    <Root OneTimeOnly="false" FailState="Recoverable" saveVersion="2">
      <Behavior canSkip="1">
        <Sequence>
          <SuppressFailure>
            <GraphSearch Origin="$__player" Borders="" depth="1" selection="true" SearchPattern="Depth" EdgePruning="&apos;parent&apos;" AllowedEdges="" SubGraph="&apos;inventory&apos;" AllowSubtraph="false" includeOrigin="false" excludeOrigin="false" failOnEmpty="true" SetOperationChoice="Intersection|And" errorOnEmpty="false" shortCircuit="false" skipTraversed="true">
              <UnionOp Results="true" Advance="true" EndOp="true" ShortCircuit="false" LocalNodalyzers="false">
                <ItemClassFilter ClassId="" Category="&apos;armor.plate_old.*&apos;" Source="Child" prune="true" negprune="unknown" Parent="" Child="" />
                <ItemClassFilter ClassId="" Category="&apos;missile_weapon.*.*&apos;" Source="Child" prune="true" negprune="unknown" Parent="" Child="" />
              </UnionOp>
              <ItemParamFilter Param="Equip" owner="" Source="Child" prune="true" negprune="unknown" Parent="" Child="" />
              <Nodalyzer Quantifiers="ForAll" Parent="" Child="$forbiddenItems" saveVersion="2" />
            </GraphSearch>
          </SuppressFailure>
          <HasPerk SoulWUID="$__player" Perk="&apos;34d9159a-69b0-4476-a6a7-9739feaec657&apos;" Value="$canCarryMeleeWeapons" UsePerk="false" />
          <IfCondition failOnCondition="false" condition="~$canCarryMeleeWeapons">
            <SuppressFailure>
              <GraphSearch Origin="$__player" Borders="" depth="1" selection="true" SearchPattern="Depth" EdgePruning="&apos;parent&apos;" AllowedEdges="" SubGraph="&apos;inventory&apos;" AllowSubtraph="false" includeOrigin="false" excludeOrigin="false" failOnEmpty="true" SetOperationChoice="Intersection|And" errorOnEmpty="false" shortCircuit="false" skipTraversed="true">
                <IntersectionOp Results="true" Advance="true" EndOp="true" ShortCircuit="false" LocalNodalyzers="false">
                  <ItemClassFilter ClassId="" Category="&apos;melee_weapon.*.*&apos;" Source="Child" prune="true" negprune="unknown" Parent="" Child="" />
                  <NegationOp Results="true" Advance="true" EndOp="true" saveVersion="2">
                    <Child0 canSkip="1">
                      <ItemClassFilter ClassId="" Category="&apos;melee_weapon.torch.*&apos;" Source="Child" prune="true" negprune="unknown" Parent="" Child="" />
                    </Child0>
                  </NegationOp>
                </IntersectionOp>
                <Nodalyzer Quantifiers="ForAll" Parent="" Child="$forbiddenItems" saveVersion="2" />
              </GraphSearch>
            </SuppressFailure>
          </IfCondition>
        </Sequence>
      </Behavior>
    </Root>
    <ForestContainer />
    <EditorData EventSet="">
      <Variables>
        <Variable name="canCarryMeleeWeapons" comment="" />
        <Variable name="forbiddenItems" comment="" />
      </Variables>
      <ForwardDeclarations />
      <Root hasInputBreakpoint="0" comment="" breakpointFlags="0" saveVersion="2">
        <OutputBreakpoints />
        <Behavior>
          <Sequence hasInputBreakpoint="0" comment="" breakpointFlags="0">
            <OutputBreakpoints />
            <SuppressFailure hasInputBreakpoint="0" comment="" breakpointFlags="0">
              <OutputBreakpoints />
              <GraphSearch hasInputBreakpoint="0" comment="" breakpointFlags="0">
                <OutputBreakpoints />
                <UnionOp hasInputBreakpoint="0" comment="" breakpointFlags="0">
                  <OutputBreakpoints />
                  <ItemClassFilter hasInputBreakpoint="0" comment="TODO: change" breakpointFlags="0">
                    <OutputBreakpoints />
                  </ItemClassFilter>
                  <ItemClassFilter hasInputBreakpoint="0" comment="" breakpointFlags="0">
                    <OutputBreakpoints />
                  </ItemClassFilter>
                </UnionOp>
                <ItemParamFilter hasInputBreakpoint="0" comment="" breakpointFlags="0">
                  <OutputBreakpoints />
                </ItemParamFilter>
                <Nodalyzer hasInputBreakpoint="0" comment="" breakpointFlags="0" saveVersion="2">
                  <OutputBreakpoints />
                </Nodalyzer>
              </GraphSearch>
            </SuppressFailure>
            <HasPerk hasInputBreakpoint="0" comment="" breakpointFlags="0">
              <OutputBreakpoints />
            </HasPerk>
            <IfCondition hasInputBreakpoint="0" comment="" breakpointFlags="0">
              <OutputBreakpoints />
              <SuppressFailure hasInputBreakpoint="0" comment="" breakpointFlags="0">
                <OutputBreakpoints />
                <GraphSearch hasInputBreakpoint="0" comment="" breakpointFlags="0">
                  <OutputBreakpoints />
                  <IntersectionOp hasInputBreakpoint="0" comment="" breakpointFlags="0">
                    <OutputBreakpoints />
                    <ItemClassFilter hasInputBreakpoint="0" comment="" breakpointFlags="0">
                      <OutputBreakpoints />
                    </ItemClassFilter>
                    <NegationOp hasInputBreakpoint="0" comment="" breakpointFlags="0" saveVersion="2">
                      <OutputBreakpoints />
                      <Child0>
                        <ItemClassFilter hasInputBreakpoint="0" comment="" breakpointFlags="0">
                          <OutputBreakpoints />
                        </ItemClassFilter>
                      </Child0>
                    </NegationOp>
                  </IntersectionOp>
                  <Nodalyzer hasInputBreakpoint="0" comment="" breakpointFlags="0" saveVersion="2">
                    <OutputBreakpoints />
                  </Nodalyzer>
                </GraphSearch>
              </SuppressFailure>
            </IfCondition>
          </Sequence>
        </Behavior>
      </Root>
      <Forest />
      <Comments />
    </EditorData>
  </BehaviorTree>
</BehaviorTrees>