<?xml version="1.0" encoding="us-ascii"?>
<BehaviorTrees>
  <BehaviorTree name="crime_getReactionKindByContext" is_function="1">
    <Variables />
    <Parameters>
      <Variable name="npcToCheck" type="_wuid" values="" isPersistent="0" form="single" requirementType="In" />
      <Variable name="reactionKind" type="enum:crime_reactionKind" values="" isPersistent="0" form="single" requirementType="Out" />
    </Parameters>
    <Root OneTimeOnly="false" FailState="Recoverable" saveVersion="2">
      <Behavior canSkip="1">
        <ErrorNode Message="&apos;Function is obsolete. Use its code successor.&apos;" />
      </Behavior>
    </Root>
    <ForestContainer>
        <Switch>
          <EntityContextCheck context="crime_interruptArrest" target="$npcToCheck" saveVersion="2">
            <Then canSkip="1">
              <Expression expressions="$reactionKind = $enum:crime_reactionKind.arrest" />
            </Then>
          </EntityContextCheck>
          <EntityContextCheck context="crime_interruptAttack" target="$npcToCheck" saveVersion="2">
            <Then canSkip="1">
              <Expression expressions="$reactionKind = $enum:crime_reactionKind.attack" />
            </Then>
          </EntityContextCheck>
          <EntityContextCheck context="crime_interruptBandageMyself" target="" saveVersion="2">
            <Then canSkip="1">
              <Expression expressions="$reactionKind = $enum:crime_reactionKind.bandageMyself" />
            </Then>
          </EntityContextCheck>
          <EntityContextCheck context="crime_interruptBanishCompanion" target="" saveVersion="2">
            <Then canSkip="1">
              <Expression expressions="$reactionKind = $enum:crime_reactionKind.banishCompanion" />
            </Then>
          </EntityContextCheck>
          <EntityContextCheck context="crime_interruptCheck" target="$npcToCheck" saveVersion="2">
            <Then canSkip="1">
              <Expression expressions="$reactionKind = $enum:crime_reactionKind.check" />
            </Then>
          </EntityContextCheck>
          <EntityContextCheck context="crime_interruptCheckHomeStashes" target="$npcToCheck" saveVersion="2">
            <Then canSkip="1">
              <Expression expressions="$reactionKind = $enum:crime_reactionKind.checkHomeStashes" />
            </Then>
          </EntityContextCheck>
          <EntityContextCheck context="crime_interruptCheckLyingBody" target="$npcToCheck" saveVersion="2">
            <Then canSkip="1">
              <Expression expressions="$reactionKind = $enum:crime_reactionKind.checkLyingBody" />
            </Then>
          </EntityContextCheck>
          <EntityContextCheck context="crime_interruptCheckPockets" target="$npcToCheck" saveVersion="2">
            <Then canSkip="1">
              <Expression expressions="$reactionKind = $enum:crime_reactionKind.checkPockets" />
            </Then>
          </EntityContextCheck>
          <EntityContextCheck context="crime_interruptCheckProperty" target="$npcToCheck" saveVersion="2">
            <Then canSkip="1">
              <Expression expressions="$reactionKind = $enum:crime_reactionKind.checkProperty" />
            </Then>
          </EntityContextCheck>
          <EntityContextCheck context="crime_interruptCheckStash" target="$npcToCheck" saveVersion="2">
            <Then canSkip="1">
              <Expression expressions="$reactionKind = $enum:crime_reactionKind.checkStash" />
            </Then>
          </EntityContextCheck>
          <EntityContextCheck context="crime_interruptChoke" target="$npcToCheck" saveVersion="2">
            <Then canSkip="1">
              <Expression expressions="$reactionKind = $enum:crime_reactionKind.choke" />
            </Then>
          </EntityContextCheck>
          <EntityContextCheck context="crime_interruptMarkKettleAsPoisoned" target="$npcToCheck" saveVersion="2">
            <Then canSkip="1">
              <Expression expressions="$reactionKind = $enum:crime_reactionKind.markKettleAsPoisoned" />
            </Then>
          </EntityContextCheck>
          <EntityContextCheck context="crime_interruptFlee" target="$npcToCheck" saveVersion="2">
            <Then canSkip="1">
              <Expression expressions="$reactionKind = $enum:crime_reactionKind.flee" />
            </Then>
          </EntityContextCheck>
          <EntityContextCheck context="crime_interruptFrisk" target="$npcToCheck" saveVersion="2">
            <Then canSkip="1">
              <Expression expressions="$reactionKind = $enum:crime_reactionKind.frisk" />
            </Then>
          </EntityContextCheck>
          <EntityContextCheck context="crime_interruptHaulGameMeat" target="$npcToCheck" saveVersion="2">
            <Then canSkip="1">
              <Expression expressions="$reactionKind = $enum:crime_reactionKind.haulGameMeat" />
            </Then>
          </EntityContextCheck>
          <EntityContextCheck context="crime_interruptLookAround" target="$npcToCheck" saveVersion="2">
            <Then canSkip="1">
              <Expression expressions="$reactionKind = $enum:crime_reactionKind.lookAround" />
            </Then>
          </EntityContextCheck>
          <EntityContextCheck context="crime_interruptMercy" target="$npcToCheck" saveVersion="2">
            <Then canSkip="1">
              <Expression expressions="$reactionKind = $enum:crime_reactionKind.mercy" />
            </Then>
          </EntityContextCheck>
          <EntityContextCheck context="crime_interruptMindPlayer" target="$npcToCheck" saveVersion="2">
            <Then canSkip="1">
              <Expression expressions="$reactionKind = $enum:crime_reactionKind.mindPlayer" />
            </Then>
          </EntityContextCheck>
          <EntityContextCheck context="crime_interruptMissingNpcFound" target="$npcToCheck" saveVersion="2">
            <Then canSkip="1">
              <Expression expressions="$reactionKind = $enum:crime_reactionKind.missingNpcFound" />
            </Then>
          </EntityContextCheck>
          <EntityContextCheck context="crime_interruptMourn" target="$npcToCheck" saveVersion="2">
            <Then canSkip="1">
              <Expression expressions="$reactionKind = $enum:crime_reactionKind.mourn" />
            </Then>
          </EntityContextCheck>
          <EntityContextCheck context="crime_interruptPickUpItem" target="$npcToCheck" saveVersion="2">
            <Then canSkip="1">
              <Expression expressions="$reactionKind = $enum:crime_reactionKind.pickUpItem" />
            </Then>
          </EntityContextCheck>
          <EntityContextCheck context="crime_interruptPostSkirmish" target="$npcToCheck" saveVersion="2">
            <Then canSkip="1">
              <Expression expressions="$reactionKind = $enum:crime_reactionKind.postSkirmish" />
            </Then>
          </EntityContextCheck>
          <EntityContextCheck context="crime_interruptReport" target="$npcToCheck" saveVersion="2">
            <Then canSkip="1">
              <Expression expressions="$reactionKind = $enum:crime_reactionKind.report" />
            </Then>
          </EntityContextCheck>
          <EntityContextCheck context="crime_interruptReturnStartledAnimal" target="$npcToCheck" saveVersion="2">
            <Then canSkip="1">
              <Expression expressions="$reactionKind = $enum:crime_reactionKind.returnStartledAnimal" />
            </Then>
          </EntityContextCheck>
          <EntityContextCheck context="crime_interruptReturnWithHelp" target="$npcToCheck" saveVersion="2">
            <Then canSkip="1">
              <Expression expressions="$reactionKind = $enum:crime_reactionKind.returnWithHelp" />
            </Then>
          </EntityContextCheck>
          <EntityContextCheck context="crime_interruptScan" target="$npcToCheck" saveVersion="2">
            <Then canSkip="1">
              <Expression expressions="$reactionKind = $enum:crime_reactionKind.scan" />
            </Then>
          </EntityContextCheck>
          <EntityContextCheck context="crime_interruptSelfhelp" target="$npcToCheck" saveVersion="2">
            <Then canSkip="1">
              <Expression expressions="$reactionKind = $enum:crime_reactionKind.selfhelp" />
            </Then>
          </EntityContextCheck>
          <EntityContextCheck context="crime_interruptThrowOutUnconsciousPlayer" target="$npcToCheck" saveVersion="2">
            <Then canSkip="1">
              <Expression expressions="$reactionKind = $enum:crime_reactionKind.throwOutUnconsciousPlayer" />
            </Then>
          </EntityContextCheck>
          <EntityContextCheck context="crime_interruptWakeUp" target="$npcToCheck" saveVersion="2">
            <Then canSkip="1">
              <Expression expressions="$reactionKind = $enum:crime_reactionKind.wakeUp" />
            </Then>
          </EntityContextCheck>
          <EntityContextCheck context="crime_interruptWarnPlayer" target="$npcToCheck" saveVersion="2">
            <Then canSkip="1">
              <Expression expressions="$reactionKind = $enum:crime_reactionKind.warnPlayer" />
            </Then>
          </EntityContextCheck>
          <EntityContextCheck context="crime_interruptWatch" target="$npcToCheck" saveVersion="2">
            <Then canSkip="1">
              <Expression expressions="$reactionKind = $enum:crime_reactionKind.watch" />
            </Then>
          </EntityContextCheck>
          <EntityContextCheck context="crime_interruptWatchCorpse" target="$npcToCheck" saveVersion="2">
            <Then canSkip="1">
              <Expression expressions="$reactionKind = $enum:crime_reactionKind.watchCorpse" />
            </Then>
          </EntityContextCheck>
          <EntityContextCheck context="crime_interruptWatchCampTrespass" target="$npcToCheck" saveVersion="2">
            <Then canSkip="1">
              <Expression expressions="$reactionKind = $enum:crime_reactionKind.watchCampTrespass" />
            </Then>
          </EntityContextCheck>
          <EntityContextCheck context="crime_interruptWatchTrespass" target="$npcToCheck" saveVersion="2">
            <Then canSkip="1">
              <Expression expressions="$reactionKind = $enum:crime_reactionKind.watchTrespass" />
            </Then>
          </EntityContextCheck>
          <DefaultBranch>
            <Success />
          </DefaultBranch>
        </Switch>
    </ForestContainer>
    <EditorData EventSet="">
      <Variables>
        <Variable name="npcToCheck" comment="" />
        <Variable name="reactionKind" comment="" />
      </Variables>
      <ForwardDeclarations />
      <Root editorPosX="2100" editorPosY="310" hasInputBreakpoint="0" comment="" breakpointFlags="0" saveVersion="2">
        <OutputBreakpoints />
        <Behavior>
          <ErrorNode hasInputBreakpoint="0" comment="" breakpointFlags="0">
            <OutputBreakpoints />
          </ErrorNode>
        </Behavior>
      </Root>
      <Forest>
        <Switch editorPosX="2880" editorPosY="410" hasInputBreakpoint="0" comment="" breakpointFlags="0">
          <OutputBreakpoints />
            <EntityContextCheck hasInputBreakpoint="0" comment="" breakpointFlags="0" saveVersion="2">
              <OutputBreakpoints />
              <Then>
                <Expression hasInputBreakpoint="0" comment="" breakpointFlags="0">
                  <OutputBreakpoints />
                </Expression>
              </Then>
            </EntityContextCheck>
            <EntityContextCheck hasInputBreakpoint="0" comment="" breakpointFlags="0" saveVersion="2">
              <OutputBreakpoints />
              <Then>
                <Expression hasInputBreakpoint="0" comment="" breakpointFlags="0">
                  <OutputBreakpoints />
                </Expression>
              </Then>
            </EntityContextCheck>
            <EntityContextCheck hasInputBreakpoint="0" comment="" breakpointFlags="0" saveVersion="2">
              <OutputBreakpoints />
              <Then>
                <Expression hasInputBreakpoint="0" comment="" breakpointFlags="0">
                  <OutputBreakpoints />
                </Expression>
              </Then>
            </EntityContextCheck>
            <EntityContextCheck hasInputBreakpoint="0" comment="" breakpointFlags="0" saveVersion="2">
              <OutputBreakpoints />
              <Then>
                <Expression hasInputBreakpoint="0" comment="" breakpointFlags="0">
                  <OutputBreakpoints />
                </Expression>
              </Then>
            </EntityContextCheck>
            <EntityContextCheck hasInputBreakpoint="0" comment="" breakpointFlags="0" saveVersion="2">
              <OutputBreakpoints />
              <Then>
                <Expression hasInputBreakpoint="0" comment="" breakpointFlags="0">
                  <OutputBreakpoints />
                </Expression>
              </Then>
            </EntityContextCheck>
            <EntityContextCheck hasInputBreakpoint="0" comment="" breakpointFlags="0" saveVersion="2">
              <OutputBreakpoints />
              <Then>
                <Expression hasInputBreakpoint="0" comment="" breakpointFlags="0">
                  <OutputBreakpoints />
                </Expression>
              </Then>
            </EntityContextCheck>
            <EntityContextCheck hasInputBreakpoint="0" comment="" breakpointFlags="0" saveVersion="2">
              <OutputBreakpoints />
              <Then>
                <Expression hasInputBreakpoint="0" comment="" breakpointFlags="0">
                  <OutputBreakpoints />
                </Expression>
              </Then>
            </EntityContextCheck>
            <EntityContextCheck hasInputBreakpoint="0" comment="" breakpointFlags="0" saveVersion="2">
              <OutputBreakpoints />
              <Then>
                <Expression hasInputBreakpoint="0" comment="" breakpointFlags="0">
                  <OutputBreakpoints />
                </Expression>
              </Then>
            </EntityContextCheck>
            <EntityContextCheck hasInputBreakpoint="0" comment="" breakpointFlags="0" saveVersion="2">
              <OutputBreakpoints />
              <Then>
                <Expression hasInputBreakpoint="0" comment="" breakpointFlags="0">
                  <OutputBreakpoints />
                </Expression>
              </Then>
            </EntityContextCheck>
            <EntityContextCheck hasInputBreakpoint="0" comment="" breakpointFlags="0" saveVersion="2">
              <OutputBreakpoints />
              <Then>
                <Expression hasInputBreakpoint="0" comment="" breakpointFlags="0">
                  <OutputBreakpoints />
                </Expression>
              </Then>
            </EntityContextCheck>
            <EntityContextCheck hasInputBreakpoint="0" comment="" breakpointFlags="0" saveVersion="2">
              <OutputBreakpoints />
              <Then>
                <Expression hasInputBreakpoint="0" comment="" breakpointFlags="0">
                  <OutputBreakpoints />
                </Expression>
              </Then>
            </EntityContextCheck>
            <EntityContextCheck hasInputBreakpoint="0" comment="" breakpointFlags="0" saveVersion="2">
              <OutputBreakpoints />
              <Then>
                <Expression hasInputBreakpoint="0" comment="" breakpointFlags="0">
                  <OutputBreakpoints />
                </Expression>
              </Then>
            </EntityContextCheck>
            <EntityContextCheck hasInputBreakpoint="0" comment="" breakpointFlags="0" saveVersion="2">
              <OutputBreakpoints />
              <Then>
                <Expression hasInputBreakpoint="0" comment="" breakpointFlags="0">
                  <OutputBreakpoints />
                </Expression>
              </Then>
            </EntityContextCheck>
            <EntityContextCheck hasInputBreakpoint="0" comment="" breakpointFlags="0" saveVersion="2">
              <OutputBreakpoints />
              <Then>
                <Expression hasInputBreakpoint="0" comment="" breakpointFlags="0">
                  <OutputBreakpoints />
                </Expression>
              </Then>
            </EntityContextCheck>
            <EntityContextCheck hasInputBreakpoint="0" comment="" breakpointFlags="0" saveVersion="2">
              <OutputBreakpoints />
              <Then>
                <Expression hasInputBreakpoint="0" comment="" breakpointFlags="0">
                  <OutputBreakpoints />
                </Expression>
              </Then>
            </EntityContextCheck>
            <EntityContextCheck hasInputBreakpoint="0" comment="" breakpointFlags="0" saveVersion="2">
              <OutputBreakpoints />
              <Then>
                <Expression hasInputBreakpoint="0" comment="" breakpointFlags="0">
                  <OutputBreakpoints />
                </Expression>
              </Then>
            </EntityContextCheck>
            <EntityContextCheck hasInputBreakpoint="0" comment="" breakpointFlags="0" saveVersion="2">
              <OutputBreakpoints />
              <Then>
                <Expression hasInputBreakpoint="0" comment="" breakpointFlags="0">
                  <OutputBreakpoints />
                </Expression>
              </Then>
            </EntityContextCheck>
            <EntityContextCheck hasInputBreakpoint="0" comment="" breakpointFlags="0" saveVersion="2">
              <OutputBreakpoints />
              <Then>
                <Expression hasInputBreakpoint="0" comment="" breakpointFlags="0">
                  <OutputBreakpoints />
                </Expression>
              </Then>
            </EntityContextCheck>
            <EntityContextCheck hasInputBreakpoint="0" comment="" breakpointFlags="0" saveVersion="2">
              <OutputBreakpoints />
              <Then>
                <Expression hasInputBreakpoint="0" comment="" breakpointFlags="0">
                  <OutputBreakpoints />
                </Expression>
              </Then>
            </EntityContextCheck>
            <EntityContextCheck hasInputBreakpoint="0" comment="" breakpointFlags="0" saveVersion="2">
              <OutputBreakpoints />
              <Then>
                <Expression hasInputBreakpoint="0" comment="" breakpointFlags="0">
                  <OutputBreakpoints />
                </Expression>
              </Then>
            </EntityContextCheck>
            <EntityContextCheck hasInputBreakpoint="0" comment="" breakpointFlags="0" saveVersion="2">
              <OutputBreakpoints />
              <Then>
                <Expression hasInputBreakpoint="0" comment="" breakpointFlags="0">
                  <OutputBreakpoints />
                </Expression>
              </Then>
            </EntityContextCheck>
            <EntityContextCheck hasInputBreakpoint="0" comment="" breakpointFlags="0" saveVersion="2">
              <OutputBreakpoints />
              <Then>
                <Expression hasInputBreakpoint="0" comment="" breakpointFlags="0">
                  <OutputBreakpoints />
                </Expression>
              </Then>
            </EntityContextCheck>
            <EntityContextCheck hasInputBreakpoint="0" comment="" breakpointFlags="0" saveVersion="2">
              <OutputBreakpoints />
              <Then>
                <Expression hasInputBreakpoint="0" comment="" breakpointFlags="0">
                  <OutputBreakpoints />
                </Expression>
              </Then>
            </EntityContextCheck>
            <EntityContextCheck hasInputBreakpoint="0" comment="" breakpointFlags="0" saveVersion="2">
              <OutputBreakpoints />
              <Then>
                <Expression hasInputBreakpoint="0" comment="" breakpointFlags="0">
                  <OutputBreakpoints />
                </Expression>
              </Then>
            </EntityContextCheck>
            <EntityContextCheck hasInputBreakpoint="0" comment="" breakpointFlags="0" saveVersion="2">
              <OutputBreakpoints />
              <Then>
                <Expression hasInputBreakpoint="0" comment="" breakpointFlags="0">
                  <OutputBreakpoints />
                </Expression>
              </Then>
            </EntityContextCheck>
            <EntityContextCheck hasInputBreakpoint="0" comment="" breakpointFlags="0" saveVersion="2">
              <OutputBreakpoints />
              <Then>
                <Expression hasInputBreakpoint="0" comment="" breakpointFlags="0">
                  <OutputBreakpoints />
                </Expression>
              </Then>
            </EntityContextCheck>
            <EntityContextCheck hasInputBreakpoint="0" comment="" breakpointFlags="0" saveVersion="2">
              <OutputBreakpoints />
              <Then>
                <Expression hasInputBreakpoint="0" comment="" breakpointFlags="0">
                  <OutputBreakpoints />
                </Expression>
              </Then>
            </EntityContextCheck>
            <EntityContextCheck hasInputBreakpoint="0" comment="" breakpointFlags="0" saveVersion="2">
              <OutputBreakpoints />
              <Then>
                <Expression hasInputBreakpoint="0" comment="" breakpointFlags="0">
                  <OutputBreakpoints />
                </Expression>
              </Then>
            </EntityContextCheck>
            <EntityContextCheck hasInputBreakpoint="0" comment="" breakpointFlags="0" saveVersion="2">
              <OutputBreakpoints />
              <Then>
                <Expression hasInputBreakpoint="0" comment="" breakpointFlags="0">
                  <OutputBreakpoints />
                </Expression>
              </Then>
            </EntityContextCheck>
            <EntityContextCheck hasInputBreakpoint="0" comment="" breakpointFlags="0" saveVersion="2">
              <OutputBreakpoints />
              <Then>
                <Expression hasInputBreakpoint="0" comment="" breakpointFlags="0">
                  <OutputBreakpoints />
                </Expression>
              </Then>
            </EntityContextCheck>
            <EntityContextCheck hasInputBreakpoint="0" comment="" breakpointFlags="0" saveVersion="2">
              <OutputBreakpoints />
              <Then>
                <Expression hasInputBreakpoint="0" comment="" breakpointFlags="0">
                  <OutputBreakpoints />
                </Expression>
              </Then>
            </EntityContextCheck>
            <EntityContextCheck hasInputBreakpoint="0" comment="" breakpointFlags="0" saveVersion="2">
              <OutputBreakpoints />
              <Then>
                <Expression hasInputBreakpoint="0" comment="" breakpointFlags="0">
                  <OutputBreakpoints />
                </Expression>
              </Then>
            </EntityContextCheck>
            <EntityContextCheck hasInputBreakpoint="0" comment="" breakpointFlags="0" saveVersion="2">
              <OutputBreakpoints />
              <Then>
                <Expression hasInputBreakpoint="0" comment="" breakpointFlags="0">
                  <OutputBreakpoints />
                </Expression>
              </Then>
            </EntityContextCheck>
            <EntityContextCheck hasInputBreakpoint="0" comment="" breakpointFlags="0" saveVersion="2">
              <OutputBreakpoints />
              <Then>
                <Expression hasInputBreakpoint="0" comment="" breakpointFlags="0">
                  <OutputBreakpoints />
                </Expression>
              </Then>
            </EntityContextCheck>
            <DefaultBranch>
              <Success hasInputBreakpoint="0" comment="" breakpointFlags="0">
                <OutputBreakpoints />
              </Success>
            </DefaultBranch>
          </Switch>
      </Forest>
      <Comments />
    </EditorData>
  </BehaviorTree>
</BehaviorTrees>