<?xml version="1.0" encoding="us-ascii"?>
<BehaviorTrees>
	<BehaviorTree name="crime_getSoulArchetype" is_function="1">
		<Variables>
			<Variable name="victimType" type="_string" values="" isPersistent="0" form="single" />
		</Variables>
		<Parameters>
			<Variable name="archetype" type="_string" values="" isPersistent="0" form="single" requirementType="Out" />
			<Variable name="soul" type="_wuid" values="" isPersistent="0" form="single" requirementType="In" />
		</Parameters>
		<Root OneTimeOnly="false" FailState="Recoverable" saveVersion="2">
			<Behavior canSkip="1">
				<Sequence>
					<GetType WUID="$soul" OutString="$victimType" ShowTrueIdentity="false" TreatPlayerAsNPC="true" />
					<IfElseCondition failOnCondition="false" condition="$victimType == &apos;SO&apos;" saveVersion="2">
						<Then canSkip="1">
							<Expression expressions="$archetype = &apos;Chicken&apos;" />
						</Then>
						<Else canSkip="1">
							<ExecuteLua code="data.archetype = XGenAIModule.GetEntityByWUID(data.soul).soul:GetArchetype().Name" />
						</Else>
					</IfElseCondition>
				</Sequence>
			</Behavior>
		</Root>
		<ForestContainer />
		<EditorData EventSet="">
			<Variables>
				<Variable name="victimType" comment="" />
				<Variable name="archetype" comment="" />
				<Variable name="soul" comment="" />
			</Variables>
			<ForwardDeclarations />
			<Root hasInputBreakpoint="0" comment="" breakpointFlags="0" saveVersion="2">
				<OutputBreakpoints />
				<Behavior>
					<Sequence hasInputBreakpoint="0" comment="" breakpointFlags="0">
						<OutputBreakpoints />
						<GetType hasInputBreakpoint="0" comment="" breakpointFlags="0">
							<OutputBreakpoints />
						</GetType>
						<IfElseCondition hasInputBreakpoint="0" comment="" breakpointFlags="0" saveVersion="2">
							<OutputBreakpoints />
							<Then>
								<Expression hasInputBreakpoint="0" comment="" breakpointFlags="0">
									<OutputBreakpoints />
								</Expression>
							</Then>
							<Else>
								<ExecuteLua hasInputBreakpoint="0" comment="" breakpointFlags="0">
									<OutputBreakpoints />
								</ExecuteLua>
							</Else>
						</IfElseCondition>
					</Sequence>
				</Behavior>
			</Root>
			<Forest />
			<Comments />
		</EditorData>
	</BehaviorTree>
</BehaviorTrees>