<?xml version="1.0" encoding="us-ascii"?>
<BehaviorTrees>
  <BehaviorTree name="crime_getSearchDirectionTowardsPlayer" is_function="1">
    <Variables>
      <Variable name="myPos" type="vec3" values="" isPersistent="0" form="single" />
    </Variables>
    <Parameters>
      <Variable name="direction" type="vec3" values="" isPersistent="0" form="single" requirementType="Out" />
      <Variable name="startPos" type="vec3" values="" isPersistent="0" form="single" requirementType="In" />
    </Parameters>
    <Root OneTimeOnly="false" FailState="Recoverable" saveVersion="2">
      <Behavior canSkip="1">
        <SuppressFailure>
          <Sequence>
            <GetSpatialInfo In="$this.id" Out="$myPos" What="Position" />
            <Expression expressions="$direction.x = $myPos.x - $startPos.x &#10;$direction.y = $myPos.y - $startPos.y &#10;$direction.z = 0" />
          </Sequence>
        </SuppressFailure>
      </Behavior>
    </Root>
    <ForestContainer />
    <EditorData EventSet="">
      <Variables>
        <Variable name="myPos" comment="" />
        <Variable name="direction" comment="" />
        <Variable name="startPos" comment="" />
      </Variables>
      <ForwardDeclarations />
      <Root hasInputBreakpoint="0" comment="" breakpointFlags="0" saveVersion="2">
        <OutputBreakpoints />
        <Behavior>
          <SuppressFailure hasInputBreakpoint="0" comment="" breakpointFlags="0">
            <OutputBreakpoints />
            <Sequence hasInputBreakpoint="0" comment="" breakpointFlags="0">
              <OutputBreakpoints />
              <GetSpatialInfo hasInputBreakpoint="0" comment="" breakpointFlags="0">
                <OutputBreakpoints />
              </GetSpatialInfo>
              <Expression hasInputBreakpoint="0" comment="" breakpointFlags="0">
                <OutputBreakpoints />
              </Expression>
            </Sequence>
          </SuppressFailure>
        </Behavior>
      </Root>
      <Forest />
      <Comments />
    </EditorData>
  </BehaviorTree>
</BehaviorTrees>