<?xml version="1.0" encoding="us-ascii"?>
<BehaviorTrees>
  <BehaviorTree name="crime_getSelfhelpResolveDialogContext" is_function="1">
    <Variables />
    <Parameters>
      <Variable name="dialogContext" type="_float" values="" isPersistent="0" form="associative" requirementType="Out" />
      <Variable name="punishment" type="crime:punishment" values="" isPersistent="0" form="single" requirementType="In" />
      <Variable name="punishmentType" type="enum:crime_punishmentType" values="" isPersistent="0" form="single" requirementType="Out" />
      <Variable name="resolutionDialogIntroKind" type="enum:crime_resolutionDialogIntroKind" values="" isPersistent="0" form="single" requirementType="In" />
      <Variable name="selfhelpParticipantsType" type="enum:crime_selfhelpParticipants" values="" isPersistent="0" form="single" requirementType="In" />
    </Parameters>
    <Root OneTimeOnly="false" FailState="Recoverable" saveVersion="2">
      <Behavior canSkip="1">
        <Sequence>
          <Function_crime_getResolveDialogContext punishment="$punishment" resolutionDialogIntroKind="$resolutionDialogIntroKind" dialogContext="$dialogContext" punishmentType="$punishmentType" nodeLabel="43457783" />
          <Function_crime_selfhelp_addParticipantsTypeToDialogContext participantsType="$selfhelpParticipantsType" dialogContext="$dialogContext" nodeLabel="93912962" />
        </Sequence>
      </Behavior>
    </Root>
    <ForestContainer />
    <EditorData EventSet="">
      <Variables>
        <Variable name="dialogContext" comment="" />
        <Variable name="punishment" comment="" />
        <Variable name="punishmentType" comment="" />
        <Variable name="resolutionDialogIntroKind" comment="" />
        <Variable name="selfhelpParticipantsType" comment="" />
      </Variables>
      <ForwardDeclarations />
      <Root hasInputBreakpoint="0" comment="" breakpointFlags="0" saveVersion="2">
        <OutputBreakpoints />
        <Behavior>
          <Sequence hasInputBreakpoint="0" comment="" breakpointFlags="0">
            <OutputBreakpoints />
            <Function_crime_getResolveDialogContext hasInputBreakpoint="0" comment="" breakpointFlags="0">
              <OutputBreakpoints />
            </Function_crime_getResolveDialogContext>
            <Function_crime_selfhelp_addParticipantsTypeToDialogContext hasInputBreakpoint="0" comment="" breakpointFlags="0">
              <OutputBreakpoints />
            </Function_crime_selfhelp_addParticipantsTypeToDialogContext>
          </Sequence>
        </Behavior>
      </Root>
      <Forest />
      <Comments />
    </EditorData>
  </BehaviorTree>
</BehaviorTrees>