<?xml version="1.0" encoding="us-ascii"?>
<BehaviorTrees>
	<BehaviorTree name="crime_getSoulUIName" is_function="1">
		<Variables />
		<Parameters>
			<Variable name="UIName" type="_string" values="" isPersistent="0" form="single" requirementType="Out" />
			<Variable name="soul" type="_wuid" values="" isPersistent="0" form="single" requirementType="In" />
		</Parameters>
		<Root OneTimeOnly="false" FailState="Recoverable" saveVersion="2">
			<Behavior canSkip="1">
				<ExecuteLua code="data.UIName = XGenAIModule.GetEntityByWUID(data.soul).soul:GetNameStringId()" />
			</Behavior>
		</Root>
		<ForestContainer />
		<EditorData EventSet="">
			<Variables>
				<Variable name="UIName" comment="" />
				<Variable name="soul" comment="" />
			</Variables>
			<ForwardDeclarations />
			<Root hasInputBreakpoint="0" comment="" breakpointFlags="0" saveVersion="2">
				<OutputBreakpoints />
				<Behavior>
					<ExecuteLua hasInputBreakpoint="0" comment="" breakpointFlags="0">
						<OutputBreakpoints />
					</ExecuteLua>
				</Behavior>
			</Root>
			<Forest />
			<Comments />
		</EditorData>
	</BehaviorTree>
</BehaviorTrees>