<?xml version="1.0" encoding="us-ascii"?>
<BehaviorTrees>
	<BehaviorTree name="crime_handleStimulusSound_reactToDogDistract" is_function="1">
		<Variables />
		<Parameters>
			<Variable name="forced" type="_bool" values="" isPersistent="0" form="single" requirementType="In" />
			<Variable name="initiator" type="enum:switch_interruptInitiator" values="$enum:switch_interruptInitiator.switch" isPersistent="0" form="single" requirementType="In" />
			<Variable name="pos" type="vec3" values="" isPersistent="0" form="single" requirementType="In" />
		</Parameters>
		<Root OneTimeOnly="false" FailState="Recoverable" saveVersion="2">
			<Behavior canSkip="1">
				<Function_callInterrupt_lookAround alarmReactionType="$enum:crime_alarmReactionType.none" amIBuddy="false" corpseState="$enum:corpseState.undiscovered" directHit="false" forceSubscribedSoundReaction="$forced" ignorePriority="false" information_look="" initiator="$initiator" missingNpc="$__null" position="$pos" previousReaction="$enum:crime_reactionKind.unknown" reactingToSoundBecauseAlone="false" reportedBy="$__null" searchDirection="" searchPointsFromDirection="false" shooter="$__player" soundType="$enum:sound.dog_distract" source="$enum:crime_source.hearing" stimulusAnimalAbuse="" stimulusKind="$enum:crime_stimulusKind.sound" nodeLabel="62749602" />
			</Behavior>
		</Root>
		<ForestContainer />
		<EditorData EventSet="">
			<Variables>
				<Variable name="forced" comment="" />
				<Variable name="initiator" comment="" />
				<Variable name="pos" comment="" />
			</Variables>
			<ForwardDeclarations />
			<Root hasInputBreakpoint="0" comment="" breakpointFlags="0" saveVersion="2">
				<OutputBreakpoints />
				<Behavior>
					<Function_callInterrupt_lookAround hasInputBreakpoint="0" comment="" breakpointFlags="0">
						<OutputBreakpoints />
					</Function_callInterrupt_lookAround>
				</Behavior>
			</Root>
			<Forest />
			<Comments />
		</EditorData>
	</BehaviorTree>
</BehaviorTrees>