<?xml version="1.0" encoding="us-ascii"?>
<BehaviorTrees>
	<BehaviorTree name="crime_handleNrbLevels" is_function="1">
		<Variables />
		<Root OneTimeOnly="false" FailState="Recoverable" saveVersion="2">
			<Behavior canSkip="1">
				<Parallel successMode="Any" failureMode="Any">
					<While doFail="false" propagateChildFail="false" condition="true">
						<Sequence>
							<RemoveBuffs SoulWUID="$this.id" BuffGUID="&apos;d61a0120-6087-4116-9645-2a3abe1f11fd&apos;" BuffTagId="-1" />
							<EntityContextBarrier context="crime_nrbLevel_confronting" target="$this.id" Negation="false" RunLogic="Halt">
								<Sequence>
									<AddBuff SoulWUID="$this.id" BuffGUID="&apos;d61a0120-6087-4116-9645-2a3abe1f11fd&apos;" />
									<Wait duration="&apos;-1&apos;" timeType="GameTime" doFail="false" variation="" />
								</Sequence>
							</EntityContextBarrier>
						</Sequence>
					</While>
					<While doFail="false" propagateChildFail="false" condition="true">
						<Sequence>
							<RemoveBuffs SoulWUID="$this.id" BuffGUID="&apos;e7952613-5660-419c-988d-ac973ed13c5d&apos;" BuffTagId="-1" />
							<EntityContextBarrier context="crime_nrbLevel_searching" target="$this.id" Negation="false" RunLogic="Halt">
								<Sequence>
									<AddBuff SoulWUID="$this.id" BuffGUID="&apos;e7952613-5660-419c-988d-ac973ed13c5d&apos;" />
									<Wait duration="&apos;-1&apos;" timeType="GameTime" doFail="false" variation="" />
								</Sequence>
							</EntityContextBarrier>
						</Sequence>
					</While>
					<While doFail="false" propagateChildFail="false" condition="true">
						<Sequence>
							<RemoveBuffs SoulWUID="$this.id" BuffGUID="&apos;f2c8fc57-43a4-4593-acb7-0bbbbe4854d6&apos;" BuffTagId="-1" />
							<EntityContextBarrier context="crime_nrbLevel_looking" target="$this.id" Negation="false" RunLogic="Halt">
								<Sequence>
									<AddBuff SoulWUID="$this.id" BuffGUID="&apos;f2c8fc57-43a4-4593-acb7-0bbbbe4854d6&apos;" />
									<Wait duration="&apos;-1&apos;" timeType="GameTime" doFail="false" variation="" />
								</Sequence>
							</EntityContextBarrier>
						</Sequence>
					</While>
				</Parallel>
			</Behavior>
		</Root>
		<ForestContainer />
		<EditorData EventSet="">
			<Variables />
			<ForwardDeclarations />
			<Root hasInputBreakpoint="0" comment="" breakpointFlags="0" saveVersion="2">
				<OutputBreakpoints />
				<Behavior>
					<Parallel hasInputBreakpoint="0" comment="" breakpointFlags="0">
						<OutputBreakpoints />
						<While hasInputBreakpoint="0" comment="" breakpointFlags="0">
							<OutputBreakpoints />
							<Sequence hasInputBreakpoint="0" comment="" breakpointFlags="0">
								<OutputBreakpoints />
								<RemoveBuffs hasInputBreakpoint="0" comment="" breakpointFlags="0">
									<OutputBreakpoints />
								</RemoveBuffs>
								<EntityContextBarrier hasInputBreakpoint="0" comment="" breakpointFlags="0">
									<OutputBreakpoints />
									<Sequence hasInputBreakpoint="0" comment="" breakpointFlags="0">
										<OutputBreakpoints />
										<AddBuff hasInputBreakpoint="0" comment="" breakpointFlags="0">
											<OutputBreakpoints />
										</AddBuff>
										<Wait hasInputBreakpoint="0" comment="" breakpointFlags="0">
											<OutputBreakpoints />
										</Wait>
									</Sequence>
								</EntityContextBarrier>
							</Sequence>
						</While>
						<While hasInputBreakpoint="0" comment="" breakpointFlags="0">
							<OutputBreakpoints />
							<Sequence hasInputBreakpoint="0" comment="" breakpointFlags="0">
								<OutputBreakpoints />
								<RemoveBuffs hasInputBreakpoint="0" comment="" breakpointFlags="0">
									<OutputBreakpoints />
								</RemoveBuffs>
								<EntityContextBarrier hasInputBreakpoint="0" comment="" breakpointFlags="0">
									<OutputBreakpoints />
									<Sequence hasInputBreakpoint="0" comment="" breakpointFlags="0">
										<OutputBreakpoints />
										<AddBuff hasInputBreakpoint="0" comment="" breakpointFlags="0">
											<OutputBreakpoints />
										</AddBuff>
										<Wait hasInputBreakpoint="0" comment="" breakpointFlags="0">
											<OutputBreakpoints />
										</Wait>
									</Sequence>
								</EntityContextBarrier>
							</Sequence>
						</While>
						<While hasInputBreakpoint="0" comment="" breakpointFlags="0">
							<OutputBreakpoints />
							<Sequence hasInputBreakpoint="0" comment="" breakpointFlags="0">
								<OutputBreakpoints />
								<RemoveBuffs hasInputBreakpoint="0" comment="" breakpointFlags="0">
									<OutputBreakpoints />
								</RemoveBuffs>
								<EntityContextBarrier hasInputBreakpoint="0" comment="" breakpointFlags="0">
									<OutputBreakpoints />
									<Sequence hasInputBreakpoint="0" comment="" breakpointFlags="0">
										<OutputBreakpoints />
										<AddBuff hasInputBreakpoint="0" comment="" breakpointFlags="0">
											<OutputBreakpoints />
										</AddBuff>
										<Wait hasInputBreakpoint="0" comment="" breakpointFlags="0">
											<OutputBreakpoints />
										</Wait>
									</Sequence>
								</EntityContextBarrier>
							</Sequence>
						</While>
					</Parallel>
				</Behavior>
			</Root>
			<Forest />
			<Comments />
		</EditorData>
	</BehaviorTree>
</BehaviorTrees>