<?xml version="1.0" encoding="us-ascii"?>
<BehaviorTrees>
  <BehaviorTree name="crime_hasMoraleForCombat" is_function="1">
    <Variables />
    <Parameters>
      <Variable name="hasMoraleForCombat" type="_bool" values="" isPersistent="0" form="single" requirementType="Out" />
      <Variable name="threat" type="wuid" values="" isPersistent="0" form="single" requirementType="In" />
    </Parameters>
    <Root OneTimeOnly="false" FailState="Recoverable" saveVersion="2">
      <Behavior canSkip="1">
        <MoraleCheck SoulWUID="$this.id" ThreatLevel="0.800000" FailSubtMissing="false" saveVersion="2">
          <Then canSkip="1">
            <Expression expressions="$hasMoraleForCombat = true" />
          </Then>
          <Else canSkip="1">
            <MoraleCheck SoulWUID="$this.id" ThreatLevel="0.300000" FailSubtMissing="false" saveVersion="2">
              <Then canSkip="1">
                <CompareMorale ObserverSoulWUID="$this.id" TargetSoulWUID="$threat" FailSubtMissing="false" saveVersion="2">
                  <Then canSkip="1">
                    <Expression expressions="$hasMoraleForCombat = true" />
                  </Then>
                  <Else canSkip="1">
                    <Success />
                  </Else>
                </CompareMorale>
              </Then>
              <Else canSkip="1">
                <Success />
              </Else>
            </MoraleCheck>
          </Else>
        </MoraleCheck>
      </Behavior>
    </Root>
    <ForestContainer />
    <EditorData EventSet="">
      <Variables>
        <Variable name="hasMoraleForCombat" comment="" />
        <Variable name="threat" comment="" />
      </Variables>
      <ForwardDeclarations />
      <Root hasInputBreakpoint="0" comment="" breakpointFlags="0" saveVersion="2">
        <OutputBreakpoints />
        <Behavior>
          <MoraleCheck hasInputBreakpoint="0" comment="" breakpointFlags="0" saveVersion="2">
            <OutputBreakpoints />
            <Then>
              <Expression hasInputBreakpoint="0" comment="" breakpointFlags="0">
                <OutputBreakpoints />
              </Expression>
            </Then>
            <Else>
              <MoraleCheck hasInputBreakpoint="0" comment="" breakpointFlags="0" saveVersion="2">
                <OutputBreakpoints />
                <Then>
                  <CompareMorale hasInputBreakpoint="0" comment="" breakpointFlags="0" saveVersion="2">
                    <OutputBreakpoints />
                    <Then>
                      <Expression hasInputBreakpoint="0" comment="" breakpointFlags="0">
                        <OutputBreakpoints />
                      </Expression>
                    </Then>
                    <Else>
                      <Success hasInputBreakpoint="0" comment="" breakpointFlags="0">
                        <OutputBreakpoints />
                      </Success>
                    </Else>
                  </CompareMorale>
                </Then>
                <Else>
                  <Success hasInputBreakpoint="0" comment="" breakpointFlags="0">
                    <OutputBreakpoints />
                  </Success>
                </Else>
              </MoraleCheck>
            </Else>
          </MoraleCheck>
        </Behavior>
      </Root>
      <Forest />
      <Comments />
    </EditorData>
  </BehaviorTree>
</BehaviorTrees>
