<?xml version="1.0" encoding="us-ascii"?>
<BehaviorTrees>
  <BehaviorTree name="crime_hasVisor" is_function="1">
    <Variables>
      <Variable name="helmet" type="_wuid" values="" isPersistent="0" form="single" />
    </Variables>
    <Parameters>
      <Variable name="hasVisor" type="_bool" values="" isPersistent="0" form="single" requirementType="Out" />
      <Variable name="npc" type="_wuid" values="$this.id" isPersistent="0" form="single" requirementType="In" optional="1" />
    </Parameters>
    <Root OneTimeOnly="false" FailState="Recoverable" saveVersion="2">
      <Behavior canSkip="1">
        <SuppressFailure>
          <Sequence>
            <GraphSearch Origin="$npc" Borders="" depth="1" selection="true" SearchPattern="Depth" EdgePruning="&apos;parent&apos;" AllowedEdges="" SubGraph="&apos;inventory&apos;" AllowSubtraph="false" includeOrigin="false" excludeOrigin="false" failOnEmpty="true" SetOperationChoice="Intersection|And" errorOnEmpty="false" shortCircuit="false" skipTraversed="true">
              <ItemClassFilter ClassId="" Category="&apos;helmet.*.*&apos;" Source="Child" prune="true" negprune="unknown" Parent="" Child="" />
              <ItemParamFilter Param="Equip" Source="Child" prune="true" negprune="unknown" Parent="" Child="" />
              <Nodalyzer Quantifiers="Exists" Parent="" Child="$helmet" saveVersion="2" />
            </GraphSearch>
            <GetItemProperty itemId="$helmet" property="HasVisor" result="$hasVisor" />
          </Sequence>
        </SuppressFailure>
      </Behavior>
    </Root>
    <ForestContainer />
    <EditorData EventSet="">
      <Variables>
        <Variable name="helmet" comment="" />
        <Variable name="hasVisor" comment="" />
        <Variable name="npc" comment="" />
      </Variables>
      <ForwardDeclarations />
      <Root editorPosX="-10" hasInputBreakpoint="0" comment="" breakpointFlags="0" saveVersion="2">
        <OutputBreakpoints />
        <Behavior>
          <SuppressFailure hasInputBreakpoint="0" comment="" breakpointFlags="0">
            <OutputBreakpoints />
            <Sequence hasInputBreakpoint="0" comment="" breakpointFlags="0">
              <OutputBreakpoints />
              <GraphSearch hasInputBreakpoint="0" comment="" breakpointFlags="0">
                <OutputBreakpoints />
                <ItemClassFilter hasInputBreakpoint="0" comment="" breakpointFlags="0">
                  <OutputBreakpoints />
                </ItemClassFilter>
                <ItemParamFilter hasInputBreakpoint="0" comment="" breakpointFlags="0">
                  <OutputBreakpoints />
                </ItemParamFilter>
                <Nodalyzer hasInputBreakpoint="0" comment="" breakpointFlags="0" saveVersion="2">
                  <OutputBreakpoints />
                </Nodalyzer>
              </GraphSearch>
              <GetItemProperty hasInputBreakpoint="0" comment="" breakpointFlags="0">
                <OutputBreakpoints />
              </GetItemProperty>
            </Sequence>
          </SuppressFailure>
        </Behavior>
      </Root>
      <Forest />
      <Comments />
    </EditorData>
  </BehaviorTree>
</BehaviorTrees>