<?xml version="1.0" encoding="us-ascii"?>
<BehaviorTrees>
  <BehaviorTree name="crime_hasWeaponDrawn" is_function="1">
    <Variables />
    <Parameters>
      <Variable name="checkingMethod" type="enum:crime_weaponCheckingMethod" values="$enum:crime_weaponCheckingMethod.perceivableState" isPersistent="0" form="single" requirementType="In" />
      <Variable name="npc" type="_wuid" values="" isPersistent="0" form="single" requirementType="In" />
      <Variable name="result" type="_bool" values="" isPersistent="0" form="single" requirementType="Out" />
    </Parameters>
    <Root OneTimeOnly="false" FailState="Recoverable" saveVersion="2">
      <Behavior canSkip="1">
        <Switch>
          <IfCondition failOnCondition="false" condition="$checkingMethod == $enum:crime_weaponCheckingMethod.graphSearch">
            <Sequence>
              <Function_crime_hasMeleeWeaponDrawn npc="$npc" result="$result" nodeLabel="80933218" />
              <IfCondition failOnCondition="false" condition="~$result">
                <IsWeaponDrawn who="$npc" WeaponSet="Secondary" saveVersion="2">
                  <Then canSkip="1">
                    <Expression expressions="$result = true" />
                  </Then>
                  <Else canSkip="1">
                    <Success />
                  </Else>
                </IsWeaponDrawn>
              </IfCondition>
            </Sequence>
          </IfCondition>
          <DefaultBranch>
            <HasPerceivableState PerceivableState="&apos;weapon&apos;" PerceivedWUID="$npc" PerceptorWUID="$this.id" FailSubtMissing="false" saveVersion="2">
              <Then canSkip="1">
                <HasPerceivableState PerceivableState="&apos;sharpening&apos;" PerceivedWUID="$npc" PerceptorWUID="$this.id" FailSubtMissing="false" saveVersion="2">
                  <Then canSkip="1">
                    <Expression expressions="$result = false" />
                  </Then>
                  <Else canSkip="1">
                    <Expression expressions="$result = true" />
                  </Else>
                </HasPerceivableState>
              </Then>
              <Else canSkip="1">
                <Expression expressions="$result = false" />
              </Else>
            </HasPerceivableState>
          </DefaultBranch>
        </Switch>
      </Behavior>
    </Root>
    <ForestContainer />
    <EditorData EventSet="">
      <Variables>
        <Variable name="checkingMethod" comment="" />
        <Variable name="npc" comment="" />
        <Variable name="result" comment="" />
      </Variables>
      <ForwardDeclarations />
      <Root hasInputBreakpoint="0" comment="" breakpointFlags="0" saveVersion="2">
        <OutputBreakpoints />
        <Behavior>
          <Switch hasInputBreakpoint="0" comment="" breakpointFlags="0">
            <OutputBreakpoints />
            <IfCondition hasInputBreakpoint="0" comment="" breakpointFlags="0">
              <OutputBreakpoints />
              <Sequence hasInputBreakpoint="0" comment="" breakpointFlags="0">
                <OutputBreakpoints />
                <Function_crime_hasMeleeWeaponDrawn hasInputBreakpoint="0" comment="" breakpointFlags="0">
                  <OutputBreakpoints />
                </Function_crime_hasMeleeWeaponDrawn>
                <IfCondition hasInputBreakpoint="0" comment="" breakpointFlags="0">
                  <OutputBreakpoints />
                  <IsWeaponDrawn hasInputBreakpoint="0" comment="" breakpointFlags="0" saveVersion="2">
                    <OutputBreakpoints />
                    <Then>
                      <Expression hasInputBreakpoint="0" comment="" breakpointFlags="0">
                        <OutputBreakpoints />
                      </Expression>
                    </Then>
                    <Else>
                      <Success hasInputBreakpoint="0" comment="" breakpointFlags="0">
                        <OutputBreakpoints />
                      </Success>
                    </Else>
                  </IsWeaponDrawn>
                </IfCondition>
              </Sequence>
            </IfCondition>
            <DefaultBranch>
              <HasPerceivableState hasInputBreakpoint="0" comment="" breakpointFlags="0" saveVersion="2">
                <OutputBreakpoints />
                <Then>
                  <HasPerceivableState hasInputBreakpoint="0" comment="" breakpointFlags="0" saveVersion="2">
                    <OutputBreakpoints />
                    <Then>
                      <Expression hasInputBreakpoint="0" comment="" breakpointFlags="0">
                        <OutputBreakpoints />
                      </Expression>
                    </Then>
                    <Else>
                      <Expression hasInputBreakpoint="0" comment="" breakpointFlags="0">
                        <OutputBreakpoints />
                      </Expression>
                    </Else>
                  </HasPerceivableState>
                </Then>
                <Else>
                  <Expression hasInputBreakpoint="0" comment="" breakpointFlags="0">
                    <OutputBreakpoints />
                  </Expression>
                </Else>
              </HasPerceivableState>
            </DefaultBranch>
          </Switch>
        </Behavior>
      </Root>
      <Forest />
      <Comments />
    </EditorData>
  </BehaviorTree>
</BehaviorTrees>