<?xml version="1.0" encoding="us-ascii"?>
<BehaviorTrees>
  <BehaviorTree name="crime_isInSkirmish" is_function="1">
    <Variables>
      <Variable name="skirmishParticipants" type="_wuid" values="" isPersistent="0" form="array" />
    </Variables>
    <Parameters>
      <Variable name="isInSkirmish" type="_bool" values="" isPersistent="0" form="single" requirementType="Out" />
      <Variable name="reference" type="_wuid" values="" isPersistent="0" form="single" requirementType="In" />
    </Parameters>
    <Root OneTimeOnly="false" FailState="Recoverable" saveVersion="2">
      <Behavior canSkip="1">
        <Sequence>
          <GetSkirmishParticipants ReferenceNPC="$reference" Active="true" Passive="false" Targets="false" HumanOnly="false" ParticipantsOutVar="$skirmishParticipants" />
          <IfCondition failOnCondition="false" condition="#skirmishParticipants &gt; 0">
            <Expression expressions="$isInSkirmish = true" />
          </IfCondition>
        </Sequence>
      </Behavior>
    </Root>
    <ForestContainer />
    <EditorData EventSet="">
      <Variables>
        <Variable name="skirmishParticipants" comment="" />
        <Variable name="isInSkirmish" comment="" />
        <Variable name="reference" comment="" />
      </Variables>
      <ForwardDeclarations />
      <Root hasInputBreakpoint="0" comment="" breakpointFlags="0" saveVersion="2">
        <OutputBreakpoints />
        <Behavior>
          <Sequence hasInputBreakpoint="0" comment="" breakpointFlags="0">
            <OutputBreakpoints />
            <GetSkirmishParticipants hasInputBreakpoint="0" comment="" breakpointFlags="0">
              <OutputBreakpoints />
            </GetSkirmishParticipants>
            <IfCondition hasInputBreakpoint="0" comment="" breakpointFlags="0">
              <OutputBreakpoints />
              <Expression hasInputBreakpoint="0" comment="" breakpointFlags="0">
                <OutputBreakpoints />
              </Expression>
            </IfCondition>
          </Sequence>
        </Behavior>
      </Root>
      <Forest />
      <Comments />
    </EditorData>
  </BehaviorTree>
</BehaviorTrees>