<?xml version="1.0" encoding="us-ascii"?>
<BehaviorTrees>
  <BehaviorTree name="crime_isPlayerUnderArrest" is_function="1">
    <Variables>
      <Variable name="reactors" type="_wuid" values="" isPersistent="0" form="array" />
      <Variable name="reactors_value" type="_wuid" values="" isPersistent="0" form="single" />
    </Variables>
    <Parameters>
      <Variable name="guardArresting" type="_bool" values="" isPersistent="0" form="single" requirementType="Out" />
    </Parameters>
    <Root OneTimeOnly="false" FailState="Recoverable" saveVersion="2">
      <Behavior canSkip="1">
        <ErrorNode Message="&apos;Function is obsolete. Use its code successor.&apos;" />
      </Behavior>
    </Root>
    <ForestContainer>
        <Sequence>
          <GraphSearch Origin="$__player" Borders="" depth="1" selection="true" SearchPattern="Depth" EdgePruning="&apos;parent,inventory&apos;" AllowedEdges="" SubGraph="" AllowSubtraph="false" includeOrigin="false" excludeOrigin="false" failOnEmpty="false" SetOperationChoice="Intersection|And" errorOnEmpty="false" shortCircuit="false" skipTraversed="true">
            <LinkTagFilter tag="&apos;crime_reactor&apos;" prune="true" negprune="unknown" Parent="" Child="" Data="" />
            <LinkDataFilter tag="&apos;crime_reactor&apos;" condition="$__link_crime_reactor.reactionKind == $enum:crime_reactionKind.arrest | &#10;$__link_crime_reactor.reactionKind == $enum:crime_reactionKind.attack" prune="true" negprune="unknown" Parent="" Child="" Data="" />
            <RangeFilter min="0.000000" max="20.000000" point="$__player" excludeRef="true" Source="Child" prune="true" negprune="unknown" Parent="" Child="" />
            <Nodalyzer Quantifiers="ForAll" Parent="" Child="$reactors" saveVersion="2" />
          </GraphSearch>
          <ForEach startIndex="0" step="1" array="$reactors" iterator="" value="$reactors_value" break="$guardArresting">
            <EntityContextCheck context="crime_isAuthority" target="$reactors_value" saveVersion="2">
              <Then canSkip="1">
                <EntityContextCheck context="crime_isGameKeeper" target="$reactors_value" saveVersion="2">
                  <Else canSkip="1">
                    <Expression expressions="$guardArresting = true" />
                  </Else>
                </EntityContextCheck>
              </Then>
            </EntityContextCheck>
          </ForEach>
        </Sequence>
    </ForestContainer>
    <EditorData EventSet="">
      <Variables>
        <Variable name="reactors" comment="" />
        <Variable name="reactors_value" comment="" />
        <Variable name="guardArresting" comment="" />
      </Variables>
      <ForwardDeclarations />
      <Root editorPosX="10" hasInputBreakpoint="0" comment="" breakpointFlags="0" saveVersion="2">
        <OutputBreakpoints />
        <Behavior>
          <ErrorNode hasInputBreakpoint="0" comment="" breakpointFlags="0">
            <OutputBreakpoints />
          </ErrorNode>
        </Behavior>
      </Root>
      <Forest>
        <Sequence editorPosX="340" editorPosY="340" hasInputBreakpoint="0" comment="" breakpointFlags="0">
          <OutputBreakpoints />
            <GraphSearch hasInputBreakpoint="0" comment="" breakpointFlags="0">
              <OutputBreakpoints />
              <LinkTagFilter hasInputBreakpoint="0" comment="" breakpointFlags="0">
                <OutputBreakpoints />
              </LinkTagFilter>
              <LinkDataFilter hasInputBreakpoint="0" comment="" breakpointFlags="0">
                <OutputBreakpoints />
              </LinkDataFilter>
              <RangeFilter hasInputBreakpoint="0" comment="" breakpointFlags="0">
                <OutputBreakpoints />
              </RangeFilter>
              <Nodalyzer hasInputBreakpoint="0" comment="" breakpointFlags="0" saveVersion="2">
                <OutputBreakpoints />
              </Nodalyzer>
            </GraphSearch>
            <ForEach hasInputBreakpoint="0" comment="" breakpointFlags="0">
              <OutputBreakpoints />
              <EntityContextCheck hasInputBreakpoint="0" comment="" breakpointFlags="0" saveVersion="2">
                <OutputBreakpoints />
                <Then>
                  <EntityContextCheck hasInputBreakpoint="0" comment="tvez_man_5 did this (KCD2-108041)" breakpointFlags="0" saveVersion="2">
                    <OutputBreakpoints />
                    <Else>
                      <Expression hasInputBreakpoint="0" comment="" breakpointFlags="0">
                        <OutputBreakpoints />
                      </Expression>
                    </Else>
                  </EntityContextCheck>
                </Then>
              </EntityContextCheck>
            </ForEach>
          </Sequence>
      </Forest>
      <Comments />
    </EditorData>
  </BehaviorTree>
</BehaviorTrees>