<?xml version="1.0" encoding="us-ascii"?>
<BehaviorTrees>
  <BehaviorTree name="crime_isSoundRelevant" is_function="1">
    <Variables>
      <Variable name="currentTime" type="_int64" values="" isPersistent="0" form="single" />
      <Variable name="distanceToPebble" type="_float" values="" isPersistent="0" form="single" />
      <Variable name="dummyWuid" type="_wuid" values="" isPersistent="0" form="single" />
      <Variable name="lock" type="_wuid" values="" isPersistent="0" form="single" />
      <Variable name="myPos" type="vec3" values="" isPersistent="0" form="single" />
      <Variable name="nearbyNpcs" type="_wuid" values="" isPersistent="0" form="array" />
      <Variable name="nearbyNpcsRadius" type="_float" values="" isPersistent="0" form="single" />
      <Variable name="npcCooldowns" type="crime:npcCooldowns" values="" isPersistent="0" form="single" />
      <Variable name="owner" type="_wuid" values="" isPersistent="0" form="single" />
      <Variable name="pebbleIsAnnoyingDistance" type="_float" values="5" isPersistent="0" form="single" />
      <Variable name="playerIsEnemy" type="_bool" values="" isPersistent="0" form="single" />
      <Variable name="reactionSuppressed" type="_bool" values="" isPersistent="0" form="single" />
      <Variable name="trespassArea" type="_wuid" values="" isPersistent="0" form="single" />
      <Variable name="trespassAreaSevereness" type="enum:trespassLevel" values="" isPersistent="0" form="single" />
    </Variables>
    <Parameters>
      <Variable name="isRelevant" type="_bool" values="" isPersistent="0" form="single" requirementType="Out" />
      <Variable name="previousSound" type="enum:sound" values="$enum:sound.invalid" isPersistent="0" form="single" requirementType="In" />
      <Variable name="sound" type="hearingInfo" values="" isPersistent="0" form="single" requirementType="In" />
    </Parameters>
    <Root OneTimeOnly="false" FailState="Recoverable" saveVersion="2">
      <Behavior canSkip="1">
        <ErrorNode Message="&apos;OBSOLETE FUNCTION CALL&apos;" />
      </Behavior>
    </Root>
    <ForestContainer />
    <EditorData EventSet="">
      <Variables>
        <Variable name="currentTime" comment="" />
        <Variable name="distanceToPebble" comment="" />
        <Variable name="dummyWuid" comment="" />
        <Variable name="lock" comment="" />
        <Variable name="myPos" comment="" />
        <Variable name="nearbyNpcs" comment="" />
        <Variable name="nearbyNpcsRadius" comment="" />
        <Variable name="npcCooldowns" comment="" />
        <Variable name="owner" comment="" />
        <Variable name="pebbleIsAnnoyingDistance" comment="" />
        <Variable name="playerIsEnemy" comment="" />
        <Variable name="reactionSuppressed" comment="" />
        <Variable name="trespassArea" comment="" />
        <Variable name="trespassAreaSevereness" comment="" />
        <Variable name="isRelevant" comment="" />
        <Variable name="previousSound" comment="" />
        <Variable name="sound" comment="" />
      </Variables>
      <ForwardDeclarations />
      <Root editorPosX="30" editorPosY="10" hasInputBreakpoint="0" comment="" breakpointFlags="0" saveVersion="2">
        <OutputBreakpoints />
        <Behavior>
          <ErrorNode hasInputBreakpoint="0" comment="" breakpointFlags="0">
            <OutputBreakpoints />
          </ErrorNode>
        </Behavior>
      </Root>
      <Forest />
      <Comments />
    </EditorData>
  </BehaviorTree>
</BehaviorTrees>