<?xml version="1.0" encoding="us-ascii"?>
<BehaviorTrees>
	<BehaviorTree name="crime_knowAboutDeadMate" is_function="1">
		<Variables>
			<Variable name="deadMates" type="_wuid" values="" isPersistent="0" form="array" />
			<Variable name="deadMates_value" type="_wuid" values="" isPersistent="0" form="single" />
			<Variable name="information" type="information" values="" isPersistent="0" form="single" />
		</Variables>
		<Parameters>
			<Variable name="deadMateKnown" type="_bool" values="" isPersistent="0" form="single" requirementType="Out" />
			<Variable name="target" type="_wuid" values="$this.id" isPersistent="0" form="single" requirementType="In" optional="1" />
		</Parameters>
		<Root OneTimeOnly="false" FailState="Recoverable" saveVersion="2">
			<Behavior canSkip="1">
				<Sequence>
					<GraphSearch Origin="$target" Borders="" depth="3" selection="true" SearchPattern="Depth" EdgePruning="&apos;parent,inventory&apos;" AllowedEdges="" SubGraph="&apos;home,home_inhabitant,area_union_member&apos;" AllowSubtraph="false" includeOrigin="false" excludeOrigin="false" failOnEmpty="false" SetOperationChoice="Intersection|And" errorOnEmpty="false" shortCircuit="false" skipTraversed="true">
						<LinkTagFilter tag="&apos;home_inhabitant&apos;" prune="true" negprune="unknown" Parent="" Child="" Data="" />
						<NegationOp Results="true" Advance="true" EndOp="true" saveVersion="2">
							<Child0 canSkip="1">
								<WUIDFilter WUID="$target" Source="Child" prune="true" negprune="unknown" Parent="" Child="" />
							</Child0>
						</NegationOp>
						<Nodalyzer Quantifiers="ForAll" Parent="" Child="$deadMates" saveVersion="2" />
						<EntityClassFilter Class="NPC" Source="Child" prune="true" negprune="unknown" Parent="" Child="" />
						<NegationOp Results="true" Advance="true" EndOp="true" saveVersion="2">
							<Child0 canSkip="1">
								<SoulIsAliveFilter Source="Child" prune="true" negprune="unknown" Parent="" Child="" />
							</Child0>
						</NegationOp>
					</GraphSearch>
					<ForEach startIndex="0" step="1" array="$deadMates" iterator="" value="$deadMates_value" break="$deadMateKnown">
						<SuppressFailure>
							<Sequence>
								<RetrieveInformation PerceivedWuid="$deadMates_value" label="&apos;corpse&apos;" OutVariable="$information" />
								<GraphSearch Origin="$deadMates_value" Borders="" depth="1" selection="true" SearchPattern="Depth" EdgePruning="&apos;parent,inventory&apos;" AllowedEdges="" SubGraph="" AllowSubtraph="false" includeOrigin="false" excludeOrigin="false" failOnEmpty="true" SetOperationChoice="Intersection|And" errorOnEmpty="false" shortCircuit="false" skipTraversed="true">
									<LinkDataFilter tag="&apos;switch_corpse&apos;" condition="$__link_switch_corpse.resolved == false" prune="true" negprune="unknown" Parent="" Child="" Data="" />
									<LinkTagFilter tag="&apos;switch_corpse&apos;" prune="true" negprune="unknown" Parent="" Child="" Data="" />
								</GraphSearch>
								<Expression expressions="$deadMateKnown = true" />
							</Sequence>
						</SuppressFailure>
					</ForEach>
				</Sequence>
			</Behavior>
		</Root>
		<ForestContainer />
		<EditorData EventSet="">
			<Variables>
				<Variable name="deadMates" comment="" />
				<Variable name="deadMates_value" comment="" />
				<Variable name="information" comment="" />
				<Variable name="deadMateKnown" comment="" />
				<Variable name="target" comment="" />
			</Variables>
			<ForwardDeclarations />
			<Root hasInputBreakpoint="0" comment="" breakpointFlags="0" saveVersion="2">
				<OutputBreakpoints />
				<Behavior>
					<Sequence hasInputBreakpoint="0" comment="" breakpointFlags="0">
						<OutputBreakpoints />
						<GraphSearch hasInputBreakpoint="0" comment="" breakpointFlags="0">
							<OutputBreakpoints />
							<LinkTagFilter hasInputBreakpoint="0" comment="" breakpointFlags="0">
								<OutputBreakpoints />
							</LinkTagFilter>
							<NegationOp hasInputBreakpoint="0" comment="" breakpointFlags="0" saveVersion="2">
								<OutputBreakpoints />
								<Child0>
									<WUIDFilter hasInputBreakpoint="0" comment="" breakpointFlags="0">
										<OutputBreakpoints />
									</WUIDFilter>
								</Child0>
							</NegationOp>
							<Nodalyzer hasInputBreakpoint="0" comment="" breakpointFlags="0" saveVersion="2">
								<OutputBreakpoints />
							</Nodalyzer>
							<EntityClassFilter hasInputBreakpoint="0" comment="" breakpointFlags="0">
								<OutputBreakpoints />
							</EntityClassFilter>
							<NegationOp hasInputBreakpoint="0" comment="" breakpointFlags="0" saveVersion="2">
								<OutputBreakpoints />
								<Child0>
									<SoulIsAliveFilter hasInputBreakpoint="0" comment="" breakpointFlags="0">
										<OutputBreakpoints />
									</SoulIsAliveFilter>
								</Child0>
							</NegationOp>
						</GraphSearch>
						<ForEach hasInputBreakpoint="0" comment="" breakpointFlags="0">
							<OutputBreakpoints />
							<SuppressFailure hasInputBreakpoint="0" comment="" breakpointFlags="0">
								<OutputBreakpoints />
								<Sequence hasInputBreakpoint="0" comment="" breakpointFlags="0">
									<OutputBreakpoints />
									<RetrieveInformation hasInputBreakpoint="0" comment="" breakpointFlags="0">
										<OutputBreakpoints />
									</RetrieveInformation>
									<GraphSearch hasInputBreakpoint="0" comment="" breakpointFlags="0">
										<OutputBreakpoints />
										<LinkDataFilter hasInputBreakpoint="0" comment="" breakpointFlags="0">
											<OutputBreakpoints />
										</LinkDataFilter>
										<LinkTagFilter hasInputBreakpoint="0" comment="" breakpointFlags="0">
											<OutputBreakpoints />
										</LinkTagFilter>
									</GraphSearch>
									<Expression hasInputBreakpoint="0" comment="" breakpointFlags="0">
										<OutputBreakpoints />
									</Expression>
								</Sequence>
							</SuppressFailure>
						</ForEach>
					</Sequence>
				</Behavior>
			</Root>
			<Forest />
			<Comments />
		</EditorData>
	</BehaviorTree>
</BehaviorTrees>