<?xml version="1.0" encoding="us-ascii"?>
<BehaviorTrees>
  <BehaviorTree name="crime_makeDailyChecks" is_function="1">
    <Variables>
      <Variable name="lastDailyCheck" type="_int64" values="" isPersistent="0" form="single" />
      <Variable name="now" type="_int64" values="" isPersistent="0" form="single" />
    </Variables>
    <Parameters>
      <Variable name="initiator" type="enum:switch_interruptInitiator" values="$enum:switch_interruptInitiator.scheduler" isPersistent="0" form="single" requirementType="In" />
      <Variable name="previousReaction" type="enum:crime_reactionKind" values="$enum:crime_reactionKind.unknown" isPersistent="0" form="single" requirementType="In" />
    </Parameters>
    <Root OneTimeOnly="false" FailState="Recoverable" saveVersion="2">
      <Behavior canSkip="1">
        <Sequence>
          <GraphSearch Origin="" Borders="" depth="1" selection="true" SearchPattern="Depth" EdgePruning="&apos;parent,inventory&apos;" AllowedEdges="" SubGraph="" AllowSubtraph="false" includeOrigin="false" excludeOrigin="false" failOnEmpty="false" SetOperationChoice="Intersection|And" errorOnEmpty="false" shortCircuit="false" skipTraversed="true">
            <LinkTagFilter tag="&apos;crime_dailyChecks&apos;" prune="true" negprune="unknown" Parent="" Child="" Data="$lastDailyCheck" />
          </GraphSearch>
          <GetTime TimeType="WorldTime" OutVar="$now" Delta="" />
          <IfCondition failOnCondition="false" condition="$lastDailyCheck &lt;= 0 | &#10;$now - $lastDailyCheck &gt; 60000 * 60 * 12">
            <Sequence>
              <AddLink From="$this.id" To="$this.id" Tag="&apos;crime_dailyChecks&apos;" Data="$now" LinkOpHandleMode="OverWrite" />
              <Function_crime_checkMates initiator="$initiator" previousReaction="$previousReaction" nodeLabel="91340831" />
              <Function_crime_checkHomeStashes initiator="$initiator" previousReaction="$previousReaction" nodeLabel="69630003" />
            </Sequence>
          </IfCondition>
        </Sequence>
      </Behavior>
    </Root>
    <ForestContainer />
    <EditorData EventSet="">
      <Variables>
        <Variable name="lastDailyCheck" comment="" />
        <Variable name="now" comment="" />
        <Variable name="initiator" comment="" />
        <Variable name="previousReaction" comment="" />
      </Variables>
      <ForwardDeclarations />
      <Root hasInputBreakpoint="0" comment="" breakpointFlags="0" saveVersion="2">
        <OutputBreakpoints />
        <Behavior>
          <Sequence hasInputBreakpoint="0" comment="" breakpointFlags="0">
            <OutputBreakpoints />
            <GraphSearch hasInputBreakpoint="0" comment="" breakpointFlags="0">
              <OutputBreakpoints />
              <LinkTagFilter hasInputBreakpoint="0" comment="" breakpointFlags="0">
                <OutputBreakpoints />
              </LinkTagFilter>
            </GraphSearch>
            <GetTime hasInputBreakpoint="0" comment="" breakpointFlags="0">
              <OutputBreakpoints />
            </GetTime>
            <IfCondition hasInputBreakpoint="0" comment="only valid once every 12hrs" breakpointFlags="0">
              <OutputBreakpoints />
              <Sequence hasInputBreakpoint="0" comment="" breakpointFlags="0">
                <OutputBreakpoints />
                <AddLink hasInputBreakpoint="0" comment="" breakpointFlags="0">
                  <OutputBreakpoints />
                </AddLink>
                <Function_crime_checkMates hasInputBreakpoint="0" comment="" breakpointFlags="0">
                  <OutputBreakpoints />
                </Function_crime_checkMates>
                <Function_crime_checkHomeStashes hasInputBreakpoint="0" comment="" breakpointFlags="0">
                  <OutputBreakpoints />
                </Function_crime_checkHomeStashes>
              </Sequence>
            </IfCondition>
          </Sequence>
        </Behavior>
      </Root>
      <Forest />
      <Comments />
    </EditorData>
  </BehaviorTree>
</BehaviorTrees>