<?xml version="1.0" encoding="us-ascii"?>
<BehaviorTrees>
  <BehaviorTree name="crime_playerIsSuspiciousTutorial" is_function="1">
    <Variables />
    <Root OneTimeOnly="false" FailState="Recoverable" saveVersion="2">
      <Behavior canSkip="1">
        <IsPublicEnemy Soul="$this.id" FailOnSubtreeMissing="false" saveVersion="2">
          <Else canSkip="1">
            <ShowTutorial Name="crime_PlayerIsSuspicious" />
          </Else>
        </IsPublicEnemy>
      </Behavior>
    </Root>
    <ForestContainer />
    <EditorData EventSet="">
      <Variables />
      <ForwardDeclarations />
      <Root hasInputBreakpoint="0" comment="" breakpointFlags="0" saveVersion="2">
        <OutputBreakpoints />
        <Behavior>
          <IsPublicEnemy hasInputBreakpoint="0" comment="" breakpointFlags="0" saveVersion="2">
            <OutputBreakpoints />
            <Else>
              <ShowTutorial hasInputBreakpoint="0" comment="" breakpointFlags="0">
                <OutputBreakpoints />
              </ShowTutorial>
            </Else>
          </IsPublicEnemy>
        </Behavior>
      </Root>
      <Forest />
      <Comments />
    </EditorData>
  </BehaviorTree>
</BehaviorTrees>