<?xml version="1.0" encoding="us-ascii"?>
<BehaviorTrees>
	<BehaviorTree name="crime_processInterruptMessages" is_function="1">
		<Variables>
			<Variable name="interruptCheckHomeStashes" type="switch:interruptData:checkHomeStashes" values="" isPersistent="0" form="single" />
			<Variable name="interruptCheckPropertyData" type="switch:interruptData:checkProperty" values="" isPersistent="0" form="single" />
			<Variable name="interruptFleeData" type="switch:interruptData:flee" values="" isPersistent="0" form="single" />
			<Variable name="interruptKickPlayerFromTimeskipData" type="switch:interruptData:kickPlayerFromTimeskip" values="" isPersistent="0" form="single" />
			<Variable name="interruptMissingNpcFoundData" type="switch:interruptData:missingNpcFound" values="" isPersistent="0" form="single" />
			<Variable name="interruptMournData" type="switch:interruptData:mourn" values="" isPersistent="0" form="single" />
			<Variable name="interruptStopReactionData" type="switch:interruptData:stopReaction" values="" isPersistent="0" form="single" />
		</Variables>
		<Root OneTimeOnly="false" FailState="Recoverable" saveVersion="2">
			<Behavior canSkip="1">
				<Sequence>
					<ClearInbox inbox="&apos;crime_interrupt&apos;" type="" condition="" />
					<Parallel successMode="Any" failureMode="Any">
						<While doFail="false" propagateChildFail="false" condition="true">
							<ProcessMessage Atomic="true" timeout="&apos;-1&apos;" timeType="GameTime" variable="$interruptMissingNpcFoundData" senderInfo="" inbox="&apos;crime_interrupt&apos;" condition="" answerVar="">
								<Function_callInterrupt_missingNpcFound ignorePriority="false" initiator="$interruptMissingNpcFoundData.initiatedBy" missingNPC="$interruptMissingNpcFoundData.missingNPC" previousReaction="$interruptMissingNpcFoundData.previousReaction" searchingNPC="$interruptMissingNpcFoundData.searchingNPC" stimulusKind="$interruptMissingNpcFoundData.stimulusKind" nodeLabel="17508444" />
							</ProcessMessage>
						</While>
						<While doFail="false" propagateChildFail="false" condition="true">
							<ProcessMessage Atomic="true" timeout="&apos;-1&apos;" timeType="GameTime" variable="$interruptFleeData" senderInfo="" inbox="&apos;crime_interrupt&apos;" condition="" answerVar="">
								<Function_callInterrupt_flee alreadyCriminal="false" assaultData="$interruptFleeData.assaultData" corpseState="$interruptFleeData.corpseState" freshlyAttributedCrime="false" ignorePriority="$interruptFleeData.ignorePriority" information="$interruptFleeData.information" initiator="$interruptFleeData.initiatedBy" isIndifferent="$interruptFleeData.isIndifferent" leaveLevel="false" mercyDialogueResult="$enum:crime_mercyDialogueResult.unknown" previousReaction="$interruptFleeData.previousReaction" priority="$interruptFleeData.priority" source="$interruptFleeData.source" stimulusKind="$interruptFleeData.stimulusKind" target="$interruptFleeData.target" nodeLabel="41754394" />
							</ProcessMessage>
						</While>
						<While doFail="false" propagateChildFail="false" condition="true">
							<ProcessMessage Atomic="true" timeout="&apos;-1&apos;" timeType="GameTime" variable="$interruptCheckHomeStashes" senderInfo="" inbox="&apos;crime_interrupt&apos;" condition="" answerVar="">
								<Function_callInterrupt_checkHomeStashes home="$interruptCheckHomeStashes.home" ignorePriority="false" information="" initiator="$interruptCheckHomeStashes.initiatedBy" playerRelated="$interruptCheckHomeStashes.playerRelated" previousReaction="$interruptCheckHomeStashes.previousReaction" stimulusKind="$interruptCheckHomeStashes.stimulusKind" stolenItemsFound="$interruptCheckHomeStashes.stolenItemsFound" nodeLabel="93508419" />
							</ProcessMessage>
						</While>
						<While doFail="false" propagateChildFail="false" condition="true">
							<ProcessMessage Atomic="true" timeout="&apos;-1&apos;" timeType="GameTime" variable="$interruptCheckPropertyData" senderInfo="" inbox="&apos;crime_interrupt&apos;" condition="" answerVar="">
								<Function_callInterrupt_checkProperty home="$interruptCheckPropertyData.home" ignorePriority="false" initiator="$interruptCheckPropertyData.initiatedBy" missingNpc="$interruptCheckPropertyData.missingNpc" previousReaction="$interruptCheckPropertyData.previousReaction" stimulusKind="$interruptCheckPropertyData.stimulusKind" suspiciousDoor="$interruptCheckPropertyData.suspiciousDoor" suspiciousDoorFreshlyOpened="false" nodeLabel="16939562" />
							</ProcessMessage>
						</While>
						<While doFail="false" propagateChildFail="false" condition="true">
							<ProcessMessage Atomic="true" timeout="&apos;-1&apos;" timeType="GameTime" variable="$interruptKickPlayerFromTimeskipData" senderInfo="" inbox="&apos;crime_interrupt&apos;" condition="" answerVar="">
								<Function_callInterrupt_kickPlayerFromTimeskip ignorePriority="false" initiator="$interruptKickPlayerFromTimeskipData.initiatedBy" stimulusKind="$interruptKickPlayerFromTimeskipData.stimulusKind" nodeLabel="86284846" />
							</ProcessMessage>
						</While>
						<While doFail="false" propagateChildFail="false" condition="true">
							<ProcessMessage Atomic="true" timeout="&apos;-1&apos;" timeType="GameTime" variable="$interruptMournData" senderInfo="" inbox="&apos;crime_interrupt&apos;" condition="" answerVar="">
								<Function_callInterrupt_mourn ignorePriority="false" initiator="$interruptMournData.initiatedBy" mournTarget="$interruptMournData.corpse" previousReaction="$interruptMournData.previousReaction" stimulusKind="$interruptMournData.stimulusKind" nodeLabel="80517624" />
							</ProcessMessage>
						</While>
						<While doFail="false" propagateChildFail="false" condition="true">
							<ProcessMessage Atomic="true" timeout="&apos;-1&apos;" timeType="GameTime" variable="$interruptStopReactionData" senderInfo="" inbox="&apos;crime_interrupt&apos;" condition="" answerVar="">
								<Function_callInterrupt_stopReaction ignorePriority="true" stopReactionData="$interruptStopReactionData" nodeLabel="45281770" />
							</ProcessMessage>
						</While>
					</Parallel>
				</Sequence>
			</Behavior>
		</Root>
		<ForestContainer />
		<EditorData EventSet="">
			<Variables>
				<Variable name="interruptCheckHomeStashes" comment="" />
				<Variable name="interruptCheckPropertyData" comment="" />
				<Variable name="interruptFleeData" comment="" />
				<Variable name="interruptKickPlayerFromTimeskipData" comment="" />
				<Variable name="interruptMissingNpcFoundData" comment="" />
				<Variable name="interruptMournData" comment="" />
				<Variable name="interruptStopReactionData" comment="" />
			</Variables>
			<ForwardDeclarations />
			<Root hasInputBreakpoint="0" comment="" breakpointFlags="0" saveVersion="2">
				<OutputBreakpoints />
				<Behavior>
					<Sequence hasInputBreakpoint="0" comment="" breakpointFlags="0">
						<OutputBreakpoints />
						<ClearInbox hasInputBreakpoint="0" comment="" breakpointFlags="0">
							<OutputBreakpoints />
						</ClearInbox>
						<Parallel hasInputBreakpoint="0" comment="" breakpointFlags="0">
							<OutputBreakpoints />
							<While hasInputBreakpoint="0" comment="" breakpointFlags="0">
								<OutputBreakpoints />
								<ProcessMessage hasInputBreakpoint="0" comment="" breakpointFlags="0">
									<OutputBreakpoints />
									<Function_callInterrupt_missingNpcFound hasInputBreakpoint="0" comment="" breakpointFlags="0">
										<OutputBreakpoints />
									</Function_callInterrupt_missingNpcFound>
								</ProcessMessage>
							</While>
							<While hasInputBreakpoint="0" comment="" breakpointFlags="0">
								<OutputBreakpoints />
								<ProcessMessage hasInputBreakpoint="0" comment="" breakpointFlags="0">
									<OutputBreakpoints />
									<Function_callInterrupt_flee hasInputBreakpoint="0" comment="" breakpointFlags="0">
										<OutputBreakpoints />
									</Function_callInterrupt_flee>
								</ProcessMessage>
							</While>
							<While hasInputBreakpoint="0" comment="" breakpointFlags="0">
								<OutputBreakpoints />
								<ProcessMessage hasInputBreakpoint="0" comment="" breakpointFlags="0">
									<OutputBreakpoints />
									<Function_callInterrupt_checkHomeStashes hasInputBreakpoint="0" comment="" breakpointFlags="0">
										<OutputBreakpoints />
									</Function_callInterrupt_checkHomeStashes>
								</ProcessMessage>
							</While>
							<While hasInputBreakpoint="0" comment="" breakpointFlags="0">
								<OutputBreakpoints />
								<ProcessMessage hasInputBreakpoint="0" comment="" breakpointFlags="0">
									<OutputBreakpoints />
									<Function_callInterrupt_checkProperty hasInputBreakpoint="0" comment="" breakpointFlags="0">
										<OutputBreakpoints />
									</Function_callInterrupt_checkProperty>
								</ProcessMessage>
							</While>
							<While hasInputBreakpoint="0" comment="" breakpointFlags="0">
								<OutputBreakpoints />
								<ProcessMessage hasInputBreakpoint="0" comment="" breakpointFlags="0">
									<OutputBreakpoints />
									<Function_callInterrupt_kickPlayerFromTimeskip hasInputBreakpoint="0" comment="" breakpointFlags="0">
										<OutputBreakpoints />
									</Function_callInterrupt_kickPlayerFromTimeskip>
								</ProcessMessage>
							</While>
							<While hasInputBreakpoint="0" comment="" breakpointFlags="0">
								<OutputBreakpoints />
								<ProcessMessage hasInputBreakpoint="0" comment="" breakpointFlags="0">
									<OutputBreakpoints />
									<Function_callInterrupt_mourn hasInputBreakpoint="0" comment="" breakpointFlags="0">
										<OutputBreakpoints />
									</Function_callInterrupt_mourn>
								</ProcessMessage>
							</While>
							<While hasInputBreakpoint="0" comment="" breakpointFlags="0">
								<OutputBreakpoints />
								<ProcessMessage hasInputBreakpoint="0" comment="" breakpointFlags="0">
									<OutputBreakpoints />
									<Function_callInterrupt_stopReaction hasInputBreakpoint="0" comment="" breakpointFlags="0">
										<OutputBreakpoints />
									</Function_callInterrupt_stopReaction>
								</ProcessMessage>
							</While>
						</Parallel>
					</Sequence>
				</Behavior>
			</Root>
			<Forest />
			<Comments />
		</EditorData>
	</BehaviorTree>
</BehaviorTrees>