<?xml version="1.0" encoding="us-ascii"?>
<BehaviorTrees>
  <BehaviorTree name="crime_processCrimeSwitchBark" is_function="1">
    <Variables>
      <Variable name="dialogContext" type="_float" values="" isPersistent="0" form="associative" />
    </Variables>
    <Parameters>
      <Variable name="barkRequest" type="crime:barkRequest" values="" isPersistent="0" form="single" requirementType="In" />
    </Parameters>
    <Root OneTimeOnly="false" FailState="Recoverable" saveVersion="2">
      <Behavior canSkip="1">
        <Sequence>
          <Function_switch_deserializeDialogueContext serializedString="$barkRequest.contextAsText" dialogContext="$dialogContext" nodeLabel="65243050" />
          <Function_crime_crimeBark canBeDelayed="$barkRequest.canBeDelayed" dialogContext="$dialogContext" dramaticBark="$barkRequest.isDramaticBark" lookAt="$barkRequest.lookAtId" metarole="$barkRequest.metarole" priority="$barkRequest.priority" nodeLabel="90840496" />
        </Sequence>
      </Behavior>
    </Root>
    <ForestContainer />
    <EditorData EventSet="">
      <Variables>
        <Variable name="dialogContext" comment="" />
        <Variable name="barkRequest" comment="" />
      </Variables>
      <ForwardDeclarations />
      <Root hasInputBreakpoint="0" comment="" breakpointFlags="0" saveVersion="2">
        <OutputBreakpoints />
        <Behavior>
          <Sequence hasInputBreakpoint="0" comment="" breakpointFlags="0">
            <OutputBreakpoints />
            <Function_switch_deserializeDialogueContext hasInputBreakpoint="0" comment="" breakpointFlags="0">
              <OutputBreakpoints />
            </Function_switch_deserializeDialogueContext>
            <Function_crime_crimeBark hasInputBreakpoint="0" comment="" breakpointFlags="0">
              <OutputBreakpoints />
            </Function_crime_crimeBark>
          </Sequence>
        </Behavior>
      </Root>
      <Forest />
      <Comments />
    </EditorData>
  </BehaviorTree>
</BehaviorTrees>