<?xml version="1.0" encoding="us-ascii"?>
<BehaviorTrees>
  <BehaviorTree name="defaultTest" is_function="0">
    <Variables>
      <Variable name="depth" type="_int" values="0" isPersistent="0" form="single" />
    </Variables>
    <Root OneTimeOnly="false" FailState="Recoverable" saveVersion="2">
      <OnInit canSkip="1">
        <GraphSearch Origin="$__object.id" Borders="" depth="1" selection="true" SearchPattern="Depth" EdgePruning="&apos;parent,inventory&apos;" AllowedEdges="" SubGraph="" AllowSubtraph="false" includeOrigin="false" excludeOrigin="false" failOnEmpty="false" SetOperationChoice="Intersection|And" errorOnEmpty="false" shortCircuit="false" skipTraversed="true">
          <LinkTagFilter tag="&apos;crime_profiling_depth&apos;" prune="true" negprune="unknown" Parent="" Child="" Data="$depth" />
        </GraphSearch>
      </OnInit>
      <Behavior canSkip="1">
        <IfElseCondition failOnCondition="false" condition="$depth &gt; 0" saveVersion="2">
          <Then canSkip="1">
            <EntityContext context="crime_shortestRecurrentPerceptionIgnore" target="">
              <AtomicDecorator>
                <Function_circularQuery_recursive center="$this.id" depth="$depth" nodeLabel="44625251" />
              </AtomicDecorator>
            </EntityContext>
          </Then>
          <Else canSkip="1">
            <Wait duration="&apos;1s&apos;" timeType="GameTime" doFail="false" variation="" skipInLOD="false" />
          </Else>
        </IfElseCondition>
      </Behavior>
    </Root>
    <ForestContainer />
    <EditorData EventSet="">
      <Variables>
        <Variable name="depth" comment="" />
      </Variables>
      <ForwardDeclarations />
      <Root hasInputBreakpoint="0" comment="" breakpointFlags="0" saveVersion="2">
        <OutputBreakpoints />
        <OnInit>
          <GraphSearch hasInputBreakpoint="0" comment="" breakpointFlags="0">
            <OutputBreakpoints />
            <LinkTagFilter hasInputBreakpoint="0" comment="" breakpointFlags="0">
              <OutputBreakpoints />
            </LinkTagFilter>
          </GraphSearch>
        </OnInit>
        <Behavior>
          <IfElseCondition hasInputBreakpoint="0" comment="" breakpointFlags="0" saveVersion="2">
            <OutputBreakpoints />
            <Then>
              <EntityContext hasInputBreakpoint="0" comment="" breakpointFlags="0">
                <OutputBreakpoints />
                <AtomicDecorator hasInputBreakpoint="0" comment="" breakpointFlags="0">
                  <OutputBreakpoints />
                  <Function_circularQuery_recursive hasInputBreakpoint="0" comment="" breakpointFlags="0">
                    <OutputBreakpoints />
                  </Function_circularQuery_recursive>
                </AtomicDecorator>
              </EntityContext>
            </Then>
            <Else>
              <Wait hasInputBreakpoint="0" comment="" breakpointFlags="0">
                <OutputBreakpoints />
              </Wait>
            </Else>
          </IfElseCondition>
        </Behavior>
      </Root>
      <Forest />
      <Comments />
    </EditorData>
  </BehaviorTree>
  <BehaviorTree name="circularQuery_recursive" is_function="1">
    <Variables>
      <Variable name="nearbyNpcs" type="_wuid" values="" isPersistent="0" form="array" />
      <Variable name="nearbyNpcs_value" type="_wuid" values="" isPersistent="0" form="single" />
    </Variables>
    <Parameters>
      <Variable name="center" type="_wuid" values="" isPersistent="0" form="single" requirementType="In" />
      <Variable name="depth" type="_int" values="3" isPersistent="0" form="single" requirementType="In" />
    </Parameters>
    <Root OneTimeOnly="false" FailState="Recoverable" saveVersion="2">
      <Behavior canSkip="1">
        <IfCondition failOnCondition="false" condition="$depth &gt; 0">
          <Sequence>
            <Expression expressions="$depth -= 1" />
            <CircularSpatialQuery Radius="10.000000" Center="$center" ToFill="$nearbyNpcs" Precision="Exact" Filter="LivingHumanNPCsPlayerExcluded" />
            <ForEach startIndex="0" step="1" array="$nearbyNpcs" iterator="" value="$nearbyNpcs_value" break="">
              <Function_circularQuery_recursive center="$nearbyNpcs_value" depth="$depth" nodeLabel="69355438" />
            </ForEach>
          </Sequence>
        </IfCondition>
      </Behavior>
    </Root>
    <ForestContainer />
    <EditorData EventSet="">
      <Variables>
        <Variable name="nearbyNpcs" comment="" />
        <Variable name="nearbyNpcs_value" comment="" />
        <Variable name="center" comment="" />
        <Variable name="depth" comment="" />
      </Variables>
      <ForwardDeclarations />
      <Root hasInputBreakpoint="0" comment="" breakpointFlags="0" saveVersion="2">
        <OutputBreakpoints />
        <Behavior>
          <IfCondition hasInputBreakpoint="0" comment="" breakpointFlags="0">
            <OutputBreakpoints />
            <Sequence hasInputBreakpoint="0" comment="" breakpointFlags="0">
              <OutputBreakpoints />
              <Expression hasInputBreakpoint="0" comment="" breakpointFlags="0">
                <OutputBreakpoints />
              </Expression>
              <CircularSpatialQuery hasInputBreakpoint="0" comment="" breakpointFlags="0">
                <OutputBreakpoints />
              </CircularSpatialQuery>
              <ForEach hasInputBreakpoint="0" comment="" breakpointFlags="0">
                <OutputBreakpoints />
                <Function_circularQuery_recursive hasInputBreakpoint="0" comment="" breakpointFlags="0">
                  <OutputBreakpoints />
                </Function_circularQuery_recursive>
              </ForEach>
            </Sequence>
          </IfCondition>
        </Behavior>
      </Root>
      <Forest />
      <Comments />
    </EditorData>
  </BehaviorTree>
</BehaviorTrees>