<?xml version="1.0" encoding="us-ascii"?>
<BehaviorTrees>
  <BehaviorTree name="crime_recalculatePunishment" is_function="1">
    <Variables>
      <Variable name="punishment" type="crime:punishment" values="" isPersistent="0" form="single" />
    </Variables>
    <Parameters>
      <Variable name="dialogContext" type="_float" values="" isPersistent="0" form="associative" requirementType="Out" />
      <Variable name="knownInformations" type="information" values="" isPersistent="0" form="array" requirementType="In" />
      <Variable name="newPunishmentType" type="enum:crime_punishmentType" values="" isPersistent="0" form="single" requirementType="Out" />
    </Parameters>
    <Root OneTimeOnly="false" FailState="Recoverable" saveVersion="2">
      <Behavior canSkip="1">
        <AtomicDecorator>
          <Sequence>
            <Function_crime_calculatePunishment informations="$knownInformations" punishment="$punishment" nodeLabel="69092961" />
            <Function_crime_getResolveDialogContext punishment="$punishment" resolutionDialogIntroKind="$enum:crime_resolutionDialogIntroKind.notResistingArrest_crimeSeenByGuard" dialogContext="$dialogContext" punishmentType="$newPunishmentType" nodeLabel="93060960" />
          </Sequence>
        </AtomicDecorator>
      </Behavior>
    </Root>
    <ForestContainer />
    <EditorData EventSet="">
      <Variables>
        <Variable name="punishment" comment="" />
        <Variable name="dialogContext" comment="" />
        <Variable name="knownInformations" comment="" />
        <Variable name="newPunishmentType" comment="" />
      </Variables>
      <ForwardDeclarations />
      <Root hasInputBreakpoint="0" comment="" breakpointFlags="0" saveVersion="2">
        <OutputBreakpoints />
        <Behavior>
          <AtomicDecorator hasInputBreakpoint="0" comment="" breakpointFlags="0">
            <OutputBreakpoints />
            <Sequence hasInputBreakpoint="0" comment="" breakpointFlags="0">
              <OutputBreakpoints />
              <Function_crime_calculatePunishment hasInputBreakpoint="0" comment="" breakpointFlags="0">
                <OutputBreakpoints />
              </Function_crime_calculatePunishment>
              <Function_crime_getResolveDialogContext hasInputBreakpoint="0" comment="" breakpointFlags="0">
                <OutputBreakpoints />
              </Function_crime_getResolveDialogContext>
            </Sequence>
          </AtomicDecorator>
        </Behavior>
      </Root>
      <Forest />
      <Comments />
    </EditorData>
  </BehaviorTree>
</BehaviorTrees>