<?xml version="1.0" encoding="us-ascii"?>
<BehaviorTrees>
  <BehaviorTree name="crime_reconcileAfterResolve" is_function="1">
    <Variables>
      <Variable name="participant" type="_wuid" values="" isPersistent="0" form="single" />
    </Variables>
    <Parameters>
      <Variable name="reconcileParticipants" type="_wuid" values="" isPersistent="0" form="array" requirementType="In" />
    </Parameters>
    <Root OneTimeOnly="false" FailState="Recoverable" saveVersion="2">
      <Behavior canSkip="1">
        <Sequence>
          <Reconcile faction="player" SoulWUID="$this.id" />
          <AddNervousness Change="auto_reconcile" SoulWUID="$this.id" IsCourageous="" />
          <ForEach startIndex="0" step="1" array="$reconcileParticipants" iterator="" value="$participant" break="">
            <CheckWuidValid wuid="$participant" FailSubtMissing="false" saveVersion="2">
              <Then canSkip="1">
                <Sequence>
                  <Reconcile faction="player" SoulWUID="$participant" />
                  <AddNervousness Change="auto_reconcile" SoulWUID="$participant" IsCourageous="" />
                  <AddArrestEscalation Npc="$participant" Reset="true" />
                </Sequence>
              </Then>
            </CheckWuidValid>
          </ForEach>
        </Sequence>
      </Behavior>
    </Root>
    <ForestContainer />
    <EditorData EventSet="">
      <Variables>
        <Variable name="participant" comment="" />
        <Variable name="reconcileParticipants" comment="" />
      </Variables>
      <ForwardDeclarations />
      <Root hasInputBreakpoint="0" comment="" breakpointFlags="0" saveVersion="2">
        <OutputBreakpoints />
        <Behavior>
          <Sequence hasInputBreakpoint="0" comment="" breakpointFlags="0">
            <OutputBreakpoints />
            <Reconcile hasInputBreakpoint="0" comment="" breakpointFlags="0">
              <OutputBreakpoints />
            </Reconcile>
            <AddNervousness hasInputBreakpoint="0" comment="" breakpointFlags="0">
              <OutputBreakpoints />
            </AddNervousness>
            <ForEach hasInputBreakpoint="0" comment="" breakpointFlags="0">
              <OutputBreakpoints />
              <CheckWuidValid hasInputBreakpoint="0" comment="" breakpointFlags="0" saveVersion="2">
                <OutputBreakpoints />
                <Then>
                  <Sequence hasInputBreakpoint="0" comment="" breakpointFlags="0">
                    <OutputBreakpoints />
                    <Reconcile hasInputBreakpoint="0" comment="" breakpointFlags="0">
                      <OutputBreakpoints />
                    </Reconcile>
                    <AddNervousness hasInputBreakpoint="0" comment="" breakpointFlags="0">
                      <OutputBreakpoints />
                    </AddNervousness>
                    <AddArrestEscalation hasInputBreakpoint="0" comment="" breakpointFlags="0">
                      <OutputBreakpoints />
                    </AddArrestEscalation>
                  </Sequence>
                </Then>
              </CheckWuidValid>
            </ForEach>
          </Sequence>
        </Behavior>
      </Root>
      <Forest />
      <Comments />
    </EditorData>
  </BehaviorTree>
</BehaviorTrees>