<?xml version="1.0" encoding="us-ascii"?>
<BehaviorTrees>
  <BehaviorTree name="crime_removeLinksByName" is_function="1">
    <Variables>
      <Variable name="targets" type="_wuid" values="" isPersistent="0" form="array" />
      <Variable name="targets_val" type="_wuid" values="" isPersistent="0" form="single" />
    </Variables>
    <Parameters>
      <Variable name="linkName" type="_string" values="" isPersistent="0" form="single" requirementType="In" />
      <Variable name="sourceEntity" type="_wuid" values="" isPersistent="0" form="single" requirementType="In" />
    </Parameters>
    <Root OneTimeOnly="false" FailState="Recoverable" saveVersion="2">
      <Behavior canSkip="1">
        <AtomicDecorator>
          <Sequence>
            <SuppressFailure>
              <GraphSearch Origin="$sourceEntity" Borders="" depth="1" selection="true" SearchPattern="Depth" EdgePruning="&apos;parent,inventory&apos;" AllowedEdges="" SubGraph="" AllowSubtraph="false" includeOrigin="false" excludeOrigin="false" failOnEmpty="true" SetOperationChoice="Intersection|And" errorOnEmpty="false" shortCircuit="false" skipTraversed="true">
                <LinkTagFilter tag="$linkName" prune="true" negprune="unknown" Parent="" Child="" Data="" />
                <Nodalyzer Quantifiers="ForAll" Parent="" Child="$targets" saveVersion="2" />
              </GraphSearch>
            </SuppressFailure>
            <ForEach startIndex="0" step="1" array="$targets" iterator="" value="$targets_val" break="">
              <RemoveLink From="$sourceEntity" To="$targets_val" Tag="$linkName" LinkOpHandleMode="OverWrite" />
            </ForEach>
          </Sequence>
        </AtomicDecorator>
      </Behavior>
    </Root>
    <ForestContainer />
    <EditorData EventSet="">
      <Variables>
        <Variable name="targets" comment="" />
        <Variable name="targets_val" comment="" />
        <Variable name="linkName" comment="" />
        <Variable name="sourceEntity" comment="" />
      </Variables>
      <ForwardDeclarations />
      <Root editorPosX="-30" hasInputBreakpoint="0" comment="" breakpointFlags="0" saveVersion="2">
        <OutputBreakpoints />
        <Behavior>
          <AtomicDecorator hasInputBreakpoint="0" comment="" breakpointFlags="0">
            <OutputBreakpoints />
            <Sequence hasInputBreakpoint="0" comment="" breakpointFlags="0">
              <OutputBreakpoints />
              <SuppressFailure hasInputBreakpoint="0" comment="" breakpointFlags="0">
                <OutputBreakpoints />
                <GraphSearch hasInputBreakpoint="0" comment="" breakpointFlags="0">
                  <OutputBreakpoints />
                  <LinkTagFilter hasInputBreakpoint="0" comment="" breakpointFlags="0">
                    <OutputBreakpoints />
                  </LinkTagFilter>
                  <Nodalyzer hasInputBreakpoint="0" comment="" breakpointFlags="0" saveVersion="2">
                    <OutputBreakpoints />
                  </Nodalyzer>
                </GraphSearch>
              </SuppressFailure>
              <ForEach hasInputBreakpoint="0" comment="" breakpointFlags="0">
                <OutputBreakpoints />
                <RemoveLink hasInputBreakpoint="0" comment="" breakpointFlags="0">
                  <OutputBreakpoints />
                </RemoveLink>
              </ForEach>
            </Sequence>
          </AtomicDecorator>
        </Behavior>
      </Root>
      <Forest />
      <Comments />
    </EditorData>
  </BehaviorTree>
</BehaviorTrees>