<?xml version="1.0" encoding="us-ascii"?>
<BehaviorTrees>
  <BehaviorTree name="crime_removeExpectedEffectToHome" is_function="1">
    <Variables>
      <Variable name="areas" type="_wuid" values="" isPersistent="0" form="array" />
      <Variable name="areas_value" type="_wuid" values="" isPersistent="0" form="single" />
      <Variable name="doors" type="_wuid" values="" isPersistent="0" form="array" />
      <Variable name="doors_value" type="_wuid" values="" isPersistent="0" form="single" />
    </Variables>
    <Parameters>
      <Variable name="home" type="_wuid" values="" isPersistent="0" form="single" requirementType="ConstReference" />
    </Parameters>
    <Root OneTimeOnly="false" FailState="Recoverable" saveVersion="2">
      <Behavior canSkip="1">
        <AtomicDecorator>
          <Sequence>
            <Function_crime_getHomeAreas home="$home" areas="$areas" nodeLabel="35188573" />
            <ForEach startIndex="0" step="1" array="$areas" iterator="" value="$areas_value" break="">
              <RemoveAreaLabel Area="$areas_value" Label="&apos;expected&apos;" />
            </ForEach>
            <Function_crime_getHomeDoors excludeStorageType="true" home="$home" doors="$doors" nodeLabel="36828305" />
            <ForEach startIndex="0" step="1" array="$doors" iterator="" value="$doors_value" break="">
              <RemoveLink From="$doors_value" To="$doors_value" Tag="&apos;keepDoorUnlocked&apos;" LinkOpHandleMode="Success" />
            </ForEach>
          </Sequence>
        </AtomicDecorator>
      </Behavior>
    </Root>
    <ForestContainer />
    <EditorData EventSet="">
      <Variables>
        <Variable name="areas" comment="" />
        <Variable name="areas_value" comment="" />
        <Variable name="doors" comment="" />
        <Variable name="doors_value" comment="" />
        <Variable name="home" comment="" />
      </Variables>
      <ForwardDeclarations />
      <Root hasInputBreakpoint="0" comment="" breakpointFlags="0" saveVersion="2">
        <OutputBreakpoints />
        <Behavior>
          <AtomicDecorator hasInputBreakpoint="0" comment="" breakpointFlags="0">
            <OutputBreakpoints />
            <Sequence hasInputBreakpoint="0" comment="" breakpointFlags="0">
              <OutputBreakpoints />
              <Function_crime_getHomeAreas hasInputBreakpoint="0" comment="" breakpointFlags="0">
                <OutputBreakpoints />
              </Function_crime_getHomeAreas>
              <ForEach hasInputBreakpoint="0" comment="" breakpointFlags="0">
                <OutputBreakpoints />
                <RemoveAreaLabel hasInputBreakpoint="0" comment="" breakpointFlags="0">
                  <OutputBreakpoints />
                </RemoveAreaLabel>
              </ForEach>
              <Function_crime_getHomeDoors hasInputBreakpoint="0" comment="" breakpointFlags="0">
                <OutputBreakpoints />
              </Function_crime_getHomeDoors>
              <ForEach hasInputBreakpoint="0" comment="" breakpointFlags="0">
                <OutputBreakpoints />
                <RemoveLink hasInputBreakpoint="0" comment="" breakpointFlags="0">
                  <OutputBreakpoints />
                </RemoveLink>
              </ForEach>
            </Sequence>
          </AtomicDecorator>
        </Behavior>
      </Root>
      <Forest />
      <Comments />
    </EditorData>
  </BehaviorTree>
</BehaviorTrees>