<?xml version="1.0" encoding="us-ascii"?>
<BehaviorTrees>
  <BehaviorTree name="crime_resolveFollowUp_checkHomeStashes" is_function="1">
    <Variables>
      <Variable name="checkStashesFollowUpData" type="crime:followUpBehavior:checkHomeStashes" values="" isPersistent="0" form="single" />
      <Variable name="home" type="_wuid" values="" isPersistent="0" form="single" />
    </Variables>
    <Root OneTimeOnly="false" FailState="Recoverable" saveVersion="2">
      <Behavior canSkip="1">
        <SuppressFailure>
          <Sequence>
            <GraphSearch Origin="" Borders="" depth="1" selection="true" SearchPattern="Depth" EdgePruning="&apos;parent,inventory&apos;" AllowedEdges="" SubGraph="" AllowSubtraph="false" includeOrigin="false" excludeOrigin="false" failOnEmpty="true" SetOperationChoice="Intersection|And" errorOnEmpty="false" shortCircuit="false" skipTraversed="true">
              <LinkTagFilter tag="&apos;home&apos;" prune="true" negprune="unknown" Parent="" Child="$home" Data="" />
            </GraphSearch>
            <GraphSearch Origin="" Borders="" depth="1" selection="true" SearchPattern="Depth" EdgePruning="&apos;parent,inventory&apos;" AllowedEdges="" SubGraph="" AllowSubtraph="false" includeOrigin="false" excludeOrigin="false" failOnEmpty="true" SetOperationChoice="Intersection|And" errorOnEmpty="false" shortCircuit="false" skipTraversed="true">
              <LinkTagFilter tag="&apos;crime_followUpBehavior_checkHomeStashes&apos;" prune="true" negprune="unknown" Parent="" Child="" Data="$checkStashesFollowUpData" />
              <WUIDFilter WUID="$home" Source="Child" prune="true" negprune="unknown" Parent="" Child="" />
            </GraphSearch>
            <Expression expressions="$checkStashesFollowUpData.stolenItemsFound = false &#10;$checkStashesFollowUpData.information.label = &apos;&apos; &#10;$checkStashesFollowUpData.information.perceivedWuid = $__null" />
            <AddLink From="$this.id" To="$home" Tag="&apos;crime_followUpBehavior_checkHomeStashes&apos;" Data="$checkStashesFollowUpData" LinkOpHandleMode="OverWrite" />
          </Sequence>
        </SuppressFailure>
      </Behavior>
    </Root>
    <ForestContainer />
    <EditorData EventSet="">
      <Variables>
        <Variable name="checkStashesFollowUpData" comment="" />
        <Variable name="home" comment="" />
      </Variables>
      <ForwardDeclarations />
      <Root hasInputBreakpoint="0" comment="" breakpointFlags="0" saveVersion="2">
        <OutputBreakpoints />
        <Behavior>
          <SuppressFailure hasInputBreakpoint="0" comment="" breakpointFlags="0">
            <OutputBreakpoints />
            <Sequence hasInputBreakpoint="0" comment="" breakpointFlags="0">
              <OutputBreakpoints />
              <GraphSearch hasInputBreakpoint="0" comment="" breakpointFlags="0">
                <OutputBreakpoints />
                <LinkTagFilter hasInputBreakpoint="0" comment="" breakpointFlags="0">
                  <OutputBreakpoints />
                </LinkTagFilter>
              </GraphSearch>
              <GraphSearch hasInputBreakpoint="0" comment="find followUp link, if none found, fail and dont do anything" breakpointFlags="0">
                <OutputBreakpoints />
                <LinkTagFilter hasInputBreakpoint="0" comment="" breakpointFlags="0">
                  <OutputBreakpoints />
                </LinkTagFilter>
                <WUIDFilter hasInputBreakpoint="0" comment="" breakpointFlags="0">
                  <OutputBreakpoints />
                </WUIDFilter>
              </GraphSearch>
              <Expression hasInputBreakpoint="0" comment="if link found, reset data" breakpointFlags="0">
                <OutputBreakpoints />
              </Expression>
              <AddLink hasInputBreakpoint="0" comment="" breakpointFlags="0">
                <OutputBreakpoints />
              </AddLink>
            </Sequence>
          </SuppressFailure>
        </Behavior>
      </Root>
      <Forest />
      <Comments />
    </EditorData>
  </BehaviorTree>
</BehaviorTrees>