<?xml version="1.0" encoding="us-ascii"?>
<BehaviorTrees>
	<BehaviorTree name="crime_singleResistingArrestFix" is_function="1">
		<Variables>
			<Variable name="information" type="information" values="" isPersistent="0" form="single" />
		</Variables>
		<Parameters>
			<Variable name="knownInformations" type="information" values="" isPersistent="0" form="array" requirementType="Reference" />
		</Parameters>
		<Root OneTimeOnly="false" FailState="Recoverable" saveVersion="2">
			<Behavior canSkip="1">
				<IfCondition failOnCondition="false" condition="#knownInformations == 1 &amp; &#10;$knownInformations[0].label == &apos;resistingArrest&apos;">
					<Sequence>
						<CreateInformationWrapper Label="&apos;disturbance&apos;" PerceivedWuid="$this.id" PositionType="perceivedWuid" PositionVec3="" PositionWuid="" Information="$information" />
						<LockDynamicInformationValues Information="$information">
							<SetDynamicInformationValue Information="$information" Tag="&apos;victim&apos;" Variable="$this.id" Type="" Value="" />
						</LockDynamicInformationValues>
						<PushToArray array="$knownInformations" value="$information" direction="Back" />
					</Sequence>
				</IfCondition>
			</Behavior>
		</Root>
		<ForestContainer />
		<EditorData EventSet="">
			<Variables>
				<Variable name="information" comment="" />
				<Variable name="knownInformations" comment="" />
			</Variables>
			<ForwardDeclarations />
			<Root hasInputBreakpoint="0" comment="" breakpointFlags="0" saveVersion="2">
				<OutputBreakpoints />
				<Behavior>
					<IfCondition hasInputBreakpoint="0" comment="" breakpointFlags="0">
						<OutputBreakpoints />
						<Sequence hasInputBreakpoint="0" comment="" breakpointFlags="0">
							<OutputBreakpoints />
							<CreateInformationWrapper hasInputBreakpoint="0" comment="" breakpointFlags="0">
								<OutputBreakpoints />
							</CreateInformationWrapper>
							<LockDynamicInformationValues hasInputBreakpoint="0" comment="" breakpointFlags="0">
								<OutputBreakpoints />
								<SetDynamicInformationValue hasInputBreakpoint="0" comment="" breakpointFlags="0">
									<OutputBreakpoints />
								</SetDynamicInformationValue>
							</LockDynamicInformationValues>
							<PushToArray hasInputBreakpoint="0" comment="" breakpointFlags="0">
								<OutputBreakpoints />
							</PushToArray>
						</Sequence>
					</IfCondition>
				</Behavior>
			</Root>
			<Forest />
			<Comments />
		</EditorData>
	</BehaviorTree>
</BehaviorTrees>