<?xml version="1.0" encoding="us-ascii"?>
<BehaviorTrees>
  <BehaviorTree name="crime_spawnMissingNpcVolume" is_function="1">
    <Variables>
      <Variable name="destination" type="vec3" values="" isPersistent="0" form="single" />
    </Variables>
    <Parameters>
      <Variable name="destinationWuid" type="_wuid" values="" isPersistent="0" form="single" requirementType="In" />
    </Parameters>
    <Root OneTimeOnly="false" FailState="Recoverable" saveVersion="2">
      <Behavior canSkip="1">
        <Sequence>
          <GetSpatialInfo In="$destinationWuid" Out="$destination" What="Position" />
          <Function_crime_spawnMissingNpcVolumeAtPosition destination="$destination" nodeLabel="58964340" />
        </Sequence>
      </Behavior>
    </Root>
    <ForestContainer />
    <EditorData EventSet="">
      <Variables>
        <Variable name="destination" comment="" />
        <Variable name="destinationWuid" comment="" />
      </Variables>
      <ForwardDeclarations />
      <Root hasInputBreakpoint="0" comment="" breakpointFlags="0" saveVersion="2">
        <OutputBreakpoints />
        <Behavior>
          <Sequence hasInputBreakpoint="0" comment="" breakpointFlags="0">
            <OutputBreakpoints />
            <GetSpatialInfo hasInputBreakpoint="0" comment="" breakpointFlags="0">
              <OutputBreakpoints />
            </GetSpatialInfo>
            <Function_crime_spawnMissingNpcVolumeAtPosition hasInputBreakpoint="0" comment="" breakpointFlags="0">
              <OutputBreakpoints />
            </Function_crime_spawnMissingNpcVolumeAtPosition>
          </Sequence>
        </Behavior>
      </Root>
      <Forest />
      <Comments />
    </EditorData>
  </BehaviorTree>
</BehaviorTrees>
