<?xml version="1.0" encoding="us-ascii"?>
<BehaviorTrees>
	<BehaviorTree name="spreadInformationWithinFriends" is_function="1">
		<Variables>
			<Variable name="friends" type="_wuid" values="" isPersistent="0" form="array" />
		</Variables>
		<Parameters>
			<Variable name="NPCs" type="_wuid" values="" isPersistent="0" form="array" requirementType="In" />
		</Parameters>
		<Root OneTimeOnly="false" FailState="Recoverable" saveVersion="2">
			<Behavior canSkip="1">
				<Sequence>
					<Function_getFriendsFromArray NPCs="$NPCs" onlyConsciousOrRecentlySkimished="true" friends="$friends" nodeLabel="48933005" />
					<SpreadInformation WuidArray="$friends" />
				</Sequence>
			</Behavior>
		</Root>
		<ForestContainer />
		<EditorData EventSet="">
			<Variables>
				<Variable name="friends" comment="" />
				<Variable name="NPCs" comment="" />
			</Variables>
			<ForwardDeclarations />
			<Root editorPosX="-210" editorPosY="80" hasInputBreakpoint="0" comment="" breakpointFlags="0" saveVersion="2">
				<OutputBreakpoints />
				<Behavior>
					<Sequence hasInputBreakpoint="0" comment="" breakpointFlags="0">
						<OutputBreakpoints />
						<Function_getFriendsFromArray hasInputBreakpoint="0" comment="" breakpointFlags="0">
							<OutputBreakpoints />
						</Function_getFriendsFromArray>
						<SpreadInformation hasInputBreakpoint="0" comment="" breakpointFlags="0">
							<OutputBreakpoints />
						</SpreadInformation>
					</Sequence>
				</Behavior>
			</Root>
			<Forest />
			<Comments />
		</EditorData>
	</BehaviorTree>
</BehaviorTrees>