<?xml version="1.0" encoding="us-ascii"?>
<BehaviorTrees>
  <BehaviorTree name="crime_spreadDramaticBark" is_function="1">
    <Variables>
      <Variable name="dramaticBarkData" type="crime:dramaticBark" values="" isPersistent="0" form="single" />
    </Variables>
    <Root OneTimeOnly="false" FailState="Recoverable" saveVersion="2">
      <Behavior canSkip="1">
        <AtomicDecorator>
          <Sequence>
            <GetSpatialInfo In="$this.id" Out="$dramaticBarkData.pos" What="Position" />
            <GetTime TimeType="GameTime" OutVar="$dramaticBarkData.time" Delta="" />
            <ProduceSound Sound="dramatic_bark" Position="$dramaticBarkData.pos" Multiplier="1.000000" />
            <AddLink From="$this.id" To="$this.id" Tag="&apos;crime_dramaticBarkPos&apos;" Data="$dramaticBarkData" LinkOpHandleMode="OverWrite" />
          </Sequence>
        </AtomicDecorator>
      </Behavior>
    </Root>
    <ForestContainer />
    <EditorData EventSet="">
      <Variables>
        <Variable name="dramaticBarkData" comment="" />
      </Variables>
      <ForwardDeclarations />
      <Root hasInputBreakpoint="0" comment="" breakpointFlags="0" saveVersion="2">
        <OutputBreakpoints />
        <Behavior>
          <AtomicDecorator hasInputBreakpoint="0" comment="" breakpointFlags="0">
            <OutputBreakpoints />
            <Sequence hasInputBreakpoint="0" comment="" breakpointFlags="0">
              <OutputBreakpoints />
              <GetSpatialInfo hasInputBreakpoint="0" comment="" breakpointFlags="0">
                <OutputBreakpoints />
              </GetSpatialInfo>
              <GetTime hasInputBreakpoint="0" comment="" breakpointFlags="0">
                <OutputBreakpoints />
              </GetTime>
              <ProduceSound hasInputBreakpoint="0" comment="" breakpointFlags="0">
                <OutputBreakpoints />
              </ProduceSound>
              <AddLink hasInputBreakpoint="0" comment="" breakpointFlags="0">
                <OutputBreakpoints />
              </AddLink>
            </Sequence>
          </AtomicDecorator>
        </Behavior>
      </Root>
      <Forest />
      <Comments />
    </EditorData>
  </BehaviorTree>
</BehaviorTrees>