<?xml version="1.0" encoding="us-ascii"?>
<BehaviorTrees>
  <BehaviorTree name="crime_spreadInformations" is_function="1">
    <Variables>
      <Variable name="informations" type="information" values="" isPersistent="0" form="array" />
      <Variable name="informations_value" type="information" values="" isPersistent="0" form="single" />
      <Variable name="npcs_value" type="_wuid" values="" isPersistent="0" form="single" />
      <Variable name="uselessInformation" type="information" values="" isPersistent="0" form="single" />
    </Variables>
    <Parameters>
      <Variable name="npcs" type="_wuid" values="" isPersistent="0" form="array" requirementType="In" />
    </Parameters>
    <Root OneTimeOnly="false" FailState="Recoverable" saveVersion="2">
      <Behavior canSkip="1">
        <Sequence>
          <GetKnownInformationsFromGroup OutArray="$informations" Holders="$npcs" />
          <ForEach startIndex="0" step="1" array="$npcs" iterator="" value="$npcs_value" break="">
            <IfCondition failOnCondition="false" condition="$npcs_value ~= $__player">
              <ForEach startIndex="0" step="1" array="$informations" iterator="" value="$informations_value" break="">
                <CreateInformationWrapper Label="$informations_value.label" PerceivedWuid="$informations_value.perceivedWuid" PositionType="positionVec3" PositionVec3="$informations_value.position" PositionWuid="" Information="$uselessInformation" />
              </ForEach>
            </IfCondition>
          </ForEach>
        </Sequence>
      </Behavior>
    </Root>
    <ForestContainer />
    <EditorData EventSet="">
      <Variables>
        <Variable name="informations" comment="" />
        <Variable name="informations_value" comment="" />
        <Variable name="npcs_value" comment="" />
        <Variable name="uselessInformation" comment="" />
        <Variable name="npcs" comment="" />
      </Variables>
      <ForwardDeclarations />
      <Root hasInputBreakpoint="0" comment="" breakpointFlags="0" saveVersion="2">
        <OutputBreakpoints />
        <Behavior>
          <Sequence hasInputBreakpoint="0" comment="" breakpointFlags="0">
            <OutputBreakpoints />
            <GetKnownInformationsFromGroup hasInputBreakpoint="0" comment="" breakpointFlags="0">
              <OutputBreakpoints />
            </GetKnownInformationsFromGroup>
            <ForEach hasInputBreakpoint="0" comment="" breakpointFlags="0">
              <OutputBreakpoints />
              <IfCondition hasInputBreakpoint="0" comment="" breakpointFlags="0">
                <OutputBreakpoints />
                <ForEach hasInputBreakpoint="0" comment="" breakpointFlags="0">
                  <OutputBreakpoints />
                  <CreateInformationWrapper hasInputBreakpoint="0" comment="" breakpointFlags="0">
                    <OutputBreakpoints />
                  </CreateInformationWrapper>
                </ForEach>
              </IfCondition>
            </ForEach>
          </Sequence>
        </Behavior>
      </Root>
      <Forest />
      <Comments />
    </EditorData>
  </BehaviorTree>
</BehaviorTrees>