<?xml version="1.0" encoding="us-ascii"?>
<BehaviorTrees>
  <BehaviorTree name="crime_teleportPlayerToPunishment" is_function="1">
    <Variables>
      <Variable name="punishment_asset" type="_wuid" values="" isPersistent="0" form="single" />
      <Variable name="punishment_teleport" type="_wuid" values="" isPersistent="0" form="single" />
      <Variable name="qso_openworld" type="_wuid" values="" isPersistent="0" form="single" />
      <Variable name="teleportRequest" type="switch:teleportRequest" values="" isPersistent="0" form="single" />
    </Variables>
    <Root OneTimeOnly="false" FailState="Recoverable" saveVersion="2">
      <Behavior canSkip="1">
        <AtomicDecorator>
          <Selector>
            <Sequence>
              <Function_crime_getOpenworldQSO openworldQSO="$qso_openworld" nodeLabel="96741008" />
              <GraphSearch Origin="$qso_openworld" Borders="" depth="1" selection="true" SearchPattern="Depth" EdgePruning="&apos;parent,inventory&apos;" AllowedEdges="" SubGraph="&apos;asset&apos;" AllowSubtraph="false" includeOrigin="false" excludeOrigin="false" failOnEmpty="true" SetOperationChoice="Intersection|And" errorOnEmpty="false" shortCircuit="false" skipTraversed="true">
                <Nodalyzer Quantifiers="Exists" Parent="" Child="$punishment_asset" saveVersion="2" />
                <LinkDataFilter tag="&apos;asset&apos;" condition="$__link_asset == &apos;punishment_cutscene&apos;" prune="true" negprune="unknown" Parent="" Child="" Data="" />
              </GraphSearch>
              <GraphSearch Origin="$punishment_asset" Borders="" depth="1" selection="true" SearchPattern="Depth" EdgePruning="&apos;parent,inventory&apos;" AllowedEdges="" SubGraph="&apos;teleport&apos;" AllowSubtraph="false" includeOrigin="false" excludeOrigin="false" failOnEmpty="true" SetOperationChoice="Intersection|And" errorOnEmpty="false" shortCircuit="false" skipTraversed="true">
                <LinkTagFilter tag="&apos;teleport&apos;" prune="true" negprune="unknown" Parent="" Child="$punishment_teleport" Data="" />
              </GraphSearch>
              <Expression expressions="$teleportRequest.positionWuid = $punishment_teleport &#10;$teleportRequest.shouldUseWuidPosition = true" />
              <InstantSendMessageToNPC target="$__player" variable="$teleportRequest" />
            </Sequence>
            <ErrorNode Message="&apos;[TelepotPlayerToPunishment] Fail while teleporting player (probably a graph search)&apos;" />
          </Selector>
        </AtomicDecorator>
      </Behavior>
    </Root>
    <ForestContainer />
    <EditorData EventSet="">
      <Variables>
        <Variable name="punishment_asset" comment="" />
        <Variable name="punishment_teleport" comment="" />
        <Variable name="qso_openworld" comment="" />
        <Variable name="teleportRequest" comment="" />
      </Variables>
      <ForwardDeclarations />
      <Root hasInputBreakpoint="0" comment="" breakpointFlags="0" saveVersion="2">
        <OutputBreakpoints />
        <Behavior>
          <AtomicDecorator hasInputBreakpoint="0" comment="" breakpointFlags="0">
            <OutputBreakpoints />
            <Selector hasInputBreakpoint="0" comment="" breakpointFlags="0">
              <OutputBreakpoints />
              <Sequence hasInputBreakpoint="0" comment="" breakpointFlags="0">
                <OutputBreakpoints />
                <Function_crime_getOpenworldQSO hasInputBreakpoint="0" comment="" breakpointFlags="0">
                  <OutputBreakpoints />
                </Function_crime_getOpenworldQSO>
                <GraphSearch hasInputBreakpoint="0" comment="" breakpointFlags="0">
                  <OutputBreakpoints />
                  <Nodalyzer hasInputBreakpoint="0" comment="" breakpointFlags="0" saveVersion="2">
                    <OutputBreakpoints />
                  </Nodalyzer>
                  <LinkDataFilter hasInputBreakpoint="0" comment="" breakpointFlags="0">
                    <OutputBreakpoints />
                  </LinkDataFilter>
                </GraphSearch>
                <GraphSearch hasInputBreakpoint="0" comment="" breakpointFlags="0">
                  <OutputBreakpoints />
                  <LinkTagFilter hasInputBreakpoint="0" comment="" breakpointFlags="0">
                    <OutputBreakpoints />
                  </LinkTagFilter>
                </GraphSearch>
                <Expression hasInputBreakpoint="0" comment="" breakpointFlags="0">
                  <OutputBreakpoints />
                </Expression>
                <InstantSendMessageToNPC hasInputBreakpoint="0" comment="" breakpointFlags="0">
                  <OutputBreakpoints />
                </InstantSendMessageToNPC>
              </Sequence>
              <ErrorNode hasInputBreakpoint="0" comment="" breakpointFlags="0">
                <OutputBreakpoints />
              </ErrorNode>
            </Selector>
          </AtomicDecorator>
        </Behavior>
      </Root>
      <Forest />
      <Comments />
    </EditorData>
  </BehaviorTree>
</BehaviorTrees>