<?xml version="1.0" encoding="us-ascii"?>
<BehaviorTrees>
  <BehaviorTree name="crime_trespassSeverenessToInt" is_function="1">
    <Variables />
    <Parameters>
      <Variable name="trespassSevereness" type="enum:trespassLevel" values="" isPersistent="0" form="single" requirementType="In" />
      <Variable name="trespassSeverenessInt" type="_int" values="" isPersistent="0" form="single" requirementType="Out" />
    </Parameters>
    <Root OneTimeOnly="false" FailState="Recoverable" saveVersion="2">
      <Behavior canSkip="1">
        <Switch>
          <IfCondition failOnCondition="false" condition="$trespassSevereness == $enum:trespassLevel.prohibited">
            <Expression expressions="$trespassSeverenessInt = 3" />
          </IfCondition>
          <IfCondition failOnCondition="false" condition="$trespassSevereness == $enum:trespassLevel.personal">
            <Expression expressions="$trespassSeverenessInt = 2" />
          </IfCondition>
          <IfCondition failOnCondition="false" condition="$trespassSevereness == $enum:trespassLevel.semipersonal">
            <Expression expressions="$trespassSeverenessInt = 1" />
          </IfCondition>
          <IfCondition failOnCondition="false" condition="$trespassSevereness == $enum:trespassLevel.semipublic">
            <Expression expressions="$trespassSeverenessInt = 0" />
          </IfCondition>
          <DefaultBranch>
            <Success />
          </DefaultBranch>
        </Switch>
      </Behavior>
    </Root>
    <ForestContainer />
    <EditorData EventSet="">
      <Variables>
        <Variable name="trespassSevereness" comment="" />
        <Variable name="trespassSeverenessInt" comment="" />
      </Variables>
      <ForwardDeclarations />
      <Root hasInputBreakpoint="0" comment="" breakpointFlags="0" saveVersion="2">
        <OutputBreakpoints />
        <Behavior>
          <Switch hasInputBreakpoint="0" comment="" breakpointFlags="0">
            <OutputBreakpoints />
            <IfCondition hasInputBreakpoint="0" comment="" breakpointFlags="0">
              <OutputBreakpoints />
              <Expression hasInputBreakpoint="0" comment="" breakpointFlags="0">
                <OutputBreakpoints />
              </Expression>
            </IfCondition>
            <IfCondition hasInputBreakpoint="0" comment="" breakpointFlags="0">
              <OutputBreakpoints />
              <Expression hasInputBreakpoint="0" comment="" breakpointFlags="0">
                <OutputBreakpoints />
              </Expression>
            </IfCondition>
            <IfCondition hasInputBreakpoint="0" comment="" breakpointFlags="0">
              <OutputBreakpoints />
              <Expression hasInputBreakpoint="0" comment="" breakpointFlags="0">
                <OutputBreakpoints />
              </Expression>
            </IfCondition>
            <IfCondition hasInputBreakpoint="0" comment="" breakpointFlags="0">
              <OutputBreakpoints />
              <Expression hasInputBreakpoint="0" comment="" breakpointFlags="0">
                <OutputBreakpoints />
              </Expression>
            </IfCondition>
            <DefaultBranch>
              <Success hasInputBreakpoint="0" comment="" breakpointFlags="0">
                <OutputBreakpoints />
              </Success>
            </DefaultBranch>
          </Switch>
        </Behavior>
      </Root>
      <Forest />
      <Comments />
    </EditorData>
  </BehaviorTree>
</BehaviorTrees>