<?xml version="1.0" encoding="us-ascii"?>
<BehaviorTrees>
  <BehaviorTree name="crime_updateAnchor" is_function="1">
    <Variables>
      <Variable name="anchor" type="crime:anchor" values="" isPersistent="0" form="single" />
      <Variable name="createNew" type="_bool" values="" isPersistent="0" form="single" />
      <Variable name="currentTime" type="_int64" values="" isPersistent="0" form="single" />
    </Variables>
    <Root OneTimeOnly="false" FailState="Recoverable" saveVersion="2">
      <Behavior canSkip="1">
        <Selector>
          <Sequence>
            <GraphSearch Origin="$this.id" Borders="" depth="1" selection="true" SearchPattern="Depth" EdgePruning="&apos;parent,inventory&apos;" AllowedEdges="" SubGraph="&apos;crime_anchor&apos;" AllowSubtraph="false" includeOrigin="false" excludeOrigin="false" failOnEmpty="true" SetOperationChoice="Intersection|And" errorOnEmpty="false" shortCircuit="false" skipTraversed="true">
              <LinkTagFilter tag="&apos;crime_anchor&apos;" prune="true" negprune="unknown" Parent="" Child="" Data="$anchor" />
            </GraphSearch>
            <Sequence>
              <GetTime TimeType="GameTime" OutVar="$anchor.timestamp" Delta="" />
              <AddLink From="$this.id" To="$this.id" Tag="&apos;crime_anchor&apos;" Data="$anchor" LinkOpHandleMode="OverWrite" />
            </Sequence>
          </Sequence>
          <Sequence>
            <GetSpatialInfo In="$this.id" Out="$anchor.position" What="Position" />
            <GetTime TimeType="GameTime" OutVar="$anchor.timestamp" Delta="" />
            <AddLink From="$this.id" To="$this.id" Tag="&apos;crime_anchor&apos;" Data="$anchor" LinkOpHandleMode="OverWrite" />
          </Sequence>
        </Selector>
      </Behavior>
    </Root>
    <ForestContainer />
    <EditorData EventSet="">
      <Variables>
        <Variable name="anchor" comment="" />
        <Variable name="createNew" comment="" />
        <Variable name="currentTime" comment="" />
      </Variables>
      <ForwardDeclarations />
      <Root hasInputBreakpoint="0" comment="" breakpointFlags="0" saveVersion="2">
        <OutputBreakpoints />
        <Behavior>
          <Selector hasInputBreakpoint="0" comment="Should this function fail or create new anchor?" breakpointFlags="0">
            <OutputBreakpoints />
            <Sequence hasInputBreakpoint="0" comment="" breakpointFlags="0">
              <OutputBreakpoints />
              <GraphSearch hasInputBreakpoint="0" comment="" breakpointFlags="0">
                <OutputBreakpoints />
                <LinkTagFilter hasInputBreakpoint="0" comment="" breakpointFlags="0">
                  <OutputBreakpoints />
                </LinkTagFilter>
              </GraphSearch>
              <Sequence hasInputBreakpoint="0" comment="Update only time" breakpointFlags="0">
                <OutputBreakpoints />
                <GetTime hasInputBreakpoint="0" comment="Tweak delta" breakpointFlags="0">
                  <OutputBreakpoints />
                </GetTime>
                <AddLink hasInputBreakpoint="0" comment="" breakpointFlags="0">
                  <OutputBreakpoints />
                </AddLink>
              </Sequence>
            </Sequence>
            <Sequence hasInputBreakpoint="0" comment="Create new anchor" breakpointFlags="0">
              <OutputBreakpoints />
              <GetSpatialInfo hasInputBreakpoint="0" comment="" breakpointFlags="0">
                <OutputBreakpoints />
              </GetSpatialInfo>
              <GetTime hasInputBreakpoint="0" comment="Tweak delta" breakpointFlags="0">
                <OutputBreakpoints />
              </GetTime>
              <AddLink hasInputBreakpoint="0" comment="" breakpointFlags="0">
                <OutputBreakpoints />
              </AddLink>
            </Sequence>
          </Selector>
        </Behavior>
      </Root>
      <Forest />
      <Comments />
    </EditorData>
  </BehaviorTree>
</BehaviorTrees>