<?xml version="1.0" encoding="us-ascii"?>
<BehaviorTrees>
  <BehaviorTree name="crime_updateReactionIntermediateData" is_function="1">
    <Variables />
    <Parameters>
      <Variable name="barkKind" type="enum:crime_barkReactionKind" values="enum:crime_barkReactionKind.companionComment" isPersistent="0" form="single" requirementType="In" />
      <Variable name="barkPriority" type="enum:crime_barkPriority" values="$enum:crime_barkPriority.flavor" isPersistent="0" form="single" requirementType="In" />
      <Variable name="fragment" type="_string" values="" isPersistent="0" form="single" requirementType="In" />
      <Variable name="isDramatic" type="_bool" values="" isPersistent="0" form="single" requirementType="In" />
      <Variable name="isGenderSpecific" type="_bool" values="switch:barkGenderData" isPersistent="0" form="single" requirementType="In" />
      <Variable name="isMan" type="_bool" values="" isPersistent="0" form="single" requirementType="In" />
      <Variable name="lookAt" type="_wuid" values="" isPersistent="0" form="single" requirementType="In" optional="1" />
      <Variable name="metarole" type="_string" values="" isPersistent="0" form="single" requirementType="In" />
      <Variable name="priority" type="_int" values="" isPersistent="0" form="single" requirementType="In" />
      <Variable name="reactionIntermediateData" type="switch:reactionIntermediateData" values="" isPersistent="0" form="single" requirementType="Reference" />
      <Variable name="tags" type="_string" values="" isPersistent="0" form="single" requirementType="In" />
    </Parameters>
    <Root OneTimeOnly="false" FailState="Recoverable" saveVersion="2" />
    <ForestContainer>
      <Expression expressions="" />
    </ForestContainer>
    <EditorData EventSet="">
      <Variables>
        <Variable name="barkKind" comment="" />
        <Variable name="barkPriority" comment="" />
        <Variable name="fragment" comment="" />
        <Variable name="isDramatic" comment="" />
        <Variable name="isGenderSpecific" comment="" />
        <Variable name="isMan" comment="" />
        <Variable name="lookAt" comment="" />
        <Variable name="metarole" comment="" />
        <Variable name="priority" comment="" />
        <Variable name="reactionIntermediateData" comment="" />
        <Variable name="tags" comment="" />
      </Variables>
      <ForwardDeclarations />
      <Root hasInputBreakpoint="0" comment="" breakpointFlags="0" saveVersion="2">
        <OutputBreakpoints />
      </Root>
      <Forest>
        <Expression editorPosX="267" editorPosY="175" hasInputBreakpoint="0" comment="" breakpointFlags="0">
          <OutputBreakpoints />
        </Expression>
      </Forest>
      <Comments />
    </EditorData>
  </BehaviorTree>
</BehaviorTrees>