<?xml version="1.0" encoding="us-ascii"?>
<BehaviorTrees>
  <BehaviorTree name="crime_updatePlayerMountedHorseData" is_function="1">
    <Variables>
      <Variable name="currentPosition" type="vec3" values="" isPersistent="0" form="single" />
      <Variable name="currentTime" type="_int64" values="" isPersistent="0" form="single" />
      <Variable name="horseMountedData" type="crime:horseMountedData" values="" isPersistent="0" form="single" />
      <Variable name="updateLink" type="_bool" values="false" isPersistent="0" form="single" />
    </Variables>
    <Parameters>
      <Variable name="horse" type="_wuid" values="" isPersistent="0" form="single" requirementType="In" />
    </Parameters>
    <Root OneTimeOnly="false" FailState="Recoverable" saveVersion="2">
      <Behavior canSkip="1">
        <Sequence>
          <GetSpatialInfo In="$horse" Out="$currentPosition" What="Position" />
          <GetTime TimeType="GameTime" OutVar="$currentTime" Delta="" />
          <Selector>
            <Sequence>
              <GraphSearch Origin="$horse" Borders="" depth="1" selection="true" SearchPattern="Depth" EdgePruning="&apos;parent,inventory&apos;" AllowedEdges="" SubGraph="" AllowSubtraph="false" includeOrigin="false" excludeOrigin="false" failOnEmpty="true" SetOperationChoice="Intersection|And" errorOnEmpty="false" shortCircuit="false" skipTraversed="true">
                <LinkTagFilter tag="&apos;crime_horseMounted&apos;" prune="true" negprune="unknown" Parent="" Child="" Data="$horseMountedData" />
              </GraphSearch>
              <IfCondition failOnCondition="false" condition="$horseMountedData.timestamp + $data:script_param[&apos;crime_horseTheft_updatePlayerMountedPositionCooldown&apos;].value &lt; $currentTime">
                <Expression expressions="$updateLink = true" />
              </IfCondition>
            </Sequence>
            <Expression expressions="$updateLink = true" />
          </Selector>
          <IfCondition failOnCondition="false" condition="$updateLink">
            <Sequence>
              <Expression expressions="$horseMountedData.initialPosition = $currentPosition &#10;$horseMountedData.timestamp = $currentTime" />
              <AddLink From="$horse" To="$horse" Tag="&apos;crime_horseMounted&apos;" Data="$horseMountedData" LinkOpHandleMode="OverWrite" />
            </Sequence>
          </IfCondition>
        </Sequence>
      </Behavior>
    </Root>
    <ForestContainer />
    <EditorData EventSet="">
      <Variables>
        <Variable name="currentPosition" comment="" />
        <Variable name="currentTime" comment="" />
        <Variable name="horseMountedData" comment="" />
        <Variable name="updateLink" comment="" />
        <Variable name="horse" comment="" />
      </Variables>
      <ForwardDeclarations />
      <Root hasInputBreakpoint="0" comment="" breakpointFlags="0" saveVersion="2">
        <OutputBreakpoints />
        <Behavior>
          <Sequence hasInputBreakpoint="0" comment="" breakpointFlags="0">
            <OutputBreakpoints />
            <GetSpatialInfo hasInputBreakpoint="0" comment="" breakpointFlags="0">
              <OutputBreakpoints />
            </GetSpatialInfo>
            <GetTime hasInputBreakpoint="0" comment="" breakpointFlags="0">
              <OutputBreakpoints />
            </GetTime>
            <Selector hasInputBreakpoint="0" comment="" breakpointFlags="0">
              <OutputBreakpoints />
              <Sequence hasInputBreakpoint="0" comment="" breakpointFlags="0">
                <OutputBreakpoints />
                <GraphSearch hasInputBreakpoint="0" comment="" breakpointFlags="0">
                  <OutputBreakpoints />
                  <LinkTagFilter hasInputBreakpoint="0" comment="" breakpointFlags="0">
                    <OutputBreakpoints />
                  </LinkTagFilter>
                </GraphSearch>
                <IfCondition hasInputBreakpoint="0" comment="" breakpointFlags="0">
                  <OutputBreakpoints />
                  <Expression hasInputBreakpoint="0" comment="" breakpointFlags="0">
                    <OutputBreakpoints />
                  </Expression>
                </IfCondition>
              </Sequence>
              <Expression hasInputBreakpoint="0" comment="" breakpointFlags="0">
                <OutputBreakpoints />
              </Expression>
            </Selector>
            <IfCondition hasInputBreakpoint="0" comment="" breakpointFlags="0">
              <OutputBreakpoints />
              <Sequence hasInputBreakpoint="0" comment="" breakpointFlags="0">
                <OutputBreakpoints />
                <Expression hasInputBreakpoint="0" comment="" breakpointFlags="0">
                  <OutputBreakpoints />
                </Expression>
                <AddLink hasInputBreakpoint="0" comment="" breakpointFlags="0">
                  <OutputBreakpoints />
                </AddLink>
              </Sequence>
            </IfCondition>
          </Sequence>
        </Behavior>
      </Root>
      <Forest />
      <Comments />
    </EditorData>
  </BehaviorTree>
</BehaviorTrees>