<?xml version="1.0" encoding="us-ascii"?>
<BehaviorTrees>
  <BehaviorTree name="crime_updateDelayedTrespass" is_function="1">
    <Variables>
      <Variable name="currentTime" type="_int64" values="" isPersistent="0" form="single" />
      <Variable name="delayedTrespassData" type="crime:delayedTrespass" values="" isPersistent="0" form="single" />
      <Variable name="linkData" type="crime:delayedTrespass" values="" isPersistent="0" form="single" />
      <Variable name="shouldOverwrite" type="_bool" values="false" isPersistent="0" form="single" />
    </Variables>
    <Parameters>
      <Variable name="area" type="_wuid" values="" isPersistent="0" form="single" requirementType="In" />
      <Variable name="trespassLevel" type="enum:trespassLevel" values="" isPersistent="0" form="single" requirementType="In" />
    </Parameters>
    <Root OneTimeOnly="false" FailState="Recoverable" saveVersion="2">
      <Behavior canSkip="1">
        <Sequence>
          <Sequence>
            <GetTime TimeType="GameTime" OutVar="$currentTime" Delta="" />
            <Expression expressions="$delayedTrespassData.area = $area &#10;$delayedTrespassData.trespassLevel = $trespassLevel &#10;$delayedTrespassData.timestamp = $currentTime" />
          </Sequence>
          <Selector>
            <Sequence>
              <GraphSearch Origin="$__player" Borders="" depth="1" selection="true" SearchPattern="Depth" EdgePruning="&apos;parent,inventory&apos;" AllowedEdges="" SubGraph="" AllowSubtraph="false" includeOrigin="false" excludeOrigin="false" failOnEmpty="true" SetOperationChoice="Intersection|And" errorOnEmpty="false" shortCircuit="false" skipTraversed="true">
                <LinkTagFilter tag="&apos;crime_delayedTrespass_0&apos;" prune="true" negprune="unknown" Parent="" Child="" Data="$linkData" />
              </GraphSearch>
              <IfCondition failOnCondition="false" condition="$linkData.trespassLevel &lt;= $delayedTrespassData.trespassLevel | &#10;$linkData.timestamp &lt; $currentTime - 5000">
                <Expression expressions="$shouldOverwrite = true" />
              </IfCondition>
            </Sequence>
            <Expression expressions="$shouldOverwrite = true" />
          </Selector>
          <IfCondition failOnCondition="false" condition="$shouldOverwrite">
            <AddLink From="$__player" To="$__player" Tag="&apos;crime_delayedTrespass_0&apos;" Data="$delayedTrespassData" LinkOpHandleMode="OverWrite" />
          </IfCondition>
        </Sequence>
      </Behavior>
    </Root>
    <ForestContainer />
    <EditorData EventSet="">
      <Variables>
        <Variable name="currentTime" comment="" />
        <Variable name="delayedTrespassData" comment="" />
        <Variable name="linkData" comment="" />
        <Variable name="shouldOverwrite" comment="" />
        <Variable name="area" comment="" />
        <Variable name="trespassLevel" comment="" />
      </Variables>
      <ForwardDeclarations />
      <Root hasInputBreakpoint="0" comment="" breakpointFlags="0" saveVersion="2">
        <OutputBreakpoints />
        <Behavior>
          <Sequence hasInputBreakpoint="0" comment="" breakpointFlags="0">
            <OutputBreakpoints />
            <Sequence hasInputBreakpoint="0" comment="Build variable for current trespass" breakpointFlags="0">
              <OutputBreakpoints />
              <GetTime hasInputBreakpoint="0" comment="" breakpointFlags="0">
                <OutputBreakpoints />
              </GetTime>
              <Expression hasInputBreakpoint="0" comment="" breakpointFlags="0">
                <OutputBreakpoints />
              </Expression>
            </Sequence>
            <Selector hasInputBreakpoint="0" comment="" breakpointFlags="0">
              <OutputBreakpoints />
              <Sequence hasInputBreakpoint="0" comment="" breakpointFlags="0">
                <OutputBreakpoints />
                <GraphSearch hasInputBreakpoint="0" comment="" breakpointFlags="0">
                  <OutputBreakpoints />
                  <LinkTagFilter hasInputBreakpoint="0" comment="" breakpointFlags="0">
                    <OutputBreakpoints />
                  </LinkTagFilter>
                </GraphSearch>
                <IfCondition hasInputBreakpoint="0" comment="Overwrite if same level, or older than 5 seconds (TWEAK TIME)" breakpointFlags="0">
                  <OutputBreakpoints />
                  <Expression hasInputBreakpoint="0" comment="" breakpointFlags="0">
                    <OutputBreakpoints />
                  </Expression>
                </IfCondition>
              </Sequence>
              <Expression hasInputBreakpoint="0" comment="" breakpointFlags="0">
                <OutputBreakpoints />
              </Expression>
            </Selector>
            <IfCondition hasInputBreakpoint="0" comment="" breakpointFlags="0">
              <OutputBreakpoints />
              <AddLink hasInputBreakpoint="0" comment="" breakpointFlags="0">
                <OutputBreakpoints />
              </AddLink>
            </IfCondition>
          </Sequence>
        </Behavior>
      </Root>
      <Forest />
      <Comments />
    </EditorData>
  </BehaviorTree>
</BehaviorTrees>