<?xml version="1.0" encoding="us-ascii"?>
<BehaviorTrees>
  <BehaviorTree name="crime_updatePlayerAwareness" is_function="1">
    <Variables>
      <Variable name="currentTime" type="_int64" values="" isPersistent="0" form="single" />
    </Variables>
    <Root OneTimeOnly="false" FailState="Recoverable" saveVersion="2">
      <Behavior canSkip="1">
        <Switch>
          <EntityContextCheck context="switch_recognitionLevel_I" target="" saveVersion="2">
            <Then canSkip="1">
              <Success />
            </Then>
          </EntityContextCheck>
          <EntityContextCheck context="switch_recognitionLevel_II" target="" saveVersion="2">
            <Then canSkip="1">
              <Success />
            </Then>
          </EntityContextCheck>
          <DefaultBranch>
            <Sequence>
              <GetTime TimeType="GameTime" OutVar="$currentTime" Delta="" />
              <AddLink From="$this.id" To="$this.id" Tag="&apos;crime_playerAwareness&apos;" Data="$currentTime" LinkOpHandleMode="OverWrite" />
            </Sequence>
          </DefaultBranch>
        </Switch>
      </Behavior>
    </Root>
    <ForestContainer />
    <EditorData EventSet="">
      <Variables>
        <Variable name="currentTime" comment="" />
      </Variables>
      <ForwardDeclarations />
      <Root hasInputBreakpoint="0" comment="" breakpointFlags="0" saveVersion="2">
        <OutputBreakpoints />
        <Behavior>
          <Switch hasInputBreakpoint="0" comment="" breakpointFlags="0">
            <OutputBreakpoints />
            <EntityContextCheck hasInputBreakpoint="0" comment="" breakpointFlags="0" saveVersion="2">
              <OutputBreakpoints />
              <Then>
                <Success hasInputBreakpoint="0" comment="" breakpointFlags="0">
                  <OutputBreakpoints />
                </Success>
              </Then>
            </EntityContextCheck>
            <EntityContextCheck hasInputBreakpoint="0" comment="" breakpointFlags="0" saveVersion="2">
              <OutputBreakpoints />
              <Then>
                <Success hasInputBreakpoint="0" comment="" breakpointFlags="0">
                  <OutputBreakpoints />
                </Success>
              </Then>
            </EntityContextCheck>
            <DefaultBranch>
              <Sequence hasInputBreakpoint="0" comment="" breakpointFlags="0">
                <OutputBreakpoints />
                <GetTime hasInputBreakpoint="0" comment="" breakpointFlags="0">
                  <OutputBreakpoints />
                </GetTime>
                <AddLink hasInputBreakpoint="0" comment="" breakpointFlags="0">
                  <OutputBreakpoints />
                </AddLink>
              </Sequence>
            </DefaultBranch>
          </Switch>
        </Behavior>
      </Root>
      <Forest />
      <Comments />
    </EditorData>
  </BehaviorTree>
</BehaviorTrees>