<?xml version="1.0" encoding="us-ascii"?>
<BehaviorTrees>
  <BehaviorTree name="crime_waitMiliseconds" is_function="1">
    <Variables>
      <Variable name="int" type="_int" values="" isPersistent="0" form="single" />
    </Variables>
    <Parameters>
      <Variable name="miliseconds" type="_float" values="" isPersistent="0" form="single" requirementType="In" />
    </Parameters>
    <Root OneTimeOnly="false" FailState="Recoverable" saveVersion="2">
      <Behavior canSkip="1">
        <Sequence>
          <Round value="$miliseconds" step="1.000000" operation="Nearest" result="$int" />
          <Wait duration="$int" timeType="GameTime" doFail="false" variation="" skipInLOD="false" />
        </Sequence>
      </Behavior>
    </Root>
    <ForestContainer />
    <EditorData EventSet="">
      <Variables>
        <Variable name="int" comment="" />
        <Variable name="miliseconds" comment="" />
      </Variables>
      <ForwardDeclarations />
      <Root hasInputBreakpoint="0" comment="" breakpointFlags="0" saveVersion="2">
        <OutputBreakpoints />
        <Behavior>
          <Sequence hasInputBreakpoint="0" comment="" breakpointFlags="0">
            <OutputBreakpoints />
            <Round hasInputBreakpoint="0" comment="" breakpointFlags="0">
              <OutputBreakpoints />
            </Round>
            <Wait hasInputBreakpoint="0" comment="" breakpointFlags="0">
              <OutputBreakpoints />
            </Wait>
          </Sequence>
        </Behavior>
      </Root>
      <Forest />
      <Comments />
    </EditorData>
  </BehaviorTree>
</BehaviorTrees>