<?xml version="1.0" encoding="us-ascii"?>
<BehaviorTrees>
	<BehaviorTree name="crime_waitForWeaponChange" is_function="1">
		<Variables>
			<Variable name="endLoop" type="_bool" values="" isPersistent="0" form="single" />
			<Variable name="result" type="_bool" values="" isPersistent="0" form="single" />
		</Variables>
		<Parameters>
			<Variable name="npc" type="_wuid" values="" isPersistent="0" form="single" requirementType="In" />
			<Variable name="succeedOnArmed" type="_bool" values="true" isPersistent="0" form="single" requirementType="In" />
		</Parameters>
		<Root OneTimeOnly="false" FailState="Recoverable" saveVersion="2">
			<Behavior canSkip="1">
				<While doFail="false" propagateChildFail="false" condition="~$endLoop">
					<OnWeaponChange WeaponChangeFilter="any" Combatants="Who" Who="$npc" RunLogic="KeepRunning">
						<Sequence>
							<Function_crime_hasWeaponDrawn checkingMethod="$enum:crime_weaponCheckingMethod.graphSearch" npc="$npc" result="$result" nodeLabel="39342909" />
							<IfCondition failOnCondition="false" condition="($succeedOnArmed &amp; $result) | (~$succeedOnArmed &amp; ~$result)">
								<Expression expressions="$endLoop = true" />
							</IfCondition>
						</Sequence>
					</OnWeaponChange>
				</While>
			</Behavior>
		</Root>
		<ForestContainer />
		<EditorData EventSet="">
			<Variables>
				<Variable name="endLoop" comment="" />
				<Variable name="result" comment="" />
				<Variable name="npc" comment="" />
				<Variable name="succeedOnArmed" comment="" />
			</Variables>
			<ForwardDeclarations />
			<Root hasInputBreakpoint="0" comment="" breakpointFlags="0" saveVersion="2">
				<OutputBreakpoints />
				<Behavior>
					<While hasInputBreakpoint="0" comment="" breakpointFlags="0">
						<OutputBreakpoints />
						<OnWeaponChange hasInputBreakpoint="0" comment="" breakpointFlags="0">
							<OutputBreakpoints />
							<Sequence hasInputBreakpoint="0" comment="" breakpointFlags="0">
								<OutputBreakpoints />
								<Function_crime_hasWeaponDrawn hasInputBreakpoint="0" comment="" breakpointFlags="0">
									<OutputBreakpoints />
								</Function_crime_hasWeaponDrawn>
								<IfCondition hasInputBreakpoint="0" comment="" breakpointFlags="0">
									<OutputBreakpoints />
									<Expression hasInputBreakpoint="0" comment="" breakpointFlags="0">
										<OutputBreakpoints />
									</Expression>
								</IfCondition>
							</Sequence>
						</OnWeaponChange>
					</While>
				</Behavior>
			</Root>
			<Forest />
			<Comments />
		</EditorData>
	</BehaviorTree>
</BehaviorTrees>