<?xml version="1.0" encoding="us-ascii"?>
<BehaviorTrees>
  <BehaviorTree name="crime_crimeSearch_getDirectionInfluence" is_function="1">
    <Variables />
    <Parameters>
      <Variable name="direction" type="vec3" values="" isPersistent="0" form="single" requirementType="Reference" />
      <Variable name="directionInfluence" type="_float" values="" isPersistent="0" form="single" requirementType="Out" />
    </Parameters>
    <Root OneTimeOnly="false" FailState="Recoverable" saveVersion="2">
      <Behavior canSkip="1">
        <Sequence>
          <NormalizeVector vector="$direction" />
          <Expression expressions="$directionInfluence =  &#10;$direction.x == 0 &amp; &#10;$direction.y == 0 &amp; &#10;$direction.z == 0 ? 0 : 0.9" />
        </Sequence>
      </Behavior>
    </Root>
    <ForestContainer />
    <EditorData EventSet="">
      <Variables>
        <Variable name="direction" comment="" />
        <Variable name="directionInfluence" comment="" />
      </Variables>
      <ForwardDeclarations />
      <Root hasInputBreakpoint="0" comment="" breakpointFlags="0" saveVersion="2">
        <OutputBreakpoints />
        <Behavior>
          <Sequence hasInputBreakpoint="0" comment="" breakpointFlags="0">
            <OutputBreakpoints />
            <NormalizeVector hasInputBreakpoint="0" comment="" breakpointFlags="0">
              <OutputBreakpoints />
            </NormalizeVector>
            <Expression hasInputBreakpoint="0" comment="" breakpointFlags="0">
              <OutputBreakpoints />
            </Expression>
          </Sequence>
        </Behavior>
      </Root>
      <Forest />
      <Comments />
    </EditorData>
  </BehaviorTree>
</BehaviorTrees>