<?xml version="1.0" encoding="us-ascii"?>
<BehaviorTrees>
  <BehaviorTree name="item_equipItemByCategory" is_function="1">
    <Variables />
    <Parameters>
      <Variable name="equippedItem" type="_wuid" values="" isPersistent="0" form="single" requirementType="Out" optional="1" />
      <Variable name="itemCategory" type="_string" values="" isPersistent="0" form="single" requirementType="In" />
      <Variable name="soulWUID" type="_wuid" values="" isPersistent="0" form="single" requirementType="In" optional="1" />
    </Parameters>
    <Root OneTimeOnly="false" FailState="Recoverable" saveVersion="2">
      <Behavior canSkip="1">
        <Sequence>
          <IfCondition failOnCondition="false" condition="$soulWUID == $__null">
            <Expression expressions="$soulWUID = $this.id" />
          </IfCondition>
          <Selector>
            <Function_item_findEquippedItem itemCategory="$itemCategory" itemGUID="" soulWUID="$soulWUID" foundItem="$equippedItem" nodeLabel="76460634" />
            <AtomicDecorator>
              <Sequence>
                <GetItem InventoryHost="$soulWUID" ItemGUID="" ItemCategory="$itemCategory" FailIfNotFound="true" ItemOut="$equippedItem" AmountOut="" />
                <EquipItem item="$equippedItem" Target="$soulWUID" />
              </Sequence>
            </AtomicDecorator>
          </Selector>
        </Sequence>
      </Behavior>
    </Root>
    <ForestContainer />
    <EditorData EventSet="">
      <Variables>
        <Variable name="equippedItem" comment="" />
        <Variable name="itemCategory" comment="" />
        <Variable name="soulWUID" comment="" />
      </Variables>
      <ForwardDeclarations />
      <Root hasInputBreakpoint="0" comment="" breakpointFlags="0" saveVersion="2">
        <OutputBreakpoints />
        <Behavior>
          <Sequence hasInputBreakpoint="0" comment="" breakpointFlags="0">
            <OutputBreakpoints />
            <IfCondition hasInputBreakpoint="0" comment="" breakpointFlags="0">
              <OutputBreakpoints />
              <Expression hasInputBreakpoint="0" comment="" breakpointFlags="0">
                <OutputBreakpoints />
              </Expression>
            </IfCondition>
            <Selector hasInputBreakpoint="0" comment="" breakpointFlags="0">
              <OutputBreakpoints />
              <Function_item_findEquippedItem hasInputBreakpoint="0" comment="" breakpointFlags="0">
                <OutputBreakpoints />
              </Function_item_findEquippedItem>
              <AtomicDecorator hasInputBreakpoint="0" comment="" breakpointFlags="0">
                <OutputBreakpoints />
                <Sequence hasInputBreakpoint="0" comment="" breakpointFlags="0">
                  <OutputBreakpoints />
                  <GetItem hasInputBreakpoint="0" comment="" breakpointFlags="0">
                    <OutputBreakpoints />
                  </GetItem>
                  <EquipItem hasInputBreakpoint="0" comment="" breakpointFlags="0">
                    <OutputBreakpoints />
                  </EquipItem>
                </Sequence>
              </AtomicDecorator>
            </Selector>
          </Sequence>
        </Behavior>
      </Root>
      <Forest />
      <Comments />
    </EditorData>
  </BehaviorTree>
</BehaviorTrees>