<?xml version="1.0" encoding="us-ascii"?>
<BehaviorTrees>
  <BehaviorTree name="item_findEquippedItem" is_function="1">
    <Variables />
    <Parameters>
      <Variable name="foundItem" type="_wuid" values="" isPersistent="0" form="single" requirementType="Out" optional="1" />
      <Variable name="itemCategory" type="_string" values="" isPersistent="0" form="single" requirementType="In" />
      <Variable name="itemGUID" type="_string" values="" isPersistent="0" form="single" requirementType="In" />
      <Variable name="soulWUID" type="_wuid" values="" isPersistent="0" form="single" requirementType="In" optional="1" />
    </Parameters>
    <Root OneTimeOnly="false" FailState="Recoverable" saveVersion="2">
      <Behavior canSkip="1">
        <Sequence>
          <IfCondition failOnCondition="false" condition="$soulWUID == $__null">
            <Expression expressions="$soulWUID = $this.id" />
          </IfCondition>
          <GraphSearch Origin="$soulWUID" Borders="" depth="2" selection="true" SearchPattern="Depth" EdgePruning="&apos;parent&apos;" AllowedEdges="&apos;inventory&apos;" SubGraph="" AllowSubtraph="false" includeOrigin="false" excludeOrigin="false" failOnEmpty="true" SetOperationChoice="Intersection|And" errorOnEmpty="false" shortCircuit="false" skipTraversed="true">
            <ItemClassFilter ClassId="$itemGUID" Category="$itemCategory" Source="Child" prune="true" negprune="unknown" Parent="" Child="" />
            <ItemParamFilter Param="Equip" Source="Child" prune="true" negprune="unknown" Parent="" Child="$foundItem" />
          </GraphSearch>
        </Sequence>
      </Behavior>
    </Root>
    <ForestContainer />
    <EditorData EventSet="">
      <Variables>
        <Variable name="foundItem" comment="" />
        <Variable name="itemCategory" comment="" />
        <Variable name="itemGUID" comment="" />
        <Variable name="soulWUID" comment="" />
      </Variables>
      <ForwardDeclarations />
      <Root hasInputBreakpoint="0" comment="" breakpointFlags="0" saveVersion="2">
        <OutputBreakpoints />
        <Behavior>
          <Sequence hasInputBreakpoint="0" comment="" breakpointFlags="0">
            <OutputBreakpoints />
            <IfCondition hasInputBreakpoint="0" comment="" breakpointFlags="0">
              <OutputBreakpoints />
              <Expression hasInputBreakpoint="0" comment="" breakpointFlags="0">
                <OutputBreakpoints />
              </Expression>
            </IfCondition>
            <GraphSearch hasInputBreakpoint="0" comment="" breakpointFlags="0">
              <OutputBreakpoints />
              <ItemClassFilter hasInputBreakpoint="0" comment="" breakpointFlags="0">
                <OutputBreakpoints />
              </ItemClassFilter>
              <ItemParamFilter hasInputBreakpoint="0" comment="" breakpointFlags="0">
                <OutputBreakpoints />
              </ItemParamFilter>
            </GraphSearch>
          </Sequence>
        </Behavior>
      </Root>
      <Forest />
      <Comments />
    </EditorData>
  </BehaviorTree>
</BehaviorTrees>