<?xml version="1.0" encoding="us-ascii"?>
<BehaviorTrees>
  <BehaviorTree name="item_getItemFromLinkedHomeSlot" is_function="1">
    <Variables>
      <Variable name="slot" type="_wuid" values="" isPersistent="0" form="single" />
    </Variables>
    <Parameters>
      <Variable name="foundItem" type="_wuid" values="" isPersistent="0" form="single" requirementType="Out" optional="1" />
      <Variable name="linkTag" type="_string" values="" isPersistent="0" form="single" requirementType="In" />
      <Variable name="searchOrigin" type="_wuid" values="" isPersistent="0" form="single" requirementType="In" />
    </Parameters>
    <Root OneTimeOnly="false" FailState="Recoverable" saveVersion="2">
      <Behavior canSkip="1">
        <Sequence>
          <GraphSearch Origin="$searchOrigin" Borders="" depth="1" selection="true" SearchPattern="Depth" EdgePruning="&apos;parent,inventory&apos;" AllowedEdges="" SubGraph="$linkTag" AllowSubtraph="false" includeOrigin="false" excludeOrigin="false" failOnEmpty="true" SetOperationChoice="Intersection|And" errorOnEmpty="false" shortCircuit="false" skipTraversed="true">
            <AnyLinkFilter Source="Child" prune="true" negprune="unknown" Parent="" Child="$slot" />
          </GraphSearch>
          <GetItemInSlot slot="$slot" useHomeItem="true" item="$foundItem" />
        </Sequence>
      </Behavior>
    </Root>
    <ForestContainer />
    <EditorData EventSet="">
      <Variables>
        <Variable name="slot" comment="" />
        <Variable name="foundItem" comment="" />
        <Variable name="linkTag" comment="" />
        <Variable name="searchOrigin" comment="" />
      </Variables>
      <ForwardDeclarations />
      <Root hasInputBreakpoint="0" comment="" breakpointFlags="0" saveVersion="2">
        <OutputBreakpoints />
        <Behavior>
          <Sequence hasInputBreakpoint="0" comment="" breakpointFlags="0">
            <OutputBreakpoints />
            <GraphSearch hasInputBreakpoint="0" comment="" breakpointFlags="0">
              <OutputBreakpoints />
              <AnyLinkFilter hasInputBreakpoint="0" comment="" breakpointFlags="0">
                <OutputBreakpoints />
              </AnyLinkFilter>
            </GraphSearch>
            <GetItemInSlot hasInputBreakpoint="0" comment="" breakpointFlags="0">
              <OutputBreakpoints />
            </GetItemInSlot>
          </Sequence>
        </Behavior>
      </Root>
      <Forest />
      <Comments />
    </EditorData>
  </BehaviorTree>
</BehaviorTrees>