<?xml version="1.0" encoding="us-ascii"?>
<BehaviorTrees>
  <BehaviorTree name="item_getSecondaryWeapon" is_function="1">
    <Variables>
      <Variable name="hand_left" type="_wuid" values="" isPersistent="0" form="single" />
      <Variable name="hand_right" type="_wuid" values="" isPersistent="0" form="single" />
    </Variables>
    <Parameters>
      <Variable name="hand" type="enum:handType" values="" isPersistent="0" form="single" requirementType="Out" />
      <Variable name="weapon" type="_wuid" values="" isPersistent="0" form="single" requirementType="Out" />
    </Parameters>
    <Root OneTimeOnly="false" FailState="Recoverable" saveVersion="2">
      <Behavior canSkip="1">
        <Sequence>
          <GetWeaponsFromWeaponSet WeaponSet="Secondary" LeftHand="$hand_left" RightHand="$hand_right" UseTorchWhenAppropriate="false" />
          <IfElseCondition failOnCondition="false" condition="$hand_left ~= $__null" saveVersion="2">
            <Then canSkip="1">
              <Expression expressions="$hand = $enum:handType.left &#10;$weapon = $hand_left" />
            </Then>
            <Else canSkip="1">
              <Expression expressions="$hand = $enum:handType.right &#10;$weapon = $hand_right" />
            </Else>
          </IfElseCondition>
        </Sequence>
      </Behavior>
    </Root>
    <ForestContainer />
    <EditorData EventSet="">
      <Variables>
        <Variable name="hand_left" comment="" />
        <Variable name="hand_right" comment="" />
        <Variable name="hand" comment="" />
        <Variable name="weapon" comment="" />
      </Variables>
      <ForwardDeclarations />
      <Root hasInputBreakpoint="0" comment="" breakpointFlags="0" saveVersion="2">
        <OutputBreakpoints />
        <Behavior>
          <Sequence hasInputBreakpoint="0" comment="" breakpointFlags="0">
            <OutputBreakpoints />
            <GetWeaponsFromWeaponSet hasInputBreakpoint="0" comment="" breakpointFlags="0">
              <OutputBreakpoints />
            </GetWeaponsFromWeaponSet>
            <IfElseCondition hasInputBreakpoint="0" comment="" breakpointFlags="0" saveVersion="2">
              <OutputBreakpoints />
              <Then>
                <Expression hasInputBreakpoint="0" comment="" breakpointFlags="0">
                  <OutputBreakpoints />
                </Expression>
              </Then>
              <Else>
                <Expression hasInputBreakpoint="0" comment="" breakpointFlags="0">
                  <OutputBreakpoints />
                </Expression>
              </Else>
            </IfElseCondition>
          </Sequence>
        </Behavior>
      </Root>
      <Forest />
      <Comments />
    </EditorData>
  </BehaviorTree>
</BehaviorTrees>