<?xml version="1.0" encoding="us-ascii"?>
<BehaviorTrees>
  <BehaviorTree name="item_hasOnlyCombatAllowedItemsInHands" is_function="1">
    <Variables>
      <Variable name="category" type="_string" values="" isPersistent="0" form="single" />
      <Variable name="item" type="_wuid" values="" isPersistent="0" form="single" />
      <Variable name="items" type="_wuid" values="" isPersistent="0" form="array" />
      <Variable name="type" type="_string" values="" isPersistent="0" form="single" />
    </Variables>
    <Parameters>
      <Variable name="result" type="_bool" values="" isPersistent="0" form="single" requirementType="Out" optional="1" />
      <Variable name="soulWUID" type="_wuid" values="" isPersistent="0" form="single" requirementType="In" optional="1" />
    </Parameters>
    <Root OneTimeOnly="false" FailState="Recoverable" saveVersion="2">
      <Behavior canSkip="1">
        <AtomicDecorator>
          <Sequence>
            <IfCondition failOnCondition="false" condition="$soulWUID == $__null">
              <Expression expressions="$soulWUID = $this.id" />
            </IfCondition>
            <Expression expressions="$result = true" />
            <HandCheck who="$soulWUID" LeftHand="$items[0]" RightHand="$items[1]" />
            <ForEach startIndex="0" step="1" array="$items" iterator="" value="$item" break="">
              <IfCondition failOnCondition="false" condition="$item ~= $__null">
                <Sequence>
                  <GetItemType WUID="$item" OutCategory="$category" OutType="$type" OutSubType="" />
                  <IfCondition failOnCondition="false" condition="$category ~= &apos;missile_weapon&apos; &amp; ($category ~= &apos;melee_weapon&apos; | $type == &apos;torch&apos;)">
                    <Expression expressions="$result = false" />
                  </IfCondition>
                </Sequence>
              </IfCondition>
            </ForEach>
            <IfCondition failOnCondition="false" condition="!$result">
              <Fail />
            </IfCondition>
          </Sequence>
        </AtomicDecorator>
      </Behavior>
    </Root>
    <ForestContainer />
    <EditorData EventSet="">
      <Variables>
        <Variable name="category" comment="" />
        <Variable name="item" comment="" />
        <Variable name="items" comment="" />
        <Variable name="type" comment="" />
        <Variable name="result" comment="" />
        <Variable name="soulWUID" comment="" />
      </Variables>
      <ForwardDeclarations />
      <Root hasInputBreakpoint="0" comment="" breakpointFlags="0" saveVersion="2">
        <OutputBreakpoints />
        <Behavior>
          <AtomicDecorator hasInputBreakpoint="0" comment="" breakpointFlags="0">
            <OutputBreakpoints />
            <Sequence hasInputBreakpoint="0" comment="" breakpointFlags="0">
              <OutputBreakpoints />
              <IfCondition hasInputBreakpoint="0" comment="" breakpointFlags="0">
                <OutputBreakpoints />
                <Expression hasInputBreakpoint="0" comment="" breakpointFlags="0">
                  <OutputBreakpoints />
                </Expression>
              </IfCondition>
              <Expression hasInputBreakpoint="0" comment="" breakpointFlags="0">
                <OutputBreakpoints />
              </Expression>
              <HandCheck hasInputBreakpoint="0" comment="" breakpointFlags="0">
                <OutputBreakpoints />
              </HandCheck>
              <ForEach hasInputBreakpoint="0" comment="" breakpointFlags="0">
                <OutputBreakpoints />
                <IfCondition hasInputBreakpoint="0" comment="" breakpointFlags="0">
                  <OutputBreakpoints />
                  <Sequence hasInputBreakpoint="0" comment="" breakpointFlags="0">
                    <OutputBreakpoints />
                    <GetItemType hasInputBreakpoint="0" comment="" breakpointFlags="0">
                      <OutputBreakpoints />
                    </GetItemType>
                    <IfCondition hasInputBreakpoint="0" comment="" breakpointFlags="0">
                      <OutputBreakpoints />
                      <Expression hasInputBreakpoint="0" comment="" breakpointFlags="0">
                        <OutputBreakpoints />
                      </Expression>
                    </IfCondition>
                  </Sequence>
                </IfCondition>
              </ForEach>
              <IfCondition hasInputBreakpoint="0" comment="" breakpointFlags="0">
                <OutputBreakpoints />
                <Fail hasInputBreakpoint="0" comment="" breakpointFlags="0">
                  <OutputBreakpoints />
                </Fail>
              </IfCondition>
            </Sequence>
          </AtomicDecorator>
        </Behavior>
      </Root>
      <Forest />
      <Comments />
    </EditorData>
  </BehaviorTree>
</BehaviorTrees>