<?xml version="1.0" encoding="us-ascii"?>
<BehaviorTrees>
  <BehaviorTree name="onUpdate" is_function="0">
    <Variables>
      <Variable name="formation" type="_wuid" values="" isPersistent="0" form="single" />
    </Variables>
    <Root OneTimeOnly="false" FailState="Recoverable" saveVersion="2">
      <Behavior canSkip="1">
        <Sequence>
          <MakeFormation FormationName="&apos;battleFormation_basic25&apos;" HandleVariable="$formation" />
          <Wait duration="&apos;-1&apos;" timeType="GameTime" doFail="false" variation="" skipInLOD="false" />
        </Sequence>
      </Behavior>
    </Root>
    <ForestContainer>
      <ReadMessage timeout="&apos;-1&apos;" timeType="GameTime" variable="" senderInfo="" inbox="&apos;battle_formationHolder_init&apos;" condition="" />
    </ForestContainer>
    <EditorData EventSet="">
      <Variables>
        <Variable name="formation" comment="" />
      </Variables>
      <ForwardDeclarations />
      <Root hasInputBreakpoint="0" comment="" breakpointFlags="0" saveVersion="2">
        <OutputBreakpoints />
        <Behavior>
          <Sequence hasInputBreakpoint="0" comment="" breakpointFlags="0">
            <OutputBreakpoints />
            <MakeFormation hasInputBreakpoint="0" comment="" breakpointFlags="0">
              <OutputBreakpoints />
            </MakeFormation>
            <Wait hasInputBreakpoint="0" comment="" breakpointFlags="0">
              <OutputBreakpoints />
            </Wait>
          </Sequence>
        </Behavior>
      </Root>
      <Forest>
        <ReadMessage editorPosX="190" editorPosY="-150" hasInputBreakpoint="0" comment="" breakpointFlags="0">
          <OutputBreakpoints />
        </ReadMessage>
      </Forest>
      <Comments />
    </EditorData>
  </BehaviorTree>
</BehaviorTrees>