<?xml version="1.0" encoding="us-ascii"?>
<BehaviorTrees>
  <BehaviorTree name="onUpdate" is_function="0">
    <Variables>
      <Variable name="groupController" type="_wuid" values="" isPersistent="0" form="array" />
      <Variable name="linkTag" type="_string" values="" isPersistent="0" form="single" />
      <Variable name="nextController" type="_bool" values="false" isPersistent="0" form="single" />
      <Variable name="wakeUpDone" type="_bool" values="false" isPersistent="0" form="single" />
    </Variables>
    <Root OneTimeOnly="false" FailState="Recoverable" saveVersion="2">
      <Behavior canSkip="1">
        <ProcessMessage Atomic="false" timeout="&apos;-1&apos;" timeType="GameTime" variable="$linkTag" senderInfo="" inbox="&apos;battle_groupController_init&apos;" condition="" answerVar="">
          <Sequence>
            <GraphSearch Origin="" Borders="" depth="1" selection="true" SearchPattern="Depth" EdgePruning="&apos;parent,inventory&apos;" AllowedEdges="" SubGraph="" AllowSubtraph="false" includeOrigin="false" excludeOrigin="false" failOnEmpty="true" SetOperationChoice="Intersection|And" errorOnEmpty="false" shortCircuit="false" skipTraversed="true">
              <LinkTagFilter tag="&apos;groupController&apos;" prune="true" negprune="unknown" Parent="" Child="" Data="" />
              <Nodalyzer Quantifiers="ForAll" Parent="" Child="$groupController" saveVersion="2" />
            </GraphSearch>
            <While doFail="false" propagateChildFail="false" condition="!$wakeUpDone">
              <Sequence>
                <While doFail="false" propagateChildFail="false" condition="!$nextController">
                  <FuseBox StatusPropagation="Child" OneCleanup="false" saveVersion="2">
                    <Child canSkip="1">
                      <RequestBattleNPC TargetObject="$groupController[0]" ReferencePoint="$this.id" Priority="High" RequestedNPCVarOut="" />
                    </Child>
                    <OnFail canSkip="1">
                      <Expression expressions="$nextController = true" />
                    </OnFail>
                  </FuseBox>
                </While>
                <Expression expressions="$nextController = false" />
                <IfElseCondition failOnCondition="false" condition="#groupController &gt; 1" saveVersion="2">
                  <Then canSkip="1">
                    <EraseFromArray array="$groupController" condition="$__key == 0" />
                  </Then>
                  <Else canSkip="1">
                    <Expression expressions="$wakeUpDone = true" />
                  </Else>
                </IfElseCondition>
              </Sequence>
            </While>
            <SendAIConceptSignal_battleCommandComplete group="$this.id" success="true" />
            <Wait duration="&apos;-1&apos;" timeType="GameTime" doFail="false" variation="" skipInLOD="false" />
          </Sequence>
        </ProcessMessage>
      </Behavior>
    </Root>
    <ForestContainer />
    <EditorData EventSet="">
      <Variables>
        <Variable name="groupController" comment="" />
        <Variable name="linkTag" comment="" />
        <Variable name="nextController" comment="" />
        <Variable name="wakeUpDone" comment="" />
      </Variables>
      <ForwardDeclarations />
      <Root hasInputBreakpoint="0" comment="" breakpointFlags="0" saveVersion="2">
        <OutputBreakpoints />
        <Behavior>
          <ProcessMessage hasInputBreakpoint="0" comment="" breakpointFlags="0">
            <OutputBreakpoints />
            <Sequence hasInputBreakpoint="0" comment="" breakpointFlags="0">
              <OutputBreakpoints />
              <GraphSearch hasInputBreakpoint="0" comment="" breakpointFlags="0">
                <OutputBreakpoints />
                <LinkTagFilter hasInputBreakpoint="0" comment="" breakpointFlags="0">
                  <OutputBreakpoints />
                </LinkTagFilter>
                <Nodalyzer hasInputBreakpoint="0" comment="" breakpointFlags="0" saveVersion="2">
                  <OutputBreakpoints />
                </Nodalyzer>
              </GraphSearch>
              <While hasInputBreakpoint="0" comment="" breakpointFlags="0">
                <OutputBreakpoints />
                <Sequence hasInputBreakpoint="0" comment="" breakpointFlags="0">
                  <OutputBreakpoints />
                  <While hasInputBreakpoint="0" comment="" breakpointFlags="0">
                    <OutputBreakpoints />
                    <FuseBox hasInputBreakpoint="0" comment="" breakpointFlags="0" saveVersion="2">
                      <OutputBreakpoints />
                      <Child>
                        <RequestBattleNPC hasInputBreakpoint="0" comment="" breakpointFlags="0">
                          <OutputBreakpoints />
                        </RequestBattleNPC>
                      </Child>
                      <OnFail>
                        <Expression hasInputBreakpoint="0" comment="" breakpointFlags="0">
                          <OutputBreakpoints />
                        </Expression>
                      </OnFail>
                    </FuseBox>
                  </While>
                  <Expression hasInputBreakpoint="0" comment="" breakpointFlags="0">
                    <OutputBreakpoints />
                  </Expression>
                  <IfElseCondition hasInputBreakpoint="0" comment="" breakpointFlags="0" saveVersion="2">
                    <OutputBreakpoints />
                    <Then>
                      <EraseFromArray hasInputBreakpoint="0" comment="" breakpointFlags="0">
                        <OutputBreakpoints />
                      </EraseFromArray>
                    </Then>
                    <Else>
                      <Expression hasInputBreakpoint="0" comment="" breakpointFlags="0">
                        <OutputBreakpoints />
                      </Expression>
                    </Else>
                  </IfElseCondition>
                </Sequence>
              </While>
              <SendAIConceptSignal_battleCommandComplete hasInputBreakpoint="0" comment="" breakpointFlags="0">
                <OutputBreakpoints />
              </SendAIConceptSignal_battleCommandComplete>
              <Wait hasInputBreakpoint="0" comment="" breakpointFlags="0">
                <OutputBreakpoints />
              </Wait>
            </Sequence>
          </ProcessMessage>
        </Behavior>
      </Root>
      <Forest />
      <Comments />
    </EditorData>
  </BehaviorTree>
</BehaviorTrees>