<?xml version="1.0" encoding="us-ascii"?>
<BehaviorTrees>
  <BehaviorTree name="test_behA" is_function="0">
    <Variables />
    <Root OneTimeOnly="false" FailState="Recoverable" saveVersion="2" />
    <ForestContainer />
    <EditorData EventSet="">
      <Variables />
      <ForwardDeclarations />
      <Root hasInputBreakpoint="0" comment="" breakpointFlags="0" saveVersion="2">
        <OutputBreakpoints />
      </Root>
      <Forest />
      <Comments />
    </EditorData>
  </BehaviorTree>
  <BehaviorTree name="wait" is_function="0">
    <Variables />
    <Root OneTimeOnly="false" FailState="Recoverable" saveVersion="2">
      <Behavior canSkip="1">
        <Wait duration="&apos;15s&apos;" timeType="GameTime" doFail="false" variation="" skipInLOD="false" />
      </Behavior>
    </Root>
    <ForestContainer />
    <EditorData EventSet="">
      <Variables />
      <ForwardDeclarations />
      <Root editorPosX="70" editorPosY="10" hasInputBreakpoint="0" comment="" breakpointFlags="0" saveVersion="2">
        <OutputBreakpoints />
        <Behavior>
          <Wait hasInputBreakpoint="0" comment="" breakpointFlags="0">
            <OutputBreakpoints />
          </Wait>
        </Behavior>
      </Root>
      <Forest />
      <Comments />
    </EditorData>
  </BehaviorTree>
  <BehaviorTree name="walk" is_function="0">
    <Variables />
    <Root OneTimeOnly="false" FailState="Recoverable" saveVersion="2">
      <Behavior canSkip="1">
        <Sequence>
          <Move stopWithinDistance="0.200000" stopDistanceVariation="0.100000" rayCasteFlee="false" successDistance="0.000000" changeNPCState="true" destinationSpecification="$__object.id" destinationSpecification2="" destinationSpecification3="" speed="Walk" additionalParams="" pathFindingParams="" staminaPolicy="" pathInfo="" AnimationToPlay="" AnimationContext="" />
          <Wait duration="&apos;2s&apos;" timeType="GameTime" doFail="false" variation="" skipInLOD="false" />
        </Sequence>
      </Behavior>
    </Root>
    <ForestContainer />
    <EditorData EventSet="">
      <Variables />
      <ForwardDeclarations />
      <Root hasInputBreakpoint="0" comment="" breakpointFlags="0" saveVersion="2">
        <OutputBreakpoints />
        <Behavior>
          <Sequence hasInputBreakpoint="0" comment="" breakpointFlags="0">
            <OutputBreakpoints />
            <Move hasInputBreakpoint="0" comment="" breakpointFlags="0">
              <OutputBreakpoints />
            </Move>
            <Wait hasInputBreakpoint="0" comment="" breakpointFlags="0">
              <OutputBreakpoints />
            </Wait>
          </Sequence>
        </Behavior>
      </Root>
      <Forest />
      <Comments />
    </EditorData>
  </BehaviorTree>
  <BehaviorTree name="wait_short" is_function="0">
    <Variables />
    <Root OneTimeOnly="false" FailState="Recoverable" saveVersion="2">
      <Behavior canSkip="1">
        <Wait duration="&apos;2s&apos;" timeType="GameTime" doFail="false" variation="" skipInLOD="false" />
      </Behavior>
    </Root>
    <ForestContainer />
    <EditorData EventSet="">
      <Variables />
      <ForwardDeclarations />
      <Root hasInputBreakpoint="0" comment="" breakpointFlags="0" saveVersion="2">
        <OutputBreakpoints />
        <Behavior>
          <Wait hasInputBreakpoint="0" comment="" breakpointFlags="0">
            <OutputBreakpoints />
          </Wait>
        </Behavior>
      </Root>
      <Forest />
      <Comments />
    </EditorData>
  </BehaviorTree>
  <BehaviorTree name="wait_limited" is_function="0">
    <Variables />
    <Root OneTimeOnly="false" FailState="Recoverable" saveVersion="2">
      <Behavior canSkip="1">
        <Wait duration="&apos;5s&apos;" timeType="GameTime" doFail="false" variation="" skipInLOD="false" />
      </Behavior>
    </Root>
    <ForestContainer />
    <EditorData EventSet="">
      <Variables />
      <ForwardDeclarations />
      <Root hasInputBreakpoint="0" comment="" breakpointFlags="0" saveVersion="2">
        <OutputBreakpoints />
        <Behavior>
          <Wait hasInputBreakpoint="0" comment="" breakpointFlags="0">
            <OutputBreakpoints />
          </Wait>
        </Behavior>
      </Root>
      <Forest />
      <Comments />
    </EditorData>
  </BehaviorTree>
  <BehaviorTree name="wait_forever" is_function="0">
    <Variables />
    <Root OneTimeOnly="false" FailState="Recoverable" saveVersion="2">
      <Behavior canSkip="1">
        <Wait duration="&apos;-1&apos;" timeType="GameTime" doFail="false" variation="" skipInLOD="false" />
      </Behavior>
    </Root>
    <ForestContainer />
    <EditorData EventSet="">
      <Variables />
      <ForwardDeclarations />
      <Root hasInputBreakpoint="0" comment="" breakpointFlags="0" saveVersion="2">
        <OutputBreakpoints />
        <Behavior>
          <Wait hasInputBreakpoint="0" comment="" breakpointFlags="0">
            <OutputBreakpoints />
          </Wait>
        </Behavior>
      </Root>
      <Forest />
      <Comments />
    </EditorData>
  </BehaviorTree>
  <BehaviorTree name="wait_interrupt" is_function="0">
    <Variables />
    <Root OneTimeOnly="false" FailState="Recoverable" saveVersion="2">
      <Behavior canSkip="1">
        <Wait duration="&apos;500ms&apos;" timeType="GameTime" doFail="false" variation="" skipInLOD="false" />
      </Behavior>
    </Root>
    <ForestContainer />
    <EditorData EventSet="">
      <Variables />
      <ForwardDeclarations />
      <Root hasInputBreakpoint="0" comment="" breakpointFlags="0" saveVersion="2">
        <OutputBreakpoints />
        <Behavior>
          <Wait hasInputBreakpoint="0" comment="100ms is more enough for test to detect this behavior. Since there is no simple way to remove interrupt, we need to wait it out." breakpointFlags="0">
            <OutputBreakpoints />
          </Wait>
        </Behavior>
      </Root>
      <Forest />
      <Comments />
    </EditorData>
  </BehaviorTree>
  <BehaviorTree name="test_addInterrupt" is_function="0">
    <Variables>
      <Variable name="who" type="_wuid" values="" isPersistent="0" form="single" />
    </Variables>
    <Root OneTimeOnly="false" FailState="Recoverable" saveVersion="2">
      <Behavior canSkip="1">
        <Sequence>
          <Wait duration="&apos;3s&apos;" timeType="GameTime" doFail="false" variation="" skipInLOD="false" />
          <GraphSearch Origin="" Borders="" depth="1" selection="true" SearchPattern="Depth" EdgePruning="&apos;parent,inventory&apos;" AllowedEdges="" SubGraph="" AllowSubtraph="false" includeOrigin="false" excludeOrigin="false" failOnEmpty="true" SetOperationChoice="Intersection|And" errorOnEmpty="false" shortCircuit="false" skipTraversed="true">
            <LinkTagFilter tag="&apos;who&apos;" prune="true" negprune="unknown" Parent="" Child="$who" Data="" />
          </GraphSearch>
          <AddInterrupt Target="$who" Host="$__object.id" Behavior="&apos;walk&apos;" Priority="15" IgnorePriorityOnPreviousInterrupt="false" urgency="Default" Aliveness="Alive" Privileged="false" />
        </Sequence>
      </Behavior>
    </Root>
    <ForestContainer />
    <EditorData EventSet="">
      <Variables>
        <Variable name="who" comment="" />
      </Variables>
      <ForwardDeclarations />
      <Root hasInputBreakpoint="0" comment="" breakpointFlags="0" saveVersion="2">
        <OutputBreakpoints />
        <Behavior>
          <Sequence hasInputBreakpoint="0" comment="" breakpointFlags="0">
            <OutputBreakpoints />
            <Wait hasInputBreakpoint="0" comment="" breakpointFlags="0">
              <OutputBreakpoints />
            </Wait>
            <GraphSearch hasInputBreakpoint="0" comment="" breakpointFlags="0">
              <OutputBreakpoints />
              <LinkTagFilter hasInputBreakpoint="0" comment="" breakpointFlags="0">
                <OutputBreakpoints />
              </LinkTagFilter>
            </GraphSearch>
            <AddInterrupt hasInputBreakpoint="0" comment="" breakpointFlags="0">
              <OutputBreakpoints />
            </AddInterrupt>
          </Sequence>
        </Behavior>
      </Root>
      <Forest />
      <Comments />
    </EditorData>
  </BehaviorTree>
  <BehaviorTree name="tools_use" is_function="0">
    <Variables>
      <Variable name="item" type="_wuid" values="" isPersistent="0" form="single" />
    </Variables>
    <Root OneTimeOnly="false" FailState="Recoverable" saveVersion="2">
      <Behavior canSkip="1">
        <Sequence>
          <HandContentElement hand="Right" item="$item" allowAny="false" decisionLabel="Label1" useDecision="true" enabled="true" saveVersion="2">
            <Search canSkip="1">
              <ErrorNode Message="&apos;Item must exist from scheduler&apos;" />
            </Search>
            <Exec canSkip="1">
              <WaitAction />
            </Exec>
          </HandContentElement>
          <Wait duration="&apos;20s&apos;" timeType="GameTime" doFail="false" variation="" skipInLOD="false" />
        </Sequence>
      </Behavior>
    </Root>
    <ForestContainer />
    <EditorData EventSet="">
      <Variables>
        <Variable name="item" comment="" />
      </Variables>
      <ForwardDeclarations />
      <Root hasInputBreakpoint="0" comment="" breakpointFlags="0" saveVersion="2">
        <OutputBreakpoints />
        <Behavior>
          <Sequence hasInputBreakpoint="0" comment="" breakpointFlags="0">
            <OutputBreakpoints />
            <HandContentElement hasInputBreakpoint="0" comment="" breakpointFlags="0" saveVersion="2">
              <OutputBreakpoints />
              <Search>
                <ErrorNode hasInputBreakpoint="0" comment="" breakpointFlags="0">
                  <OutputBreakpoints />
                </ErrorNode>
              </Search>
              <Exec>
                <WaitAction hasInputBreakpoint="0" comment="" breakpointFlags="0">
                  <OutputBreakpoints />
                </WaitAction>
              </Exec>
            </HandContentElement>
            <Wait hasInputBreakpoint="0" comment="" breakpointFlags="0">
              <OutputBreakpoints />
            </Wait>
          </Sequence>
        </Behavior>
      </Root>
      <Forest />
      <Comments />
    </EditorData>
  </BehaviorTree>
  <BehaviorTree name="wait_short_action" is_function="0">
    <Variables />
    <Root OneTimeOnly="false" FailState="Recoverable" saveVersion="2">
      <Behavior canSkip="1">
        <Sequence>
          <WaitAction />
          <Wait duration="&apos;2s&apos;" timeType="GameTime" doFail="false" variation="" skipInLOD="false" />
        </Sequence>
      </Behavior>
    </Root>
    <ForestContainer />
    <EditorData EventSet="">
      <Variables />
      <ForwardDeclarations />
      <Root hasInputBreakpoint="0" comment="" breakpointFlags="0" saveVersion="2">
        <OutputBreakpoints />
        <Behavior>
          <Sequence hasInputBreakpoint="0" comment="" breakpointFlags="0">
            <OutputBreakpoints />
            <WaitAction hasInputBreakpoint="0" comment="" breakpointFlags="0">
              <OutputBreakpoints />
            </WaitAction>
            <Wait hasInputBreakpoint="0" comment="" breakpointFlags="0">
              <OutputBreakpoints />
            </Wait>
          </Sequence>
        </Behavior>
      </Root>
      <Forest />
      <Comments />
    </EditorData>
  </BehaviorTree>
</BehaviorTrees>