<?xml version="1.0" encoding="us-ascii"?>
<BehaviorTrees>
	<BehaviorTree name="crime_check_getSearchIterations" is_function="1">
		<Variables />
		<Parameters>
			<Variable name="iterations" type="_int" values="" isPersistent="0" form="single" requirementType="Out" />
		</Parameters>
		<Root OneTimeOnly="false" FailState="Recoverable" saveVersion="2">
			<Behavior canSkip="1">
				<EntityContextCheck context="crime_shortCheck" target="" saveVersion="2">
					<Then canSkip="1">
						<Expression expressions="$iterations = 1" />
					</Then>
					<Else canSkip="1">
						<GenerateRandomInteger lowerBoundary="1" upperBoundary="1" result="$iterations" />
					</Else>
				</EntityContextCheck>
			</Behavior>
		</Root>
		<ForestContainer />
		<EditorData EventSet="">
			<Variables>
				<Variable name="iterations" comment="" />
			</Variables>
			<ForwardDeclarations />
			<Root hasInputBreakpoint="0" comment="" breakpointFlags="0" saveVersion="2">
				<OutputBreakpoints />
				<Behavior>
					<EntityContextCheck hasInputBreakpoint="0" comment="" breakpointFlags="0" saveVersion="2">
						<OutputBreakpoints />
						<Then>
							<Expression hasInputBreakpoint="0" comment="" breakpointFlags="0">
								<OutputBreakpoints />
							</Expression>
						</Then>
						<Else>
							<GenerateRandomInteger hasInputBreakpoint="0" comment="TODO: all are short now, see if it works, revert to 1-3 if not" breakpointFlags="0">
								<OutputBreakpoints />
							</GenerateRandomInteger>
						</Else>
					</EntityContextCheck>
				</Behavior>
			</Root>
			<Forest />
			<Comments />
		</EditorData>
	</BehaviorTree>
</BehaviorTrees>