<?xml version="1.0" encoding="us-ascii"?>
<BehaviorTrees>
	<BehaviorTree name="crime_trespass_playerStayingBark" is_function="1">
		<Variables>
			<Variable name="dialogContext" type="_float" values="" isPersistent="0" form="associative" />
			<Variable name="trespassSeverenessInt" type="_int" values="" isPersistent="0" form="single" />
		</Variables>
		<Parameters>
			<Variable name="counter" type="_int" values="" isPersistent="0" form="single" requirementType="In" />
			<Variable name="trespassSevereness" type="enum:trespassLevel" values="" isPersistent="0" form="single" requirementType="In" />
		</Parameters>
		<Root OneTimeOnly="false" FailState="Recoverable" saveVersion="2">
			<Behavior canSkip="1">
				<Sequence>
					<IfCondition failOnCondition="false" condition="$counter &gt; $data:script_param[&apos;crime_semiTrespassMaxEscalationThreshold&apos;].value &amp; $trespassSevereness == $enum:trespassLevel.semipersonal">
						<Expression expressions="$trespassSevereness = $enum:trespassLevel.personal" />
					</IfCondition>
					<Function_crime_trespassSeverenessToInt trespassSevereness="$trespassSevereness" trespassSeverenessInt="$trespassSeverenessInt" nodeLabel="88880927" />
					<Expression expressions="$dialogContext[&apos;trespassSevereness&apos;] = $trespassSeverenessInt &#10;$dialogContext[&apos;lastWarning&apos;] = $counter == $data:script_param[&apos;crime_trespassEscalationThreshold&apos;].value &#10; &#10;$dialogContext[&apos;severeness_semipublic&apos;] = 0 &#10;$dialogContext[&apos;severeness_semipersonal&apos;] = 1 &#10;$dialogContext[&apos;severeness_personal&apos;] = 2 &#10;$dialogContext[&apos;severeness_prohibited&apos;] = 3" />
					<Function_crime_crimeBark animationApproach="$enum:animationApproach.dontPlayDialogAnimations" canBeDelayed="false" dialogContext="$dialogContext" dramaticBark="false" lookAt="$__player" metarole="&apos;NPC_VYHANI_HRACE_Z_TRESPASSU&apos;" priority="$enum:crime_barkPriority.important" nodeLabel="41038735" />
				</Sequence>
			</Behavior>
		</Root>
		<ForestContainer />
		<EditorData EventSet="">
			<Variables>
				<Variable name="dialogContext" comment="" />
				<Variable name="trespassSeverenessInt" comment="" />
				<Variable name="counter" comment="" />
				<Variable name="trespassSevereness" comment="" />
			</Variables>
			<ForwardDeclarations />
			<Root hasInputBreakpoint="0" comment="" breakpointFlags="0" saveVersion="2">
				<OutputBreakpoints />
				<Behavior>
					<Sequence hasInputBreakpoint="0" comment="" breakpointFlags="0">
						<OutputBreakpoints />
						<IfCondition hasInputBreakpoint="0" comment="when counter exceeds semipublic threshold and player is in semipublic use corresponding personal lvl barks" breakpointFlags="0">
							<OutputBreakpoints />
							<Expression hasInputBreakpoint="0" comment="" breakpointFlags="0">
								<OutputBreakpoints />
							</Expression>
						</IfCondition>
						<Function_crime_trespassSeverenessToInt hasInputBreakpoint="0" comment="" breakpointFlags="0">
							<OutputBreakpoints />
						</Function_crime_trespassSeverenessToInt>
						<Expression hasInputBreakpoint="0" comment="" breakpointFlags="0">
							<OutputBreakpoints />
						</Expression>
						<Function_crime_crimeBark hasInputBreakpoint="0" comment="" breakpointFlags="0">
							<OutputBreakpoints />
						</Function_crime_crimeBark>
					</Sequence>
				</Behavior>
			</Root>
			<Forest />
			<Comments />
		</EditorData>
	</BehaviorTree>
</BehaviorTrees>