<?xml version="1.0" encoding="us-ascii"?>
<BehaviorTrees>
  <BehaviorTree name="default" is_function="0">
    <Variables />
    <Root OneTimeOnly="false" FailState="Recoverable" saveVersion="2">
      <Behavior canSkip="1">
        <Wait duration="&apos;-1&apos;" timeType="GameTime" doFail="false" variation="" skipInLOD="false" />
      </Behavior>
    </Root>
    <ForestContainer />
    <EditorData EventSet="">
      <Variables />
      <ForwardDeclarations />
      <Root editorPosY="10" hasInputBreakpoint="0" comment="" breakpointFlags="0" saveVersion="2">
        <OutputBreakpoints />
        <Behavior>
          <Wait hasInputBreakpoint="0" comment="" breakpointFlags="0">
            <OutputBreakpoints />
          </Wait>
        </Behavior>
      </Root>
      <Forest />
      <Comments />
    </EditorData>
  </BehaviorTree>
</BehaviorTrees>