<?xml version="1.0" encoding="utf-8" ?>
<MessageTypes>

	<MessageType Type="switch:stimulus:aim" SendableByConceptNode ="1" />
	<MessageType Type="switch:stimulus:combat" SendableByConceptNode ="1" />
	<MessageType Type="switch:stimulus:corpse" SendableByConceptNode ="1" />
	<MessageType Type="switch:stimulus:corpseViolation" SendableByConceptNode ="1" />
	<MessageType Type="switch:stimulus:corpseMissing" SendableByConceptNode ="1" />
	<MessageType Type="switch:stimulus:criminal" SendableByConceptNode ="1" />
	<MessageType Type="switch:stimulus:disturbance" SendableByConceptNode ="1" />
	<MessageType Type="switch:stimulus:dramaticBark" SendableByConceptNode ="1" />
	<MessageType Type="switch:stimulus:enemy" SendableByConceptNode ="1" />
	<MessageType Type="switch:stimulus:escalatedTrespass" SendableByConceptNode ="1" />
	<MessageType Type="switch:stimulus:frisk" SendableByConceptNode ="1" />
	<MessageType Type="switch:stimulus:hit" SendableByConceptNode ="1" />
	<MessageType Type="switch:stimulus:information" SendableByConceptNode ="1" />
	<MessageType Type="switch:stimulus:lockpick" SendableByConceptNode ="1" />
	<MessageType Type="switch:stimulus:lyingBody" SendableByConceptNode ="1" />
	<MessageType Type="switch:stimulus:missingNpc" SendableByConceptNode ="1" />
	<MessageType Type="switch:stimulus:murder" SendableByConceptNode ="1" />
	<MessageType Type="switch:stimulus:nonAttributedCrime" SendableByConceptNode ="1" />
	<MessageType Type="switch:stimulus:offence" SendableByConceptNode ="1" />
	<MessageType Type="switch:stimulus:pickpocket" SendableByConceptNode ="1" />
	<MessageType Type="switch:stimulus:shooter" SendableByConceptNode ="1" />
	<MessageType Type="switch:stimulus:sound" SendableByConceptNode ="1" />
	<MessageType Type="switch:stimulus:theft" SendableByConceptNode ="1" />
	<MessageType Type="switch:stimulus:trespass" SendableByConceptNode ="1" />
	<MessageType Type="switch:stimulus:unconsciousBody" SendableByConceptNode ="1" />
	<MessageType Type="switch:stimulus:unknownShooter" SendableByConceptNode ="1" />
	<MessageType Type="switch:stimulus:animalAbuse" SendableByConceptNode ="1" />
	<MessageType Type="switch:stimulus:kettlePoisoning" SendableByConceptNode ="1" />
	<MessageType Type="switch:cancelPerceptionIgnoreRequest" SendableByConceptNode="1" />
	<MessageType Type="kettle:signal:onKettleStateChange" SendableByConceptNode ="1" />
	<MessageType Type="kettle:signal:onFireplacePhaseChange" SendableByConceptNode ="1" />

	<MessageType Type="switch:interruptData:flee" SendableByConceptNode ="1" />
	<MessageType Type="switch:interruptData:mourn" SendableByConceptNode ="1" />	
	<MessageType Type="switch:animal_interruptData:escape" SendableByConceptNode ="1" />
	<MessageType Type="situation:switchGossip" SendableByConceptNode ="1" />

	<MessageType Type="crime:forgetCrimesData" SendableByConceptNode="1" />
	<MessageType Type="crime:produceSound" SendableByConceptNode="1" />

	<MessageType Type="crime:arrestChatFeedback" ImportanceLevel="0" SendableByConceptNode="1" />
	<MessageType Type="crime:selfhelpChatFeedback" ImportanceLevel="0" SendableByConceptNode="1" />
	<MessageType Type="crime:playerSurrenderChatFeedback" ImportanceLevel="0" SendableByConceptNode="1" />
	<MessageType Type="crime:campTrespassChatFeedback" ImportanceLevel="1" SendableByConceptNode="1" />
	<MessageType Type="crime:secondArrestFeedback" ImportanceLevel="1" SendableByConceptNode="1" />
	<MessageType Type="crime:friskCooldownRequest" SendableByConceptNode="1" />

	<MessageType Type="hearingInfo" IsContextRelated="1" />
	<MessageType Type="hitReaction" ImportanceLevel="0" IsContextRelated="1" />
	<MessageType Type="combat:stealthKillResult" ImportanceLevel="0" IsContextRelated="1" />
	<MessageType Type="informationDiff" ImportanceLevel="1" IsContextRelated="1" />
	<MessageType Type="perceptionInfo" IsContextRelated="1" />
	<MessageType Type="hole:digging" ReadableByConceptNode="1" />
	<MessageType Type="smecka" ReadableByConceptNode="1" />
	<MessageType Type="praceNaVinici" ReadableByConceptNode="1" />
	<MessageType Type="combat:duel:combatEvent" ReadableByConceptNode="1" />
	<MessageType Type="combat:openworldSurrender" ImportanceLevel="0" SendableByConceptNode="1" />
	<MessageType Type="combat:playerLeftSurrenderingNPC" ReadableByConceptNode="1" />
	<MessageType Type="dialog:failed" ReadableByConceptNode="1" />
	<MessageType Type="crime:attackInitiatedByConcept" ImportanceLevel="0" SendableByConceptNode="1" />
	<MessageType Type="crime:stopFightByConcept" ImportanceLevel="0" ReadableByConceptNode="1" />
	<MessageType Type="crime:playerFinalSurrender" ImportanceLevel="0" ReadableByConceptNode="1" />
	<MessageType Type="crime:mercyDialogueResult" SendableByConceptNode="1" />
	<MessageType Type="crime:stopCrime" SendableByConceptNode="1" />
	
	<MessageType Type="openWorld:cooldownEvent" SendableByConceptNode="1" />

	<MessageType Type="crime:resolveDialogFeedback" ImportanceLevel="0" SendableByConceptNode="1" />
	<MessageType Type="crime:selfhelp_resolveDialogFeedback" ImportanceLevel="0" SendableByConceptNode="1" />



	<MessageType Type="shootingTargetHitData" ReadableByConceptNode="1" />
	<MessageType Type="dog:objectiveChangeRequest" ReadableByConceptNode="1" />
	<MessageType Type="dog:objectiveChangeRequestSkald" SendableByConceptNode ="1" />
	<MessageType Type="dog:changeOwner" SendableByConceptNode="1" />
	<MessageType Type="bool" SendableByConceptNode="1" />
	<MessageType Type="int" SendableByConceptNode="1" />
	<MessageType Type="event:prepadeniNaCeste:calm" SendableByConceptNode="1" />
	<MessageType Type="event:hlasatel:dialogTrigger" SendableByConceptNode="1" />
	<MessageType Type="switch:rentRoom" SendableByConceptNode="1" />
	<MessageType Type="rentRoomCheckIn" SendableByConceptNode="1" />
	<MessageType Type="rentRoomCheckOut" SendableByConceptNode="1" />
	<MessageType Type="trainingGroundsFightersInfo" SendableByConceptNode="1" />
	<MessageType Type="string" SendableByConceptNode="1" />
	<MessageType Type="horseModule:changeMountable" SendableByConceptNode="1" />
	<MessageType Type="horseModule:selfCleaning" SendableByConceptNode="1" />

	<MessageType Type="archeryContest:start" SendableByConceptNode="1" />
	<MessageType Type="archeryContest:requestNumberOfTargets" SendableByConceptNode="1" />
	<MessageType Type="archeryContest:situation" SendableByConceptNode="1" />
	<MessageType Type="archeryContest:participant" SendableByConceptNode="1" />
	<MessageType Type="archeryContest:referee" SendableByConceptNode="1" />
	<MessageType Type="archeryContest:setupShootingRange" SendableByConceptNode="1" />
	<MessageType Type="archeryContest:autotestResult" SendableByConceptNode="1" />

	<MessageType Type="horseArcheryContest:showHUD" SendableByConceptNode="1" />
	<MessageType Type="horseArcheryContest:updateHUD" SendableByConceptNode="1" />
	<MessageType Type="horseArcheryContest:hideHUD" SendableByConceptNode="1" />	

	<MessageType Type="situation:storyteller:dialogTrigger" SendableByConceptNode="1" />
	<MessageType Type="horseHandler:cleanupAssets" SendableByConceptNode="1" />
	<MessageType Type="kzik:actionRequest" SendableByConceptNode="1" />

	<MessageType Type="player:setPerceptible" SendableByConceptNode="1" />
	<MessageType Type="player:holsterWeapon" SendableByConceptNode="1" />
	<MessageType Type="player:followRequest" SendableByConceptNode="1" />
	<MessageType Type="player:pickUp" SendableByConceptNode="0" ImportanceLevel="0"/>
	<MessageType Type="player:dismountRequest" SendableByConceptNode="1" />
	
	<MessageType Type="BattleBloodDecals" SendableByConceptNode="1" />
	
	<!-- Dice -->
	<MessageType Type="dice:initDialogResult" SendableByConceptNode="1" />
	<MessageType Type="tutorial:pickpocket_tutorial" SendableByConceptNode="1" />

	<MessageType Type="quest:interactorSetActive" SendableByConceptNode="1" />
	
	<!-- quest-->
	<MessageType Type="prepadeni:bark" SendableByConceptNode="1" />
	<MessageType Type="pogrom:joinSkirmish" SendableByConceptNode="1" />

	<!-- clearing items in AI -->
	<MessageType Type="clearItems" SendableByConceptNode="1" />
	
	<!-- clearing items in AI -->
	<MessageType Type="carts:urgentTeleportRequest" SendableByConceptNode="1" />
	<MessageType Type="carts:questChatRequest" SendableByConceptNode="1" />
	<MessageType Type="carts:signal:onPlayerBoardRequest" SendableByConceptNode="1" />

	<!-- Special modules -->
	<MessageType Type="special:cheering:reaction" SendableByConceptNode="1" />
	<MessageType Type="special:cheering:finish" SendableByConceptNode="1" />

</MessageTypes>
