<?xml version="1.0" encoding="us-ascii"?>
<BehaviorTrees>
  <BehaviorTree name="crime_lookAround_getParamsFromMovementType" is_function="1">
    <Variables />
    <Parameters>
      <Variable name="moveParams" type="additionalMoveParams" values="" isPersistent="0" form="single" requirementType="Out" />
      <Variable name="movementType" type="enum:crime_lookAround_movementType" values="" isPersistent="0" form="single" requirementType="In" />
      <Variable name="pathFindingParams" type="pathFindingParams" values="" isPersistent="0" form="single" requirementType="Out" />
      <Variable name="speed" type="enum:movementSpeed" values="" isPersistent="0" form="single" requirementType="Out" />
    </Parameters>
    <Root OneTimeOnly="false" FailState="Recoverable" saveVersion="2">
      <OnInit canSkip="1">
        <Expression expressions="$moveParams.continueWhenHalting = true" />
      </OnInit>
      <Behavior canSkip="1">
        <Switch>
          <IfCondition failOnCondition="false" condition="$movementType == $enum:crime_lookAround_movementType.slow">
            <Expression expressions="$pathFindingParams.usePaths = false &#10;$pathFindingParams.useGeneratedNSO = false &#10; &#10;$speed = $enum:movementSpeed.alertedWalk" />
          </IfCondition>
          <IfCondition failOnCondition="false" condition="$movementType == $enum:crime_lookAround_movementType.fast">
            <Expression expressions="$pathFindingParams.usePaths = false &#10;$pathFindingParams.useGeneratedNSO = false &#10; &#10;$speed = $enum:movementSpeed.fastRun" />
          </IfCondition>
          <IfCondition failOnCondition="false" condition="$movementType == $enum:crime_lookAround_movementType.receiveReport">
            <Expression expressions="$pathFindingParams.usePaths = false &#10;$pathFindingParams.useGeneratedNSO = true &#10; &#10;$moveParams.destChangedThreshold = &apos;200ms&apos; &#10; &#10;$speed = $enum:movementSpeed.run" />
          </IfCondition>
          <DefaultBranch>
            <Expression expressions="$pathFindingParams.usePaths = false &#10;$pathFindingParams.useGeneratedNSO = false &#10; &#10;$speed = $enum:movementSpeed.alertedWalk" />
          </DefaultBranch>
        </Switch>
      </Behavior>
    </Root>
    <ForestContainer />
    <EditorData EventSet="">
      <Variables>
        <Variable name="moveParams" comment="" />
        <Variable name="movementType" comment="" />
        <Variable name="pathFindingParams" comment="" />
        <Variable name="speed" comment="" />
      </Variables>
      <ForwardDeclarations />
      <Root hasInputBreakpoint="0" comment="" breakpointFlags="0" saveVersion="2">
        <OutputBreakpoints />
        <OnInit>
          <Expression hasInputBreakpoint="0" comment="" breakpointFlags="0">
            <OutputBreakpoints />
          </Expression>
        </OnInit>
        <Behavior>
          <Switch hasInputBreakpoint="0" comment="" breakpointFlags="0">
            <OutputBreakpoints />
            <IfCondition hasInputBreakpoint="0" comment="" breakpointFlags="0">
              <OutputBreakpoints />
              <Expression hasInputBreakpoint="0" comment="" breakpointFlags="0">
                <OutputBreakpoints />
              </Expression>
            </IfCondition>
            <IfCondition hasInputBreakpoint="0" comment="" breakpointFlags="0">
              <OutputBreakpoints />
              <Expression hasInputBreakpoint="0" comment="" breakpointFlags="0">
                <OutputBreakpoints />
              </Expression>
            </IfCondition>
            <IfCondition hasInputBreakpoint="0" comment="" breakpointFlags="0">
              <OutputBreakpoints />
              <Expression hasInputBreakpoint="0" comment="" breakpointFlags="0">
                <OutputBreakpoints />
              </Expression>
            </IfCondition>
            <DefaultBranch>
              <Expression hasInputBreakpoint="0" comment="" breakpointFlags="0">
                <OutputBreakpoints />
              </Expression>
            </DefaultBranch>
          </Switch>
        </Behavior>
      </Root>
      <Forest />
      <Comments />
    </EditorData>
  </BehaviorTree>
</BehaviorTrees>