<?xml version="1.0" encoding="us-ascii"?>
<BehaviorTrees>
  <BehaviorTree name="crime_lookAround_isFirstReactorNearby" is_function="1">
    <Variables>
      <Variable name="searchDistance" type="_bool" values="" isPersistent="0" form="single" />
    </Variables>
    <Parameters>
      <Variable name="isFirst" type="_bool" values="true" isPersistent="0" form="single" requirementType="Out" />
      <Variable name="pos" type="vec3" values="" isPersistent="0" form="single" requirementType="ConstReference" />
    </Parameters>
    <Root OneTimeOnly="false" FailState="Recoverable" saveVersion="2">
      <Behavior canSkip="1">
        <AtomicDecorator>
          <SuppressFailure>
            <Sequence>
              <GraphSearch Origin="$__player" Borders="" depth="1" selection="true" SearchPattern="Depth" EdgePruning="&apos;parent,inventory&apos;" AllowedEdges="" SubGraph="" AllowSubtraph="false" includeOrigin="false" excludeOrigin="false" failOnEmpty="true" SetOperationChoice="Intersection|And" errorOnEmpty="false" shortCircuit="false" skipTraversed="true">
                <LinkTagFilter tag="&apos;crime_firstReactorAtPos&apos;" prune="true" negprune="unknown" Parent="" Child="" Data="" />
                <NegationOp Results="true" Advance="true" EndOp="true" saveVersion="2">
                  <Child0 canSkip="1">
                    <WUIDFilter WUID="$this.id" Source="Child" prune="true" negprune="unknown" Parent="" Child="" />
                  </Child0>
                </NegationOp>
                <LinkDataFilter tag="&apos;crime_firstReactorAtPos&apos;" condition="$pos.x - $__link_crime_firstReactorAtPos.x &gt; -5 &amp; &#10;$pos.x - $__link_crime_firstReactorAtPos.x &lt; 5 &amp; &#10;$pos.y - $__link_crime_firstReactorAtPos.y &gt; -5 &amp; &#10;$pos.y - $__link_crime_firstReactorAtPos.y &lt; 5 &amp; &#10;$pos.z - $__link_crime_firstReactorAtPos.z &gt; -5 &amp; &#10;$pos.z - $__link_crime_firstReactorAtPos.z &lt; 5" prune="true" negprune="unknown" Parent="" Child="" Data="" />
              </GraphSearch>
              <Expression expressions="$isFirst = false" />
            </Sequence>
          </SuppressFailure>
        </AtomicDecorator>
      </Behavior>
    </Root>
    <ForestContainer />
    <EditorData EventSet="">
      <Variables>
        <Variable name="searchDistance" comment="" />
        <Variable name="isFirst" comment="" />
        <Variable name="pos" comment="" />
      </Variables>
      <ForwardDeclarations />
      <Root hasInputBreakpoint="0" comment="" breakpointFlags="0" saveVersion="2">
        <OutputBreakpoints />
        <Behavior>
          <AtomicDecorator hasInputBreakpoint="0" comment="" breakpointFlags="0">
            <OutputBreakpoints />
            <SuppressFailure hasInputBreakpoint="0" comment="" breakpointFlags="0">
              <OutputBreakpoints />
              <Sequence hasInputBreakpoint="0" comment="" breakpointFlags="0">
                <OutputBreakpoints />
                <GraphSearch hasInputBreakpoint="0" comment="" breakpointFlags="0">
                  <OutputBreakpoints />
                  <LinkTagFilter hasInputBreakpoint="0" comment="" breakpointFlags="0">
                    <OutputBreakpoints />
                  </LinkTagFilter>
                  <NegationOp hasInputBreakpoint="0" comment="" breakpointFlags="0" saveVersion="2">
                    <OutputBreakpoints />
                    <Child0>
                      <WUIDFilter hasInputBreakpoint="0" comment="" breakpointFlags="0">
                        <OutputBreakpoints />
                      </WUIDFilter>
                    </Child0>
                  </NegationOp>
                  <LinkDataFilter hasInputBreakpoint="0" comment="" breakpointFlags="0">
                    <OutputBreakpoints />
                  </LinkDataFilter>
                </GraphSearch>
                <Expression hasInputBreakpoint="0" comment="" breakpointFlags="0">
                  <OutputBreakpoints />
                </Expression>
              </Sequence>
            </SuppressFailure>
          </AtomicDecorator>
        </Behavior>
      </Root>
      <Forest />
      <Comments />
    </EditorData>
  </BehaviorTree>
</BehaviorTrees>