<?xml version="1.0" encoding="us-ascii"?>
<BehaviorTrees>
  <BehaviorTree name="crime_lookAround_validateOriginPosition" is_function="1">
    <Variables>
      <Variable name="directionVec" type="vec3" values="" isPersistent="0" form="single" />
      <Variable name="distance" type="_float" values="" isPersistent="0" form="single" />
      <Variable name="myPos" type="vec3" values="" isPersistent="0" form="single" />
      <Variable name="queryPos" type="vec3" values="" isPersistent="0" form="single" />
    </Variables>
    <Parameters>
      <Variable name="originPos" type="vec3" values="" isPersistent="0" form="single" requirementType="Reference" />
    </Parameters>
    <Root OneTimeOnly="false" FailState="Recoverable" saveVersion="2">
      <Behavior canSkip="1">
        <IsPointOnNavMesh pos="$originPos" posExtentHor="1.000000" posExtentVert="2.000000" navAgentType="MediumSizedCharacters" saveVersion="2">
          <Then canSkip="1">
            <Success />
          </Then>
          <Else canSkip="1">
            <Sequence>
              <GetSpatialInfo In="$this.id" Out="$myPos" What="Position" />
              <Expression expressions="$queryPos = $originPos &#10;$directionVec.x = $queryPos.x - $myPos.x &#10;$directionVec.y = $queryPos.y - $myPos.y &#10;$directionVec.z = $queryPos.z - $myPos.z" />
              <NormalizeVector vector="$directionVec" />
              <ScaleVector vector="$directionVec" scale="2.000000" />
              <Selector>
                <LoopUntil until="Success" attemptCount="5">
                  <Sequence>
                    <NumericalOperation In1VariableName="queryPos" In2VariableName="myPos" In3VariableName="" OutVariableName="$distance" Operation="distance" />
                    <IfCondition failOnCondition="true" condition="$distance &gt; 2">
                      <Sequence>
                        <Expression expressions="$queryPos.x = $queryPos.x - $directionVec.x &#10;$queryPos.y = $queryPos.y - $directionVec.y &#10;$queryPos.z = $queryPos.z - $directionVec.z" />
                        <GetRandomPos StartPos="$queryPos" PosExtentHor="1.000000" PosExtentVert="20.000000" MaxRange="0.500000" Precise="false" MaxIterantions="1" Target="$originPos" navAgentType="MediumSizedCharacters" pathFindingParams="" />
                      </Sequence>
                    </IfCondition>
                  </Sequence>
                </LoopUntil>
                <Expression expressions="$originPos = $myPos" />
              </Selector>
            </Sequence>
          </Else>
        </IsPointOnNavMesh>
      </Behavior>
    </Root>
    <ForestContainer />
    <EditorData EventSet="">
      <Variables>
        <Variable name="directionVec" comment="" />
        <Variable name="distance" comment="" />
        <Variable name="myPos" comment="" />
        <Variable name="queryPos" comment="" />
        <Variable name="originPos" comment="" />
      </Variables>
      <ForwardDeclarations />
      <Root hasInputBreakpoint="0" comment="" breakpointFlags="0" saveVersion="2">
        <OutputBreakpoints />
        <Behavior>
          <IsPointOnNavMesh hasInputBreakpoint="0" comment="" breakpointFlags="0" saveVersion="2">
            <OutputBreakpoints />
            <Then>
              <Success hasInputBreakpoint="0" comment="" breakpointFlags="0">
                <OutputBreakpoints />
              </Success>
            </Then>
            <Else>
              <Sequence hasInputBreakpoint="0" comment="" breakpointFlags="0">
                <OutputBreakpoints />
                <GetSpatialInfo hasInputBreakpoint="0" comment="" breakpointFlags="0">
                  <OutputBreakpoints />
                </GetSpatialInfo>
                <Expression hasInputBreakpoint="0" comment="" breakpointFlags="0">
                  <OutputBreakpoints />
                </Expression>
                <NormalizeVector hasInputBreakpoint="0" comment="" breakpointFlags="0">
                  <OutputBreakpoints />
                </NormalizeVector>
                <ScaleVector hasInputBreakpoint="0" comment="" breakpointFlags="0">
                  <OutputBreakpoints />
                </ScaleVector>
                <Selector hasInputBreakpoint="0" comment="" breakpointFlags="0">
                  <OutputBreakpoints />
                  <LoopUntil hasInputBreakpoint="0" comment="" breakpointFlags="0">
                    <OutputBreakpoints />
                    <Sequence hasInputBreakpoint="0" comment="" breakpointFlags="0">
                      <OutputBreakpoints />
                      <NumericalOperation hasInputBreakpoint="0" comment="" breakpointFlags="0">
                        <OutputBreakpoints />
                      </NumericalOperation>
                      <IfCondition hasInputBreakpoint="0" comment="" breakpointFlags="0">
                        <OutputBreakpoints />
                        <Sequence hasInputBreakpoint="0" comment="" breakpointFlags="0">
                          <OutputBreakpoints />
                          <Expression hasInputBreakpoint="0" comment="" breakpointFlags="0">
                            <OutputBreakpoints />
                          </Expression>
                          <GetRandomPos hasInputBreakpoint="0" comment="" breakpointFlags="0">
                            <OutputBreakpoints />
                          </GetRandomPos>
                        </Sequence>
                      </IfCondition>
                    </Sequence>
                  </LoopUntil>
                  <Expression hasInputBreakpoint="0" comment="" breakpointFlags="0">
                    <OutputBreakpoints />
                  </Expression>
                </Selector>
              </Sequence>
            </Else>
          </IsPointOnNavMesh>
        </Behavior>
      </Root>
      <Forest />
      <Comments />
    </EditorData>
  </BehaviorTree>
</BehaviorTrees>