<?xml version="1.0" encoding="us-ascii"?>
<BehaviorTrees>
	<BehaviorTree name="switch_addHotEntity" is_function="1">
		<Variables />
		<Parameters>
			<Variable name="data" type="switch:hotEntity" values="" isPersistent="0" form="single" requirementType="ConstReference" />
			<Variable name="entity" type="_wuid" values="" isPersistent="0" form="single" requirementType="In" />
			<Variable name="expiration" type="_int" values="" isPersistent="0" form="single" requirementType="In" />
		</Parameters>
		<Root OneTimeOnly="false" FailState="Recoverable" saveVersion="2">
			<Behavior canSkip="1">
				<Sequence>
					<GetTime TimeType="GameTime" OutVar="$data.timestamp" Delta="" />
					<Expression expressions="$data.expiration = $data.timestamp + ($expiration*1000)" />
					<Selector>
						<GraphSearch Origin="" Borders="" depth="1" selection="true" SearchPattern="Depth" EdgePruning="&apos;parent,inventory&apos;" AllowedEdges="" SubGraph="" AllowSubtraph="false" includeOrigin="false" excludeOrigin="false" failOnEmpty="true" SetOperationChoice="Intersection|And" errorOnEmpty="false" shortCircuit="false" skipTraversed="true">
							<LinkTagFilter tag="&apos;switch_hotEntity&apos;" prune="true" negprune="unknown" Parent="" Child="" Data="" />
							<WUIDFilter WUID="$entity" Source="Child" prune="true" negprune="unknown" Parent="" Child="" />
							<LinkDataFilter tag="&apos;switch_hotEntity&apos;" condition="$__link_switch_hotEntity.reason &gt; data.reason" prune="true" negprune="unknown" Parent="" Child="" Data="" />
						</GraphSearch>
						<AddLink From="$this.id" To="$entity" Tag="&apos;switch_hotEntity&apos;" Data="$data" LinkOpHandleMode="OverWrite" />
					</Selector>
					<CancelPerceptionIgnore PerceptorObject="$this.id" PerceptibleObject="$entity" WasIgnoredAtLeastFor="&apos;0s&apos;" />
				</Sequence>
			</Behavior>
		</Root>
		<ForestContainer />
		<EditorData EventSet="">
			<Variables>
				<Variable name="data" comment="" />
				<Variable name="entity" comment="" />
				<Variable name="expiration" comment="" />
			</Variables>
			<ForwardDeclarations />
			<Root editorPosX="-120" editorPosY="-30" hasInputBreakpoint="0" comment="" breakpointFlags="0" saveVersion="2">
				<OutputBreakpoints />
				<Behavior>
					<Sequence hasInputBreakpoint="0" comment="" breakpointFlags="0">
						<OutputBreakpoints />
						<GetTime hasInputBreakpoint="0" comment="" breakpointFlags="0">
							<OutputBreakpoints />
						</GetTime>
						<Expression hasInputBreakpoint="0" comment="" breakpointFlags="0">
							<OutputBreakpoints />
						</Expression>
						<Selector hasInputBreakpoint="0" comment="" breakpointFlags="0">
							<OutputBreakpoints />
							<GraphSearch hasInputBreakpoint="0" comment="" breakpointFlags="0">
								<OutputBreakpoints />
								<LinkTagFilter hasInputBreakpoint="0" comment="" breakpointFlags="0">
									<OutputBreakpoints />
								</LinkTagFilter>
								<WUIDFilter hasInputBreakpoint="0" comment="" breakpointFlags="0">
									<OutputBreakpoints />
								</WUIDFilter>
								<LinkDataFilter hasInputBreakpoint="0" comment="" breakpointFlags="0">
									<OutputBreakpoints />
								</LinkDataFilter>
							</GraphSearch>
							<AddLink hasInputBreakpoint="0" comment="" breakpointFlags="0">
								<OutputBreakpoints />
							</AddLink>
						</Selector>
						<CancelPerceptionIgnore hasInputBreakpoint="0" comment="" breakpointFlags="0">
							<OutputBreakpoints />
						</CancelPerceptionIgnore>
					</Sequence>
				</Behavior>
			</Root>
			<Forest />
			<Comments />
		</EditorData>
	</BehaviorTree>
</BehaviorTrees>