<?xml version="1.0" encoding="us-ascii"?>
<BehaviorTrees>
	<BehaviorTree name="callInterrupt_checkLyingBody" is_function="1">
		<Variables>
			<Variable name="checkLyingBodyData" type="switch:interruptData:checkLyingBody" values="" isPersistent="0" form="single" />
			<Variable name="information" type="information" values="" isPersistent="0" form="single" />
			<Variable name="mrkev" type="_wuid" values="" isPersistent="0" form="single" />
			<Variable name="priority" type="_int" values="86" isPersistent="0" form="single" />
			<Variable name="shallPass" type="_bool" values="" isPersistent="0" form="single" />
		</Variables>
		<Parameters>
			<Variable name="body" type="_wuid" values="" isPersistent="0" form="single" requirementType="In" />
			<Variable name="ignorePriority" type="_bool" values="" isPersistent="0" form="single" requirementType="In" />
			<Variable name="initiator" type="enum:switch_interruptInitiator" values="$enum:switch_interruptInitiator.unknown" isPersistent="0" form="single" requirementType="In" />
			<Variable name="previousReaction" type="enum:crime_reactionKind" values="$enum:crime_reactionKind.unknown" isPersistent="0" form="single" requirementType="In" />
			<Variable name="source" type="enum:crime_source" values="$enum:crime_source.direct" isPersistent="0" form="single" requirementType="In" />
			<Variable name="stimulusKind" type="enum:crime_stimulusKind" values="$enum:crime_stimulusKind.unknown" isPersistent="0" form="single" requirementType="In" />
		</Parameters>
		<Root OneTimeOnly="false" FailState="Recoverable" saveVersion="2">
			<Behavior canSkip="1">
				<GameContextCheck context="crime_global_suppressBehavioralReaction" saveVersion="2">
					<Else canSkip="1">
						<EntityContextCheck context="crime_suppressBehavioralReaction" target="" saveVersion="2">
							<Else canSkip="1">
								<Sequence>
									<Function_crime_checkReactionPriority priority="$priority" shallPass="$shallPass" nodeLabel="13414008" />
									<IfCondition failOnCondition="false" condition="$ignorePriority | $shallPass">
										<Sequence>
											<Function_crime_getMrkev mrkev="$mrkev" nodeLabel="62059536" />
											<EntityContextCheck context="crime_spawnMissingNpcVolume_behavior" target="$this.id" saveVersion="2">
												<Then canSkip="1">
													<Function_crime_spawnMissingNpcVolume destinationWuid="$body" nodeLabel="61383157" />
												</Then>
											</EntityContextCheck>
											<IfCondition failOnCondition="false" condition="$initiator == $enum:switch_interruptInitiator.switch | &#10;$previousReaction == $enum:crime_reactionKind.unknown">
												<GetReactionKindByContext Target="$this.id" ReactionKind="$previousReaction" />
											</IfCondition>
											<CreateInformationWrapper Label="&apos;motivation&apos;" PerceivedWuid="$this.id" PositionType="positionWuid" PositionVec3="" PositionWuid="$body" Information="$information" />
											<LockDynamicInformationValues Information="$information">
												<SetDynamicInformationValue Information="$information" Tag="&apos;stimulusKind&apos;" Variable="$stimulusKind" Type="" Value="" />
											</LockDynamicInformationValues>
											<Function_crime_limits_reserveReactionLink ffCrimeIcon="false" information="$information" priority="$priority" reactionKind="$enum:crime_reactionKind.checkLyingBody" nodeLabel="75708627" />
											<Expression expressions="$checkLyingBodyData.stimulusKind = $stimulusKind &#10;$checkLyingBodyData.previousReaction = $previousReaction &#10;$checkLyingBodyData.initiatedBy = $initiator &#10;$checkLyingBodyData.information = $information &#10;$checkLyingBodyData.body = $body &#10;$checkLyingBodyData.source = $source" />
											<AddInterrupt_checkLyingBody checkLyingBodyData="$checkLyingBodyData" Target="$this.id" Host="$mrkev" Behavior="&apos;interrupt_checkLyingBody&apos;" Priority="$priority" IgnorePriorityOnPreviousInterrupt="$ignorePriority" urgency="Fast" Aliveness="Alive" Privileged="false" FastForward="false" />
										</Sequence>
									</IfCondition>
								</Sequence>
							</Else>
						</EntityContextCheck>
					</Else>
				</GameContextCheck>
			</Behavior>
		</Root>
		<ForestContainer />
		<EditorData EventSet="">
			<Variables>
				<Variable name="checkLyingBodyData" comment="" />
				<Variable name="information" comment="" />
				<Variable name="mrkev" comment="" />
				<Variable name="priority" comment="" />
				<Variable name="shallPass" comment="" />
				<Variable name="body" comment="" />
				<Variable name="ignorePriority" comment="" />
				<Variable name="initiator" comment="" />
				<Variable name="previousReaction" comment="" />
				<Variable name="source" comment="" />
				<Variable name="stimulusKind" comment="" />
			</Variables>
			<ForwardDeclarations />
			<Root hasInputBreakpoint="0" comment="" breakpointFlags="0" saveVersion="2">
				<OutputBreakpoints />
				<Behavior>
					<GameContextCheck hasInputBreakpoint="0" comment="" breakpointFlags="0" saveVersion="2">
						<OutputBreakpoints />
						<Else>
							<EntityContextCheck hasInputBreakpoint="0" comment="" breakpointFlags="0" saveVersion="2">
								<OutputBreakpoints />
								<Else>
									<Sequence hasInputBreakpoint="0" comment="" breakpointFlags="0">
										<OutputBreakpoints />
										<Function_crime_checkReactionPriority hasInputBreakpoint="0" comment="" breakpointFlags="0">
											<OutputBreakpoints />
										</Function_crime_checkReactionPriority>
										<IfCondition hasInputBreakpoint="0" comment="" breakpointFlags="0">
											<OutputBreakpoints />
											<Sequence hasInputBreakpoint="0" comment="" breakpointFlags="0">
												<OutputBreakpoints />
												<Function_crime_getMrkev hasInputBreakpoint="0" comment="" breakpointFlags="0">
													<OutputBreakpoints />
												</Function_crime_getMrkev>
												<EntityContextCheck hasInputBreakpoint="0" comment="" breakpointFlags="0" saveVersion="2">
													<OutputBreakpoints />
													<Then>
														<Function_crime_spawnMissingNpcVolume hasInputBreakpoint="0" comment="" breakpointFlags="0">
															<OutputBreakpoints />
														</Function_crime_spawnMissingNpcVolume>
													</Then>
												</EntityContextCheck>
												<IfCondition hasInputBreakpoint="0" comment="" breakpointFlags="0">
													<OutputBreakpoints />
													<GetReactionKindByContext hasInputBreakpoint="0" comment="" breakpointFlags="0">
														<OutputBreakpoints />
													</GetReactionKindByContext>
												</IfCondition>
												<CreateInformationWrapper hasInputBreakpoint="0" comment="" breakpointFlags="0">
													<OutputBreakpoints />
												</CreateInformationWrapper>
												<LockDynamicInformationValues hasInputBreakpoint="0" comment="" breakpointFlags="0">
													<OutputBreakpoints />
													<SetDynamicInformationValue hasInputBreakpoint="0" comment="" breakpointFlags="0">
														<OutputBreakpoints />
													</SetDynamicInformationValue>
												</LockDynamicInformationValues>
												<Function_crime_limits_reserveReactionLink hasInputBreakpoint="0" comment="" breakpointFlags="0">
													<OutputBreakpoints />
												</Function_crime_limits_reserveReactionLink>
												<Expression hasInputBreakpoint="0" comment="" breakpointFlags="0">
													<OutputBreakpoints />
												</Expression>
												<AddInterrupt_checkLyingBody hasInputBreakpoint="0" comment="" breakpointFlags="0">
													<OutputBreakpoints />
												</AddInterrupt_checkLyingBody>
											</Sequence>
										</IfCondition>
									</Sequence>
								</Else>
							</EntityContextCheck>
						</Else>
					</GameContextCheck>
				</Behavior>
			</Root>
			<Forest />
			<Comments />
		</EditorData>
	</BehaviorTree>
</BehaviorTrees>