<?xml version="1.0" encoding="us-ascii"?>
<BehaviorTrees>
	<BehaviorTree name="callInterrupt_haulGameMeat" is_function="1">
		<Variables>
			<Variable name="haulGameMeatData" type="switch:interruptData:haulGameMeat" values="" isPersistent="0" form="single" />
			<Variable name="information" type="information" values="" isPersistent="0" form="single" />
			<Variable name="mrkev" type="_wuid" values="" isPersistent="0" form="single" />
			<Variable name="priority" type="_int" values="17" isPersistent="0" form="single" />
			<Variable name="shallPass" type="_bool" values="" isPersistent="0" form="single" />
		</Variables>
		<Parameters>
			<Variable name="corpse" type="_wuid" values="" isPersistent="0" form="single" requirementType="In" />
			<Variable name="ignorePriority" type="_bool" values="" isPersistent="0" form="single" requirementType="In" />
			<Variable name="initiator" type="enum:switch_interruptInitiator" values="" isPersistent="0" form="single" requirementType="In" />
			<Variable name="previousReaction" type="enum:crime_reactionKind" values="" isPersistent="0" form="single" requirementType="In" />
		</Parameters>
		<Root OneTimeOnly="false" FailState="Recoverable" saveVersion="2">
			<Behavior canSkip="1">
				<AtomicDecorator>
					<GameContextCheck context="crime_global_suppressBehavioralReaction" saveVersion="2">
						<Else canSkip="1">
							<EntityContextCheck context="crime_suppressBehavioralReaction" target="" saveVersion="2">
								<Else canSkip="1">
									<Sequence>
										<Function_crime_checkReactionPriority priority="$priority" shallPass="$shallPass" nodeLabel="34441413" />
										<IfCondition failOnCondition="false" condition="$shallPass | $ignorePriority">
											<Sequence>
												<Function_crime_getMrkev mrkev="$mrkev" nodeLabel="71213963" />
												<EntityContextCheck context="crime_spawnMissingNpcVolume_behavior" target="$this.id" saveVersion="2">
													<Then canSkip="1">
														<Function_crime_spawnMissingNpcVolume destinationWuid="$this.id" nodeLabel="58036450" />
													</Then>
												</EntityContextCheck>
												<IfCondition failOnCondition="false" condition="$initiator == $enum:switch_interruptInitiator.switch | &#10;$previousReaction == $enum:crime_reactionKind.unknown">
													<GetReactionKindByContext Target="$this.id" ReactionKind="$previousReaction" />
												</IfCondition>
												<CreateInformationWrapper Label="&apos;motivation&apos;" PerceivedWuid="$this.id" PositionType="positionWuid" PositionVec3="" PositionWuid="$corpse" Information="$information" />
												<LockDynamicInformationValues Information="$information">
													<SetDynamicInformationValue Information="$information" Tag="&apos;stimulusKind&apos;" Variable="" Type="&apos;enum:crime_stimulusKind&apos;" Value="$enum:crime_stimulusKind.animalAbuse" />
												</LockDynamicInformationValues>
												<Function_crime_limits_reserveReactionLink ffCrimeIcon="false" information="$information" priority="$priority" reactionKind="$enum:crime_reactionKind.haulGameMeat" nodeLabel="18597502" />
												<AddLink From="$this.id" To="$corpse" Tag="&apos;crime_haulGameMeatReserved&apos;" Data="" LinkOpHandleMode="OverWrite" />
												<Expression expressions="$haulGameMeatData.stimulusKind = $enum:crime_stimulusKind.animalAbuse &#10;$haulGameMeatData.previousReaction = $previousReaction &#10;$haulGameMeatData.initiatedBy = $initiator &#10;$haulGameMeatData.information = $information &#10;$haulGameMeatData.corpse = $corpse" />
												<AddInterrupt_haulGameMeat haulGameMeatData="$haulGameMeatData" Target="$this.id" Host="$mrkev" Behavior="&apos;interrupt_haulGameMeat&apos;" Priority="$priority" IgnorePriorityOnPreviousInterrupt="$ignorePriority" urgency="Fast" Aliveness="Alive" Privileged="false" FastForward="false" />
											</Sequence>
										</IfCondition>
									</Sequence>
								</Else>
							</EntityContextCheck>
						</Else>
					</GameContextCheck>
				</AtomicDecorator>
			</Behavior>
		</Root>
		<ForestContainer />
		<EditorData EventSet="">
			<Variables>
				<Variable name="haulGameMeatData" comment="" />
				<Variable name="information" comment="" />
				<Variable name="mrkev" comment="" />
				<Variable name="priority" comment="" />
				<Variable name="shallPass" comment="" />
				<Variable name="corpse" comment="" />
				<Variable name="ignorePriority" comment="" />
				<Variable name="initiator" comment="" />
				<Variable name="previousReaction" comment="" />
			</Variables>
			<ForwardDeclarations />
			<Root editorPosX="30" editorPosY="140" hasInputBreakpoint="0" comment="" breakpointFlags="0" saveVersion="2">
				<OutputBreakpoints />
				<Behavior>
					<AtomicDecorator hasInputBreakpoint="0" comment="" breakpointFlags="0">
						<OutputBreakpoints />
						<GameContextCheck hasInputBreakpoint="0" comment="" breakpointFlags="0" saveVersion="2">
							<OutputBreakpoints />
							<Else>
								<EntityContextCheck hasInputBreakpoint="0" comment="" breakpointFlags="0" saveVersion="2">
									<OutputBreakpoints />
									<Else>
										<Sequence hasInputBreakpoint="0" comment="" breakpointFlags="0">
											<OutputBreakpoints />
											<Function_crime_checkReactionPriority hasInputBreakpoint="0" comment="" breakpointFlags="0">
												<OutputBreakpoints />
											</Function_crime_checkReactionPriority>
											<IfCondition hasInputBreakpoint="0" comment="" breakpointFlags="0">
												<OutputBreakpoints />
												<Sequence hasInputBreakpoint="0" comment="" breakpointFlags="0">
													<OutputBreakpoints />
													<Function_crime_getMrkev hasInputBreakpoint="0" comment="" breakpointFlags="0">
														<OutputBreakpoints />
													</Function_crime_getMrkev>
													<EntityContextCheck hasInputBreakpoint="0" comment="" breakpointFlags="0" saveVersion="2">
														<OutputBreakpoints />
														<Then>
															<Function_crime_spawnMissingNpcVolume hasInputBreakpoint="0" comment="" breakpointFlags="0">
																<OutputBreakpoints />
															</Function_crime_spawnMissingNpcVolume>
														</Then>
													</EntityContextCheck>
													<IfCondition hasInputBreakpoint="0" comment="" breakpointFlags="0">
														<OutputBreakpoints />
														<GetReactionKindByContext hasInputBreakpoint="0" comment="" breakpointFlags="0">
															<OutputBreakpoints />
														</GetReactionKindByContext>
													</IfCondition>
													<CreateInformationWrapper hasInputBreakpoint="0" comment="" breakpointFlags="0">
														<OutputBreakpoints />
													</CreateInformationWrapper>
													<LockDynamicInformationValues hasInputBreakpoint="0" comment="" breakpointFlags="0">
														<OutputBreakpoints />
														<SetDynamicInformationValue hasInputBreakpoint="0" comment="" breakpointFlags="0">
															<OutputBreakpoints />
														</SetDynamicInformationValue>
													</LockDynamicInformationValues>
													<Function_crime_limits_reserveReactionLink hasInputBreakpoint="0" comment="" breakpointFlags="0">
														<OutputBreakpoints />
													</Function_crime_limits_reserveReactionLink>
													<AddLink hasInputBreakpoint="0" comment="" breakpointFlags="0">
														<OutputBreakpoints />
													</AddLink>
													<Expression hasInputBreakpoint="0" comment="" breakpointFlags="0">
														<OutputBreakpoints />
													</Expression>
													<AddInterrupt_haulGameMeat hasInputBreakpoint="0" comment="" breakpointFlags="0">
														<OutputBreakpoints />
													</AddInterrupt_haulGameMeat>
												</Sequence>
											</IfCondition>
										</Sequence>
									</Else>
								</EntityContextCheck>
							</Else>
						</GameContextCheck>
					</AtomicDecorator>
				</Behavior>
			</Root>
			<Forest />
			<Comments />
		</EditorData>
	</BehaviorTree>
</BehaviorTrees>