<?xml version="1.0" encoding="us-ascii"?>
<BehaviorTrees>
	<BehaviorTree name="callInterrupt_pickUpItem" is_function="1">
		<Variables>
			<Variable name="information" type="information" values="" isPersistent="0" form="single" />
			<Variable name="mrkev" type="_wuid" values="" isPersistent="0" form="single" />
			<Variable name="pickUpItemData" type="switch:interruptData:pickUpItem" values="" isPersistent="0" form="single" />
			<Variable name="priority" type="_int" values="12" isPersistent="0" form="single" />
			<Variable name="quitLock" type="_string" values="" isPersistent="0" form="single" />
			<Variable name="shallPass" type="_bool" values="" isPersistent="0" form="single" />
		</Variables>
		<Parameters>
			<Variable name="ignorePriority" type="_bool" values="false" isPersistent="0" form="single" requirementType="In" />
			<Variable name="initiator" type="enum:switch_interruptInitiator" values="$enum:switch_interruptInitiator.unknown" isPersistent="0" form="single" requirementType="In" />
			<Variable name="item" type="_wuid" values="" isPersistent="0" form="single" requirementType="In" />
			<Variable name="previousReaction" type="enum:crime_reactionKind" values="$enum:crime_reactionKind.unknown" isPersistent="0" form="single" requirementType="In" />
			<Variable name="source" type="enum:crime_source" values="$enum:crime_source.direct" isPersistent="0" form="single" requirementType="In" />
			<Variable name="stimulusKind" type="enum:crime_stimulusKind" values="" isPersistent="0" form="single" requirementType="In" />
		</Parameters>
		<Root OneTimeOnly="false" FailState="Recoverable" saveVersion="2">
			<Behavior canSkip="1">
				<AtomicDecorator>
					<GameContextCheck context="crime_global_suppressBehavioralReaction" saveVersion="2">
						<Else canSkip="1">
							<EntityContextCheck context="crime_suppressBehavioralReaction" target="" saveVersion="2">
								<Else canSkip="1">
									<Sequence>
										<Function_crime_getMrkev mrkev="$mrkev" nodeLabel="41141992" />
										<Function_crime_checkReactionPriority priority="$priority" shallPass="$shallPass" nodeLabel="81563787" />
										<IfCondition failOnCondition="false" condition="$shallPass | $ignorePriority">
											<Sequence>
												<CreateInformationWrapper Label="&apos;motivation&apos;" PerceivedWuid="$this.id" PositionType="positionWuid" PositionVec3="" PositionWuid="$item" Information="$information" />
												<Expression expressions="$pickUpItemData.initiatedBy = $initiator &#10;$pickUpItemData.previousReaction = $previousReaction &#10;$pickUpItemData.stimulusKind = $stimulusKind &#10;$pickUpItemData.source = $source &#10;$pickUpItemData.item = $item &#10;$pickUpItemData.information = $information" />
												<LockDynamicInformationValues Information="$information">
													<SetDynamicInformationValue Information="$information" Tag="&apos;stimulusKind&apos;" Variable="" Type="&apos;enum:crime_stimulusKind&apos;" Value="$enum:crime_stimulusKind.item" />
												</LockDynamicInformationValues>
												<Function_crime_limits_reserveReactionLink ffCrimeIcon="false" information="$information" priority="$priority" reactionKind="$enum:crime_reactionKind.pickUpItem" nodeLabel="50664833" />
												<AddLink From="$this.id" To="$pickUpItemData.item" Tag="&apos;crime_pickUpItemReserved&apos;" Data="" LinkOpHandleMode="OverWrite" />
												<Sequence>
													<Concatenation OutString="$quitLock" Pattern="&apos;pickupitem_$item;&apos;" />
													<SetExternalLock LockManagerType="Global" Locked="true" LockName="&apos;$quitLock&apos;" />
												</Sequence>
												<AddInterrupt_pickUpItem pickUpItemData="$pickUpItemData" Target="$this.id" Host="$mrkev" Behavior="&apos;interrupt_pickUpItem&apos;" Priority="$priority" IgnorePriorityOnPreviousInterrupt="$ignorePriority" urgency="Fast" Aliveness="Alive" Privileged="false" FastForward="false" />
											</Sequence>
										</IfCondition>
									</Sequence>
								</Else>
							</EntityContextCheck>
						</Else>
					</GameContextCheck>
				</AtomicDecorator>
			</Behavior>
		</Root>
		<ForestContainer />
		<EditorData EventSet="">
			<Variables>
				<Variable name="information" comment="" />
				<Variable name="mrkev" comment="" />
				<Variable name="pickUpItemData" comment="" />
				<Variable name="priority" comment="" />
				<Variable name="quitLock" comment="" />
				<Variable name="shallPass" comment="" />
				<Variable name="ignorePriority" comment="" />
				<Variable name="initiator" comment="" />
				<Variable name="item" comment="" />
				<Variable name="previousReaction" comment="" />
				<Variable name="source" comment="" />
				<Variable name="stimulusKind" comment="" />
			</Variables>
			<ForwardDeclarations />
			<Root hasInputBreakpoint="0" comment="" breakpointFlags="0" saveVersion="2">
				<OutputBreakpoints />
				<Behavior>
					<AtomicDecorator hasInputBreakpoint="0" comment="" breakpointFlags="0">
						<OutputBreakpoints />
						<GameContextCheck hasInputBreakpoint="0" comment="" breakpointFlags="0" saveVersion="2">
							<OutputBreakpoints />
							<Else>
								<EntityContextCheck hasInputBreakpoint="0" comment="" breakpointFlags="0" saveVersion="2">
									<OutputBreakpoints />
									<Else>
										<Sequence hasInputBreakpoint="0" comment="" breakpointFlags="0">
											<OutputBreakpoints />
											<Function_crime_getMrkev hasInputBreakpoint="0" comment="" breakpointFlags="0">
												<OutputBreakpoints />
											</Function_crime_getMrkev>
											<Function_crime_checkReactionPriority hasInputBreakpoint="0" comment="" breakpointFlags="0">
												<OutputBreakpoints />
											</Function_crime_checkReactionPriority>
											<IfCondition hasInputBreakpoint="0" comment="" breakpointFlags="0">
												<OutputBreakpoints />
												<Sequence hasInputBreakpoint="0" comment="" breakpointFlags="0">
													<OutputBreakpoints />
													<CreateInformationWrapper hasInputBreakpoint="0" comment="" breakpointFlags="0">
														<OutputBreakpoints />
													</CreateInformationWrapper>
													<Expression hasInputBreakpoint="0" comment="" breakpointFlags="0">
														<OutputBreakpoints />
													</Expression>
													<LockDynamicInformationValues hasInputBreakpoint="0" comment="" breakpointFlags="0">
														<OutputBreakpoints />
														<SetDynamicInformationValue hasInputBreakpoint="0" comment="" breakpointFlags="0">
															<OutputBreakpoints />
														</SetDynamicInformationValue>
													</LockDynamicInformationValues>
													<Function_crime_limits_reserveReactionLink hasInputBreakpoint="0" comment="" breakpointFlags="0">
														<OutputBreakpoints />
													</Function_crime_limits_reserveReactionLink>
													<AddLink hasInputBreakpoint="0" comment="" breakpointFlags="0">
														<OutputBreakpoints />
													</AddLink>
													<Sequence hasInputBreakpoint="0" comment="" breakpointFlags="0">
														<OutputBreakpoints />
														<Concatenation hasInputBreakpoint="0" comment="" breakpointFlags="0">
															<OutputBreakpoints />
														</Concatenation>
														<SetExternalLock hasInputBreakpoint="0" comment="" breakpointFlags="0">
															<OutputBreakpoints />
														</SetExternalLock>
													</Sequence>
													<AddInterrupt_pickUpItem hasInputBreakpoint="0" comment="" breakpointFlags="0">
														<OutputBreakpoints />
													</AddInterrupt_pickUpItem>
												</Sequence>
											</IfCondition>
										</Sequence>
									</Else>
								</EntityContextCheck>
							</Else>
						</GameContextCheck>
					</AtomicDecorator>
				</Behavior>
			</Root>
			<Forest />
			<Comments />
		</EditorData>
	</BehaviorTree>
</BehaviorTrees>