<?xml version="1.0" encoding="us-ascii"?>
<BehaviorTrees>
	<BehaviorTree name="callInterrupt_checkProperty" is_function="1">
		<Variables>
			<Variable name="checkPropertyData" type="switch:interruptData:checkProperty" values="" isPersistent="0" form="single" />
			<Variable name="information" type="information" values="" isPersistent="0" form="single" />
			<Variable name="mrkev" type="_wuid" values="" isPersistent="0" form="single" />
			<Variable name="priority" type="_int" values="22" isPersistent="0" form="single" />
			<Variable name="shallPass" type="_bool" values="" isPersistent="0" form="single" />
			<Variable name="urgency" type="enum:urgency" values="$enum:urgency.fast" isPersistent="0" form="single" />
		</Variables>
		<Parameters>
			<Variable name="home" type="_wuid" values="" isPersistent="0" form="single" requirementType="In" />
			<Variable name="ignorePriority" type="_bool" values="" isPersistent="0" form="single" requirementType="In" />
			<Variable name="initiator" type="enum:switch_interruptInitiator" values="$enum:switch_interruptInitiator.unknown" isPersistent="0" form="single" requirementType="In" />
			<Variable name="missingNpc" type="_wuid" values="" isPersistent="0" form="single" requirementType="In" optional="1" />
			<Variable name="previousReaction" type="enum:crime_reactionKind" values="$enum:crime_reactionKind.unknown" isPersistent="0" form="single" requirementType="In" />
			<Variable name="stimulusKind" type="enum:crime_stimulusKind" values="" isPersistent="0" form="single" requirementType="In" />
			<Variable name="suspiciousDoor" type="_wuid" values="" isPersistent="0" form="single" requirementType="In" optional="1" />
			<Variable name="suspiciousDoorFreshlyOpened" type="_bool" values="" isPersistent="0" form="single" requirementType="In" />
		</Parameters>
		<Root OneTimeOnly="false" FailState="Recoverable" saveVersion="2">
			<Behavior canSkip="1">
				<GameContextCheck context="crime_global_suppressBehavioralReaction" saveVersion="2">
					<Else canSkip="1">
						<EntityContextCheck context="crime_suppressBehavioralReaction" target="" saveVersion="2">
							<Else canSkip="1">
								<Sequence>
									<Function_crime_checkReactionPriority priority="$priority" shallPass="$shallPass" nodeLabel="98751096" />
									<IfCondition failOnCondition="false" condition="$shallPass | $ignorePriority">
										<Sequence>
											<EntityContextCheck context="crime_spawnMissingNpcVolume_behavior" target="$this.id" saveVersion="2">
												<Then canSkip="1">
													<Function_crime_spawnMissingNpcVolume destinationWuid="$this.id" nodeLabel="81269852" />
												</Then>
											</EntityContextCheck>
											<Function_crime_getMrkev mrkev="$mrkev" nodeLabel="94007220" />
											<IfCondition failOnCondition="false" condition="$initiator == $enum:switch_interruptInitiator.switch | &#10;$previousReaction == $enum:crime_reactionKind.unknown">
												<GetReactionKindByContext Target="$this.id" ReactionKind="$previousReaction" />
											</IfCondition>
											<Sequence>
												<CreateInformationWrapper Label="&apos;motivation&apos;" PerceivedWuid="$this.id" PositionType="positionWuid" PositionVec3="" PositionWuid="$home" Information="$information" />
												<LockDynamicInformationValues Information="$information">
													<SetDynamicInformationValue Information="$information" Tag="&apos;stimulusKind&apos;" Variable="$stimulusKind" Type="" Value="" />
												</LockDynamicInformationValues>
											</Sequence>
											<Function_crime_limits_reserveReactionLink ffCrimeIcon="false" information="$information" priority="$priority" reactionKind="$enum:crime_reactionKind.checkProperty" nodeLabel="88989376" />
											<Expression expressions="$checkPropertyData.stimulusKind = $stimulusKind &#10;$checkPropertyData.previousReaction = $previousReaction &#10;$checkPropertyData.initiatedBy = $initiator &#10;$checkPropertyData.information = $information &#10;$checkPropertyData.home = $home &#10;$checkPropertyData.suspiciousDoor = $suspiciousDoor &#10;$checkPropertyData.missingNpc = $missingNpc &#10;$checkPropertyData.suspiciousDoorFreshlyOpened = $suspiciousDoorFreshlyOpened" />
											<IfCondition failOnCondition="false" condition="$stimulusKind == $enum:crime_stimulusKind.missingNpc">
												<Expression expressions="$urgency = $enum:urgency.slow" />
											</IfCondition>
											<AddInterrupt_checkProperty checkPropertyData="$checkPropertyData" Target="$this.id" Host="$mrkev" Behavior="&apos;interrupt_checkProperty&apos;" Priority="$priority" IgnorePriorityOnPreviousInterrupt="$ignorePriority" urgency="$urgency" Aliveness="Alive" Privileged="false" FastForward="false" />
										</Sequence>
									</IfCondition>
								</Sequence>
							</Else>
						</EntityContextCheck>
					</Else>
				</GameContextCheck>
			</Behavior>
		</Root>
		<ForestContainer />
		<EditorData EventSet="">
			<Variables>
				<Variable name="checkPropertyData" comment="" />
				<Variable name="information" comment="" />
				<Variable name="mrkev" comment="" />
				<Variable name="priority" comment="" />
				<Variable name="shallPass" comment="" />
				<Variable name="urgency" comment="" />
				<Variable name="home" comment="" />
				<Variable name="ignorePriority" comment="" />
				<Variable name="initiator" comment="" />
				<Variable name="missingNpc" comment="" />
				<Variable name="previousReaction" comment="" />
				<Variable name="stimulusKind" comment="" />
				<Variable name="suspiciousDoor" comment="" />
				<Variable name="suspiciousDoorFreshlyOpened" comment="" />
			</Variables>
			<ForwardDeclarations />
			<Root hasInputBreakpoint="0" comment="" breakpointFlags="0" saveVersion="2">
				<OutputBreakpoints />
				<Behavior>
					<GameContextCheck hasInputBreakpoint="0" comment="" breakpointFlags="0" saveVersion="2">
						<OutputBreakpoints />
						<Else>
							<EntityContextCheck hasInputBreakpoint="0" comment="" breakpointFlags="0" saveVersion="2">
								<OutputBreakpoints />
								<Else>
									<Sequence hasInputBreakpoint="0" comment="" breakpointFlags="0">
										<OutputBreakpoints />
										<Function_crime_checkReactionPriority hasInputBreakpoint="0" comment="" breakpointFlags="0">
											<OutputBreakpoints />
										</Function_crime_checkReactionPriority>
										<IfCondition hasInputBreakpoint="0" comment="" breakpointFlags="0">
											<OutputBreakpoints />
											<Sequence hasInputBreakpoint="0" comment="" breakpointFlags="0">
												<OutputBreakpoints />
												<EntityContextCheck hasInputBreakpoint="0" comment="" breakpointFlags="0" saveVersion="2">
													<OutputBreakpoints />
													<Then>
														<Function_crime_spawnMissingNpcVolume hasInputBreakpoint="0" comment="" breakpointFlags="0">
															<OutputBreakpoints />
														</Function_crime_spawnMissingNpcVolume>
													</Then>
												</EntityContextCheck>
												<Function_crime_getMrkev hasInputBreakpoint="0" comment="" breakpointFlags="0">
													<OutputBreakpoints />
												</Function_crime_getMrkev>
												<IfCondition hasInputBreakpoint="0" comment="" breakpointFlags="0">
													<OutputBreakpoints />
													<GetReactionKindByContext hasInputBreakpoint="0" comment="" breakpointFlags="0">
														<OutputBreakpoints />
													</GetReactionKindByContext>
												</IfCondition>
												<Sequence hasInputBreakpoint="0" comment="" breakpointFlags="0">
													<OutputBreakpoints />
													<CreateInformationWrapper hasInputBreakpoint="0" comment="" breakpointFlags="0">
														<OutputBreakpoints />
													</CreateInformationWrapper>
													<LockDynamicInformationValues hasInputBreakpoint="0" comment="" breakpointFlags="0">
														<OutputBreakpoints />
														<SetDynamicInformationValue hasInputBreakpoint="0" comment="" breakpointFlags="0">
															<OutputBreakpoints />
														</SetDynamicInformationValue>
													</LockDynamicInformationValues>
												</Sequence>
												<Function_crime_limits_reserveReactionLink hasInputBreakpoint="0" comment="" breakpointFlags="0">
													<OutputBreakpoints />
												</Function_crime_limits_reserveReactionLink>
												<Expression hasInputBreakpoint="0" comment="" breakpointFlags="0">
													<OutputBreakpoints />
												</Expression>
												<IfCondition hasInputBreakpoint="0" comment="" breakpointFlags="0">
													<OutputBreakpoints />
													<Expression hasInputBreakpoint="0" comment="" breakpointFlags="0">
														<OutputBreakpoints />
													</Expression>
												</IfCondition>
												<AddInterrupt_checkProperty hasInputBreakpoint="0" comment="" breakpointFlags="0">
													<OutputBreakpoints />
												</AddInterrupt_checkProperty>
											</Sequence>
										</IfCondition>
									</Sequence>
								</Else>
							</EntityContextCheck>
						</Else>
					</GameContextCheck>
				</Behavior>
			</Root>
			<Forest />
			<Comments />
		</EditorData>
	</BehaviorTree>
</BehaviorTrees>