<?xml version="1.0" encoding="us-ascii"?>
<BehaviorTrees>
	<BehaviorTree name="callInterrupt_teleport" is_function="1">
		<Variables>
			<Variable name="mrkev" type="_wuid" values="" isPersistent="0" form="single" />
		</Variables>
		<Parameters>
			<Variable name="positionVec3" type="vec3" values="" isPersistent="0" form="single" requirementType="In" optional="1" />
			<Variable name="positionWuid" type="_wuid" values="" isPersistent="0" form="single" requirementType="In" optional="1" />
			<Variable name="useWuidPosition" type="_bool" values="false" isPersistent="0" form="single" requirementType="In" />
		</Parameters>
		<Root OneTimeOnly="false" FailState="Recoverable" saveVersion="2">
			<Behavior canSkip="1">
				<AtomicDecorator>
					<EntityContextCheck context="crime_suppressBehavioralReaction" target="" saveVersion="2">
						<Else canSkip="1">
							<Sequence>
								<Function_crime_getMrkev mrkev="$mrkev" nodeLabel="10302425" />
								<AddInterrupt_interrupt_teleport positionVec3="$positionVec3" positionWuid="$positionWuid" useWuidPosition="$useWuidPosition" Target="$this.id" Host="$mrkev" Behavior="&apos;interrupt_teleport&apos;" Priority="255" IgnorePriorityOnPreviousInterrupt="false" urgency="Instant" Aliveness="Any" Privileged="false" FastForward="false" />
							</Sequence>
						</Else>
					</EntityContextCheck>
				</AtomicDecorator>
			</Behavior>
		</Root>
		<ForestContainer />
		<EditorData EventSet="">
			<Variables>
				<Variable name="mrkev" comment="" />
				<Variable name="positionVec3" comment="" />
				<Variable name="positionWuid" comment="" />
				<Variable name="useWuidPosition" comment="" />
			</Variables>
			<ForwardDeclarations />
			<Root hasInputBreakpoint="0" comment="" breakpointFlags="0" saveVersion="2">
				<OutputBreakpoints />
				<Behavior>
					<AtomicDecorator hasInputBreakpoint="0" comment="" breakpointFlags="0">
						<OutputBreakpoints />
						<EntityContextCheck hasInputBreakpoint="0" comment="" breakpointFlags="0" saveVersion="2">
							<OutputBreakpoints />
							<Else>
								<Sequence hasInputBreakpoint="0" comment="" breakpointFlags="0">
									<OutputBreakpoints />
									<Function_crime_getMrkev hasInputBreakpoint="0" comment="" breakpointFlags="0">
										<OutputBreakpoints />
									</Function_crime_getMrkev>
									<AddInterrupt_interrupt_teleport hasInputBreakpoint="0" comment="" breakpointFlags="0">
										<OutputBreakpoints />
									</AddInterrupt_interrupt_teleport>
								</Sequence>
							</Else>
						</EntityContextCheck>
					</AtomicDecorator>
				</Behavior>
			</Root>
			<Forest />
			<Comments />
		</EditorData>
	</BehaviorTree>
</BehaviorTrees>