<?xml version="1.0" encoding="us-ascii"?>
<BehaviorTrees>
	<BehaviorTree name="callInterrupt_mercy" is_function="1">
		<Variables>
			<Variable name="mercyData" type="switch:interruptData:mercy" values="" isPersistent="0" form="single" />
			<Variable name="mrkev" type="_wuid" values="" isPersistent="0" form="single" />
			<Variable name="priority" type="_int" values="160" isPersistent="0" form="single" />
			<Variable name="shallPass" type="_bool" values="" isPersistent="0" form="single" />
		</Variables>
		<Parameters>
			<Variable name="ignorePriority" type="_bool" values="false" isPersistent="0" form="single" requirementType="In" />
			<Variable name="information" type="information" values="" isPersistent="0" form="single" requirementType="In" optional="1" />
			<Variable name="initiator" type="enum:switch_interruptInitiator" values="$enum:switch_interruptInitiator.unknown" isPersistent="0" form="single" requirementType="In" />
			<Variable name="isIndifferent" type="_bool" values="" isPersistent="0" form="single" requirementType="In" />
			<Variable name="previousReaction" type="enum:crime_reactionKind" values="$enum:crime_reactionKind.unknown" isPersistent="0" form="single" requirementType="In" />
			<Variable name="source" type="enum:crime_source" values="$enum:crime_source.personal" isPersistent="0" form="single" requirementType="In" />
			<Variable name="stimulusKind" type="enum:crime_stimulusKind" values="" isPersistent="0" form="single" requirementType="In" />
		</Parameters>
		<Root OneTimeOnly="false" FailState="Recoverable" saveVersion="2">
			<Behavior canSkip="1">
				<AtomicDecorator>
					<GameContextCheck context="crime_global_suppressBehavioralReaction" saveVersion="2">
						<Else canSkip="1">
							<EntityContextCheck context="crime_suppressBehavioralReaction" target="" saveVersion="2">
								<Else canSkip="1">
									<Sequence>
										<Function_crime_checkReactionPriority priority="$priority" shallPass="$shallPass" nodeLabel="41112297" />
										<IfCondition failOnCondition="false" condition="$shallPass | $ignorePriority">
											<Sequence>
												<Function_crime_getMrkev mrkev="$mrkev" nodeLabel="58326483" />
												<IfCondition failOnCondition="false" condition="$initiator == $enum:switch_interruptInitiator.switch | &#10;$previousReaction == $enum:crime_reactionKind.unknown">
													<GetReactionKindByContext Target="$this.id" ReactionKind="$previousReaction" />
												</IfCondition>
												<IfCondition failOnCondition="false" condition="$information.label == &apos;&apos;">
													<Sequence>
														<CreateInformationWrapper Label="&apos;motivation&apos;" PerceivedWuid="$this.id" PositionType="perceivedWuid" PositionVec3="" PositionWuid="" Information="$information" />
														<LockDynamicInformationValues Information="$information">
															<SetDynamicInformationValue Information="$information" Tag="&apos;stimulusKind&apos;" Variable="$stimulusKind" Type="" Value="" />
														</LockDynamicInformationValues>
													</Sequence>
												</IfCondition>
												<Function_crime_limits_reserveReactionLink ffCrimeIcon="false" information="$information" priority="$priority" reactionKind="$enum:crime_reactionKind.mercy" nodeLabel="38695766" />
												<Expression expressions="$mercyData.stimulusKind = $stimulusKind &#10;$mercyData.previousReaction = $previousReaction &#10;$mercyData.initiatedBy = $initiator &#10;$mercyData.information = $information &#10;$mercyData.source = $source &#10;$mercyData.isIndifferent = $isIndifferent" />
												<AddInterrupt_mercy mercyData="$mercyData" Target="$this.id" Host="$mrkev" Behavior="&apos;interrupt_mercy&apos;" Priority="$priority" IgnorePriorityOnPreviousInterrupt="$ignorePriority" urgency="Fast" Aliveness="Alive" Privileged="false" FastForward="false" />
											</Sequence>
										</IfCondition>
									</Sequence>
								</Else>
							</EntityContextCheck>
						</Else>
					</GameContextCheck>
				</AtomicDecorator>
			</Behavior>
		</Root>
		<ForestContainer />
		<EditorData EventSet="">
			<Variables>
				<Variable name="mercyData" comment="" />
				<Variable name="mrkev" comment="" />
				<Variable name="priority" comment="" />
				<Variable name="shallPass" comment="" />
				<Variable name="ignorePriority" comment="" />
				<Variable name="information" comment="" />
				<Variable name="initiator" comment="" />
				<Variable name="isIndifferent" comment="" />
				<Variable name="previousReaction" comment="" />
				<Variable name="source" comment="" />
				<Variable name="stimulusKind" comment="" />
			</Variables>
			<ForwardDeclarations />
			<Root hasInputBreakpoint="0" comment="" breakpointFlags="0" saveVersion="2">
				<OutputBreakpoints />
				<Behavior>
					<AtomicDecorator hasInputBreakpoint="0" comment="" breakpointFlags="0">
						<OutputBreakpoints />
						<GameContextCheck hasInputBreakpoint="0" comment="" breakpointFlags="0" saveVersion="2">
							<OutputBreakpoints />
							<Else>
								<EntityContextCheck hasInputBreakpoint="0" comment="" breakpointFlags="0" saveVersion="2">
									<OutputBreakpoints />
									<Else>
										<Sequence hasInputBreakpoint="0" comment="" breakpointFlags="0">
											<OutputBreakpoints />
											<Function_crime_checkReactionPriority hasInputBreakpoint="0" comment="" breakpointFlags="0">
												<OutputBreakpoints />
											</Function_crime_checkReactionPriority>
											<IfCondition hasInputBreakpoint="0" comment="" breakpointFlags="0">
												<OutputBreakpoints />
												<Sequence hasInputBreakpoint="0" comment="" breakpointFlags="0">
													<OutputBreakpoints />
													<Function_crime_getMrkev hasInputBreakpoint="0" comment="" breakpointFlags="0">
														<OutputBreakpoints />
													</Function_crime_getMrkev>
													<IfCondition hasInputBreakpoint="0" comment="" breakpointFlags="0">
														<OutputBreakpoints />
														<GetReactionKindByContext hasInputBreakpoint="0" comment="" breakpointFlags="0">
															<OutputBreakpoints />
														</GetReactionKindByContext>
													</IfCondition>
													<IfCondition hasInputBreakpoint="0" comment="" breakpointFlags="0">
														<OutputBreakpoints />
														<Sequence hasInputBreakpoint="0" comment="" breakpointFlags="0">
															<OutputBreakpoints />
															<CreateInformationWrapper hasInputBreakpoint="0" comment="" breakpointFlags="0">
																<OutputBreakpoints />
															</CreateInformationWrapper>
															<LockDynamicInformationValues hasInputBreakpoint="0" comment="" breakpointFlags="0">
																<OutputBreakpoints />
																<SetDynamicInformationValue hasInputBreakpoint="0" comment="" breakpointFlags="0">
																	<OutputBreakpoints />
																</SetDynamicInformationValue>
															</LockDynamicInformationValues>
														</Sequence>
													</IfCondition>
													<Function_crime_limits_reserveReactionLink hasInputBreakpoint="0" comment="" breakpointFlags="0">
														<OutputBreakpoints />
													</Function_crime_limits_reserveReactionLink>
													<Expression hasInputBreakpoint="0" comment="" breakpointFlags="0">
														<OutputBreakpoints />
													</Expression>
													<AddInterrupt_mercy hasInputBreakpoint="0" comment="" breakpointFlags="0">
														<OutputBreakpoints />
													</AddInterrupt_mercy>
												</Sequence>
											</IfCondition>
										</Sequence>
									</Else>
								</EntityContextCheck>
							</Else>
						</GameContextCheck>
					</AtomicDecorator>
				</Behavior>
			</Root>
			<Forest />
			<Comments />
		</EditorData>
	</BehaviorTree>
</BehaviorTrees>