<?xml version="1.0" encoding="us-ascii"?>
<BehaviorTrees>
	<BehaviorTree name="callInterrupt_mlodPeek" is_function="1">
		<Variables>
			<Variable name="mlodPeekData" type="switch:interruptData:mlodPeek" values="" isPersistent="0" form="single" />
			<Variable name="mrkev" type="_wuid" values="" isPersistent="0" form="single" />
			<Variable name="priority" type="_int" values="10" isPersistent="0" form="single" />
			<Variable name="shallPass" type="_bool" values="" isPersistent="0" form="single" />
		</Variables>
		<Parameters>
			<Variable name="ignorePriority" type="_bool" values="" isPersistent="0" form="single" requirementType="In" />
			<Variable name="stimulusKind" type="enum:crime_stimulusKind" values="$enum:crime_stimulusKind.unknown" isPersistent="0" form="single" requirementType="In" />
			<Variable name="target" type="_wuid" values="" isPersistent="0" form="single" requirementType="In" />
		</Parameters>
		<Root OneTimeOnly="false" FailState="Recoverable" saveVersion="2">
			<Behavior canSkip="1">
				<AtomicDecorator>
					<GameContextCheck context="crime_global_suppressBehavioralReaction" saveVersion="2">
						<Else canSkip="1">
							<EntityContextCheck context="crime_suppressBehavioralReaction" target="" saveVersion="2">
								<Else canSkip="1">
									<Sequence>
										<Function_crime_checkReactionPriority priority="$priority" shallPass="$shallPass" nodeLabel="42904791" />
										<IfCondition failOnCondition="false" condition="$shallPass | $ignorePriority">
											<Sequence>
												<Function_crime_getMrkev mrkev="$mrkev" nodeLabel="31304431" />
												<EntityContextCheck context="crime_spawnMissingNpcVolume_behavior" target="$this.id" saveVersion="2">
													<Then canSkip="1">
														<Function_crime_spawnMissingNpcVolume destinationWuid="$__player" nodeLabel="18017269" />
													</Then>
												</EntityContextCheck>
												<Expression expressions="$mlodPeekData.initiatedBy = $enum:switch_interruptInitiator.switch &#10;$mlodPeekData.previousReaction = $enum:crime_reactionKind.unknown &#10;$mlodPeekData.stimulusKind = $stimulusKind &#10;$mlodPeekData.source = $enum:crime_source.direct &#10;$mlodPeekData.target = $target" />
												<AddInterrupt_mlodPeek mlodPeekData="$mlodPeekData" Target="$this.id" Host="$mrkev" Behavior="&apos;interrupt_mlodPeek&apos;" Priority="$priority" IgnorePriorityOnPreviousInterrupt="$ignorePriority" urgency="Fast" Aliveness="Alive" Privileged="false" FastForward="false" />
											</Sequence>
										</IfCondition>
									</Sequence>
								</Else>
							</EntityContextCheck>
						</Else>
					</GameContextCheck>
				</AtomicDecorator>
			</Behavior>
		</Root>
		<ForestContainer />
		<EditorData EventSet="">
			<Variables>
				<Variable name="mlodPeekData" comment="" />
				<Variable name="mrkev" comment="" />
				<Variable name="priority" comment="" />
				<Variable name="shallPass" comment="" />
				<Variable name="ignorePriority" comment="" />
				<Variable name="stimulusKind" comment="" />
				<Variable name="target" comment="" />
			</Variables>
			<ForwardDeclarations />
			<Root editorPosY="80" hasInputBreakpoint="0" comment="" breakpointFlags="0" saveVersion="2">
				<OutputBreakpoints />
				<Behavior>
					<AtomicDecorator hasInputBreakpoint="0" comment="" breakpointFlags="0">
						<OutputBreakpoints />
						<GameContextCheck hasInputBreakpoint="0" comment="" breakpointFlags="0" saveVersion="2">
							<OutputBreakpoints />
							<Else>
								<EntityContextCheck hasInputBreakpoint="0" comment="" breakpointFlags="0" saveVersion="2">
									<OutputBreakpoints />
									<Else>
										<Sequence hasInputBreakpoint="0" comment="" breakpointFlags="0">
											<OutputBreakpoints />
											<Function_crime_checkReactionPriority hasInputBreakpoint="0" comment="" breakpointFlags="0">
												<OutputBreakpoints />
											</Function_crime_checkReactionPriority>
											<IfCondition hasInputBreakpoint="0" comment="" breakpointFlags="0">
												<OutputBreakpoints />
												<Sequence hasInputBreakpoint="0" comment="" breakpointFlags="0">
													<OutputBreakpoints />
													<Function_crime_getMrkev hasInputBreakpoint="0" comment="" breakpointFlags="0">
														<OutputBreakpoints />
													</Function_crime_getMrkev>
													<EntityContextCheck hasInputBreakpoint="0" comment="" breakpointFlags="0" saveVersion="2">
														<OutputBreakpoints />
														<Then>
															<Function_crime_spawnMissingNpcVolume hasInputBreakpoint="0" comment="" breakpointFlags="0">
																<OutputBreakpoints />
															</Function_crime_spawnMissingNpcVolume>
														</Then>
													</EntityContextCheck>
													<Expression hasInputBreakpoint="0" comment="" breakpointFlags="0">
														<OutputBreakpoints />
													</Expression>
													<AddInterrupt_mlodPeek hasInputBreakpoint="0" comment="" breakpointFlags="0">
														<OutputBreakpoints />
													</AddInterrupt_mlodPeek>
												</Sequence>
											</IfCondition>
										</Sequence>
									</Else>
								</EntityContextCheck>
							</Else>
						</GameContextCheck>
					</AtomicDecorator>
				</Behavior>
			</Root>
			<Forest />
			<Comments />
		</EditorData>
	</BehaviorTree>
</BehaviorTrees>