<?xml version="1.0" encoding="us-ascii"?>
<BehaviorTrees>
	<BehaviorTree name="callInterrupt_flee" is_function="1">
		<Variables>
			<Variable name="fleeData" type="switch:interruptData:flee" values="" isPersistent="0" form="single" />
			<Variable name="mrkev" type="_wuid" values="" isPersistent="0" form="single" />
			<Variable name="shallPass" type="_bool" values="" isPersistent="0" form="single" />
		</Variables>
		<Parameters>
			<Variable name="assaultData" type="crime:assaultData" values="" isPersistent="0" form="single" requirementType="In" optional="1" />
			<Variable name="corpseState" type="enum:corpseState" values="$enum:corpseState.undiscovered" isPersistent="0" form="single" requirementType="In" />
			<Variable name="criminalFreshness" type="enum:crime_criminalFreshness" values="$enum:crime_criminalFreshness.unknown" isPersistent="0" form="single" requirementType="In" />
			<Variable name="freshlyAttributedCrime" type="_bool" values="" isPersistent="0" form="single" requirementType="In" />
			<Variable name="ignorePriority" type="_bool" values="false" isPersistent="0" form="single" requirementType="In" />
			<Variable name="information" type="information" values="" isPersistent="0" form="single" requirementType="In" optional="1" />
			<Variable name="initiator" type="enum:switch_interruptInitiator" values="$enum:switch_interruptInitiator.unknown" isPersistent="0" form="single" requirementType="In" />
			<Variable name="isIndifferent" type="_bool" values="" isPersistent="0" form="single" requirementType="In" />
			<Variable name="leaveLevel" type="_bool" values="" isPersistent="0" form="single" requirementType="In" />
			<Variable name="mercyDialogueResult" type="enum:crime_mercyDialogueResult" values="$enum:crime_mercyDialogueResult.unknown" isPersistent="0" form="single" requirementType="In" />
			<Variable name="previousReaction" type="enum:crime_reactionKind" values="$enum:crime_reactionKind.unknown" isPersistent="0" form="single" requirementType="In" />
			<Variable name="priority" type="_int" values="135" isPersistent="0" form="single" requirementType="In" />
			<Variable name="source" type="enum:crime_source" values="$enum:crime_source.direct" isPersistent="0" form="single" requirementType="In" />
			<Variable name="stimulusKind" type="enum:crime_stimulusKind" values="" isPersistent="0" form="single" requirementType="In" />
			<Variable name="target" type="_wuid" values="" isPersistent="0" form="single" requirementType="In" />
		</Parameters>
		<Root OneTimeOnly="false" FailState="Recoverable" saveVersion="2">
			<Behavior canSkip="1">
				<AtomicDecorator>
					<GameContextCheck context="crime_global_suppressBehavioralReaction" saveVersion="2">
						<Else canSkip="1">
							<EntityContextCheck context="crime_suppressBehavioralReaction" target="" saveVersion="2">
								<Else canSkip="1">
									<Sequence>
										<Function_crime_checkReactionPriority priority="$priority" shallPass="$shallPass" nodeLabel="85618855" />
										<IfCondition failOnCondition="false" condition="$shallPass | $ignorePriority">
											<Sequence>
												<EntityContextCheck context="crime_spawnMissingNpcVolume_behavior" target="$this.id" saveVersion="2">
													<Then canSkip="1">
														<Function_crime_spawnMissingNpcVolume destinationWuid="$target" nodeLabel="16763231" />
													</Then>
												</EntityContextCheck>
												<Function_crime_getMrkev mrkev="$mrkev" nodeLabel="65901533" />
												<IfCondition failOnCondition="false" condition="$initiator == $enum:switch_interruptInitiator.switch | &#10;$previousReaction == $enum:crime_reactionKind.unknown">
													<GetReactionKindByContext Target="$this.id" ReactionKind="$previousReaction" />
												</IfCondition>
												<IfCondition failOnCondition="false" condition="$information.label == &apos;&apos;">
													<Sequence>
														<CreateInformationWrapper Label="&apos;motivation&apos;" PerceivedWuid="$this.id" PositionType="positionWuid" PositionVec3="" PositionWuid="$target" Information="$information" />
														<LockDynamicInformationValues Information="$information">
															<SetDynamicInformationValue Information="$information" Tag="&apos;stimulusKind&apos;" Variable="$stimulusKind" Type="" Value="" />
														</LockDynamicInformationValues>
													</Sequence>
												</IfCondition>
												<Function_crime_limits_reserveReactionLink ffCrimeIcon="false" information="$information" priority="$priority" reactionKind="$enum:crime_reactionKind.flee" nodeLabel="32303454" />
												<Expression expressions="$fleeData.target = $target &#10;$fleeData.stimulusKind = $stimulusKind &#10;$fleeData.previousReaction = $previousReaction &#10;$fleeData.initiatedBy = $initiator &#10;$fleeData.information = $information &#10;$fleeData.assaultData = $assaultData &#10;$fleeData.source = $source &#10;$fleeData.corpseState = $corpseState &#10;$fleeData.freshlyAttributedCrime = $freshlyAttributedCrime &#10;$fleeData.criminalFreshness = $criminalFreshness &#10;$fleeData.leaveLevel = $leaveLevel &#10;$fleeData.mercyDialogueResult = $mercyDialogueResult &#10;$fleeData.isIndifferent = $isIndifferent" />
												<EntityContextCheck context="combat_fleeLeaveLevel" target="$this.id" saveVersion="2">
													<Then canSkip="1">
														<Expression expressions="$fleeData.leaveLevel = true" />
													</Then>
												</EntityContextCheck>
												<AddInterrupt_flee fleeData="$fleeData" Target="$this.id" Host="$mrkev" Behavior="&apos;interrupt_flee&apos;" Priority="$priority" IgnorePriorityOnPreviousInterrupt="$ignorePriority" urgency="Fast" Aliveness="Alive" Privileged="false" FastForward="false" />
											</Sequence>
										</IfCondition>
									</Sequence>
								</Else>
							</EntityContextCheck>
						</Else>
					</GameContextCheck>
				</AtomicDecorator>
			</Behavior>
		</Root>
		<ForestContainer />
		<EditorData EventSet="">
			<Variables>
				<Variable name="fleeData" comment="" />
				<Variable name="mrkev" comment="" />
				<Variable name="shallPass" comment="" />
				<Variable name="assaultData" comment="" />
				<Variable name="corpseState" comment="" />
				<Variable name="criminalFreshness" comment="" />
				<Variable name="freshlyAttributedCrime" comment="" />
				<Variable name="ignorePriority" comment="" />
				<Variable name="information" comment="" />
				<Variable name="initiator" comment="" />
				<Variable name="isIndifferent" comment="" />
				<Variable name="leaveLevel" comment="" />
				<Variable name="mercyDialogueResult" comment="" />
				<Variable name="previousReaction" comment="" />
				<Variable name="priority" comment="" />
				<Variable name="source" comment="" />
				<Variable name="stimulusKind" comment="" />
				<Variable name="target" comment="" />
			</Variables>
			<ForwardDeclarations />
			<Root editorPosX="-150" editorPosY="-90" hasInputBreakpoint="0" comment="" breakpointFlags="0" saveVersion="2">
				<OutputBreakpoints />
				<Behavior>
					<AtomicDecorator hasInputBreakpoint="0" comment="" breakpointFlags="0">
						<OutputBreakpoints />
						<GameContextCheck hasInputBreakpoint="0" comment="" breakpointFlags="0" saveVersion="2">
							<OutputBreakpoints />
							<Else>
								<EntityContextCheck hasInputBreakpoint="0" comment="" breakpointFlags="0" saveVersion="2">
									<OutputBreakpoints />
									<Else>
										<Sequence hasInputBreakpoint="0" comment="" breakpointFlags="0">
											<OutputBreakpoints />
											<Function_crime_checkReactionPriority hasInputBreakpoint="0" comment="" breakpointFlags="0">
												<OutputBreakpoints />
											</Function_crime_checkReactionPriority>
											<IfCondition hasInputBreakpoint="0" comment="" breakpointFlags="0">
												<OutputBreakpoints />
												<Sequence hasInputBreakpoint="0" comment="" breakpointFlags="0">
													<OutputBreakpoints />
													<EntityContextCheck hasInputBreakpoint="0" comment="" breakpointFlags="0" saveVersion="2">
														<OutputBreakpoints />
														<Then>
															<Function_crime_spawnMissingNpcVolume hasInputBreakpoint="0" comment="" breakpointFlags="0">
																<OutputBreakpoints />
															</Function_crime_spawnMissingNpcVolume>
														</Then>
													</EntityContextCheck>
													<Function_crime_getMrkev hasInputBreakpoint="0" comment="" breakpointFlags="0">
														<OutputBreakpoints />
													</Function_crime_getMrkev>
													<IfCondition hasInputBreakpoint="0" comment="" breakpointFlags="0">
														<OutputBreakpoints />
														<GetReactionKindByContext hasInputBreakpoint="0" comment="" breakpointFlags="0">
															<OutputBreakpoints />
														</GetReactionKindByContext>
													</IfCondition>
													<IfCondition hasInputBreakpoint="0" comment="" breakpointFlags="0">
														<OutputBreakpoints />
														<Sequence hasInputBreakpoint="0" comment="" breakpointFlags="0">
															<OutputBreakpoints />
															<CreateInformationWrapper hasInputBreakpoint="0" comment="" breakpointFlags="0">
																<OutputBreakpoints />
															</CreateInformationWrapper>
															<LockDynamicInformationValues hasInputBreakpoint="0" comment="" breakpointFlags="0">
																<OutputBreakpoints />
																<SetDynamicInformationValue hasInputBreakpoint="0" comment="" breakpointFlags="0">
																	<OutputBreakpoints />
																</SetDynamicInformationValue>
															</LockDynamicInformationValues>
														</Sequence>
													</IfCondition>
													<Function_crime_limits_reserveReactionLink hasInputBreakpoint="0" comment="" breakpointFlags="0">
														<OutputBreakpoints />
													</Function_crime_limits_reserveReactionLink>
													<Expression hasInputBreakpoint="0" comment="" breakpointFlags="0">
														<OutputBreakpoints />
													</Expression>
													<EntityContextCheck hasInputBreakpoint="0" comment="" breakpointFlags="0" saveVersion="2">
														<OutputBreakpoints />
														<Then>
															<Expression hasInputBreakpoint="0" comment="" breakpointFlags="0">
																<OutputBreakpoints />
															</Expression>
														</Then>
													</EntityContextCheck>
													<AddInterrupt_flee hasInputBreakpoint="0" comment="" breakpointFlags="0">
														<OutputBreakpoints />
													</AddInterrupt_flee>
												</Sequence>
											</IfCondition>
										</Sequence>
									</Else>
								</EntityContextCheck>
							</Else>
						</GameContextCheck>
					</AtomicDecorator>
				</Behavior>
			</Root>
			<Forest />
			<Comments />
		</EditorData>
	</BehaviorTree>
</BehaviorTrees>