<?xml version="1.0" encoding="us-ascii"?>
<BehaviorTrees>
	<BehaviorTree name="callInterrupt_checkHomeStashes" is_function="1">
		<Variables>
			<Variable name="checkHomeStashesData" type="switch:interruptData:checkHomeStashes" values="" isPersistent="0" form="single" />
			<Variable name="mrkev" type="_wuid" values="" isPersistent="0" form="single" />
			<Variable name="priority" type="_int" values="21" isPersistent="0" form="single" />
			<Variable name="resetStolenItems" type="_bool" values="" isPersistent="0" form="single" />
			<Variable name="shallPass" type="_bool" values="" isPersistent="0" form="single" />
		</Variables>
		<Parameters>
			<Variable name="home" type="_wuid" values="" isPersistent="0" form="single" requirementType="In" />
			<Variable name="ignorePriority" type="_bool" values="" isPersistent="0" form="single" requirementType="In" />
			<Variable name="information" type="information" values="" isPersistent="0" form="single" requirementType="In" optional="1" />
			<Variable name="initiator" type="enum:switch_interruptInitiator" values="$enum:switch_interruptInitiator.unknown" isPersistent="0" form="single" requirementType="In" />
			<Variable name="playerRelated" type="_bool" values="" isPersistent="0" form="single" requirementType="In" />
			<Variable name="previousReaction" type="enum:crime_reactionKind" values="$enum:crime_reactionKind.unknown" isPersistent="0" form="single" requirementType="In" />
			<Variable name="stimulusKind" type="enum:crime_stimulusKind" values="" isPersistent="0" form="single" requirementType="In" />
			<Variable name="stolenItemsFound" type="_bool" values="" isPersistent="0" form="single" requirementType="In" />
		</Parameters>
		<Root OneTimeOnly="false" FailState="Recoverable" saveVersion="2">
			<Behavior canSkip="1">
				<AtomicDecorator>
					<GameContextCheck context="crime_global_suppressBehavioralReaction" saveVersion="2">
						<Else canSkip="1">
							<EntityContextCheck context="crime_suppressBehavioralReaction" target="" saveVersion="2">
								<Else canSkip="1">
									<Sequence>
										<Selector>
											<IfCondition failOnCondition="true" condition="$information.label ~= &apos;&apos;">
												<CheckInformationKnowledge Information="$information" Holder="$this.id" />
											</IfCondition>
											<Expression expressions="$information.label = &apos;&apos; &#10;$information.perceivedWuid = $__null &#10;$stolenItemsFound = false &#10;$resetStolenItems = true" />
										</Selector>
										<Function_crime_addFollowUp_checkHomeStashes home="$home" information="$information" playerRelated="$playerRelated" resetStolenItemsFound="$resetStolenItems" stolenItemsFound="$stolenItemsFound" added="" nodeLabel="55768442" />
										<Function_crime_checkReactionPriority priority="$priority" shallPass="$shallPass" nodeLabel="83032530" />
										<IfCondition failOnCondition="false" condition="$shallPass | $ignorePriority">
											<Sequence>
												<EntityContextCheck context="crime_spawnMissingNpcVolume_behavior" target="$this.id" saveVersion="2">
													<Then canSkip="1">
														<Function_crime_spawnMissingNpcVolume destinationWuid="$this.id" nodeLabel="90421589" />
													</Then>
												</EntityContextCheck>
												<Function_crime_getMrkev mrkev="$mrkev" nodeLabel="65749012" />
												<IfCondition failOnCondition="false" condition="$initiator == $enum:switch_interruptInitiator.switch | &#10;$previousReaction == $enum:crime_reactionKind.unknown">
													<GetReactionKindByContext Target="$this.id" ReactionKind="$previousReaction" />
												</IfCondition>
												<IfCondition failOnCondition="false" condition="$information.label == &apos;&apos;">
													<Sequence>
														<CreateInformationWrapper Label="&apos;motivation&apos;" PerceivedWuid="$this.id" PositionType="perceivedWuid" PositionVec3="" PositionWuid="" Information="$information" />
														<LockDynamicInformationValues Information="$information">
															<SetDynamicInformationValue Information="$information" Tag="&apos;stimulusKind&apos;" Variable="$stimulusKind" Type="" Value="" />
														</LockDynamicInformationValues>
													</Sequence>
												</IfCondition>
												<Function_crime_limits_reserveReactionLink ffCrimeIcon="false" information="$information" priority="$priority" reactionKind="$enum:crime_reactionKind.checkHomeStashes" nodeLabel="62249659" />
												<Expression expressions="$checkHomeStashesData.stimulusKind = $stimulusKind &#10;$checkHomeStashesData.previousReaction = $previousReaction &#10;$checkHomeStashesData.initiatedBy = $initiator &#10;$checkHomeStashesData.information = $information &#10;$checkHomeStashesData.home = $home &#10;$checkHomeStashesData.playerRelated = $playerRelated &#10;$checkHomeStashesData.stolenItemsFound = $stolenItemsFound" />
												<AddInterrupt_checkHomeStashes checkHomeStashesData="$checkHomeStashesData" Target="$this.id" Host="$mrkev" Behavior="&apos;interrupt_checkHomeStashes&apos;" Priority="$priority" IgnorePriorityOnPreviousInterrupt="$ignorePriority" urgency="Slow" Aliveness="Alive" Privileged="false" FastForward="false" />
											</Sequence>
										</IfCondition>
									</Sequence>
								</Else>
							</EntityContextCheck>
						</Else>
					</GameContextCheck>
				</AtomicDecorator>
			</Behavior>
		</Root>
		<ForestContainer />
		<EditorData EventSet="">
			<Variables>
				<Variable name="checkHomeStashesData" comment="" />
				<Variable name="mrkev" comment="" />
				<Variable name="priority" comment="" />
				<Variable name="resetStolenItems" comment="" />
				<Variable name="shallPass" comment="" />
				<Variable name="home" comment="" />
				<Variable name="ignorePriority" comment="" />
				<Variable name="information" comment="" />
				<Variable name="initiator" comment="" />
				<Variable name="playerRelated" comment="" />
				<Variable name="previousReaction" comment="" />
				<Variable name="stimulusKind" comment="" />
				<Variable name="stolenItemsFound" comment="" />
			</Variables>
			<ForwardDeclarations />
			<Root editorPosX="-190" hasInputBreakpoint="0" comment="" breakpointFlags="0" saveVersion="2">
				<OutputBreakpoints />
				<Behavior>
					<AtomicDecorator hasInputBreakpoint="0" comment="" breakpointFlags="0">
						<OutputBreakpoints />
						<GameContextCheck hasInputBreakpoint="0" comment="" breakpointFlags="0" saveVersion="2">
							<OutputBreakpoints />
							<Else>
								<EntityContextCheck hasInputBreakpoint="0" comment="" breakpointFlags="0" saveVersion="2">
									<OutputBreakpoints />
									<Else>
										<Sequence hasInputBreakpoint="0" comment="" breakpointFlags="0">
											<OutputBreakpoints />
											<Selector hasInputBreakpoint="0" comment="" breakpointFlags="0">
												<OutputBreakpoints />
												<IfCondition hasInputBreakpoint="0" comment="" breakpointFlags="0">
													<OutputBreakpoints />
													<CheckInformationKnowledge hasInputBreakpoint="0" comment="it might have been resolved already" breakpointFlags="0">
														<OutputBreakpoints />
													</CheckInformationKnowledge>
												</IfCondition>
												<Expression hasInputBreakpoint="0" comment="" breakpointFlags="0">
													<OutputBreakpoints />
												</Expression>
											</Selector>
											<Function_crime_addFollowUp_checkHomeStashes hasInputBreakpoint="0" comment="" breakpointFlags="0">
												<OutputBreakpoints />
											</Function_crime_addFollowUp_checkHomeStashes>
											<Function_crime_checkReactionPriority hasInputBreakpoint="0" comment="" breakpointFlags="0">
												<OutputBreakpoints />
											</Function_crime_checkReactionPriority>
											<IfCondition hasInputBreakpoint="0" comment="" breakpointFlags="0">
												<OutputBreakpoints />
												<Sequence hasInputBreakpoint="0" comment="" breakpointFlags="0">
													<OutputBreakpoints />
													<EntityContextCheck hasInputBreakpoint="0" comment="" breakpointFlags="0" saveVersion="2">
														<OutputBreakpoints />
														<Then>
															<Function_crime_spawnMissingNpcVolume hasInputBreakpoint="0" comment="" breakpointFlags="0">
																<OutputBreakpoints />
															</Function_crime_spawnMissingNpcVolume>
														</Then>
													</EntityContextCheck>
													<Function_crime_getMrkev hasInputBreakpoint="0" comment="" breakpointFlags="0">
														<OutputBreakpoints />
													</Function_crime_getMrkev>
													<IfCondition hasInputBreakpoint="0" comment="" breakpointFlags="0">
														<OutputBreakpoints />
														<GetReactionKindByContext hasInputBreakpoint="0" comment="" breakpointFlags="0">
															<OutputBreakpoints />
														</GetReactionKindByContext>
													</IfCondition>
													<IfCondition hasInputBreakpoint="0" comment="" breakpointFlags="0">
														<OutputBreakpoints />
														<Sequence hasInputBreakpoint="0" comment="" breakpointFlags="0">
															<OutputBreakpoints />
															<CreateInformationWrapper hasInputBreakpoint="0" comment="" breakpointFlags="0">
																<OutputBreakpoints />
															</CreateInformationWrapper>
															<LockDynamicInformationValues hasInputBreakpoint="0" comment="" breakpointFlags="0">
																<OutputBreakpoints />
																<SetDynamicInformationValue hasInputBreakpoint="0" comment="" breakpointFlags="0">
																	<OutputBreakpoints />
																</SetDynamicInformationValue>
															</LockDynamicInformationValues>
														</Sequence>
													</IfCondition>
													<Function_crime_limits_reserveReactionLink hasInputBreakpoint="0" comment="" breakpointFlags="0">
														<OutputBreakpoints />
													</Function_crime_limits_reserveReactionLink>
													<Expression hasInputBreakpoint="0" comment="" breakpointFlags="0">
														<OutputBreakpoints />
													</Expression>
													<AddInterrupt_checkHomeStashes hasInputBreakpoint="0" comment="" breakpointFlags="0">
														<OutputBreakpoints />
													</AddInterrupt_checkHomeStashes>
												</Sequence>
											</IfCondition>
										</Sequence>
									</Else>
								</EntityContextCheck>
							</Else>
						</GameContextCheck>
					</AtomicDecorator>
				</Behavior>
			</Root>
			<Forest />
			<Comments />
		</EditorData>
	</BehaviorTree>
</BehaviorTrees>