<?xml version="1.0" encoding="us-ascii"?>
<BehaviorTrees>
  <BehaviorTree name="switch_checkGenericAwareness" is_function="1">
    <Variables>
      <Variable name="awarenessDiff" type="_int64" values="" isPersistent="0" form="single" />
      <Variable name="currentTime" type="_int64" values="" isPersistent="0" form="single" />
      <Variable name="lastAwareness" type="_int64" values="" isPersistent="0" form="single" />
      <Variable name="linkName" type="_string" values="" isPersistent="0" form="single" />
    </Variables>
    <Parameters>
      <Variable name="genericAwareness" type="enum:switch_genericAwareness" values="" isPersistent="0" form="single" requirementType="In" />
      <Variable name="inThreshold" type="_bool" values="" isPersistent="0" form="single" requirementType="Out" optional="1" />
      <Variable name="notInThreshold" type="_bool" values="" isPersistent="0" form="single" requirementType="Out" optional="1" />
      <Variable name="otherEntity" type="_wuid" values="" isPersistent="0" form="single" requirementType="In" />
      <Variable name="threshold" type="_int64" values="" isPersistent="0" form="single" requirementType="In" />
      <Variable name="who" type="_wuid" values="$this.id" isPersistent="0" form="single" requirementType="In" />
    </Parameters>
    <Root OneTimeOnly="false" FailState="Recoverable" saveVersion="2">
      <OnInit canSkip="1">
        <Function_switch_getLinkNameFromGenericAwareness genericAwareness="$genericAwareness" linkName="$linkName" nodeLabel="96168125" />
      </OnInit>
      <Behavior canSkip="1">
        <AtomicDecorator>
          <Sequence>
            <Selector>
              <Sequence>
                <GraphSearch Origin="$who" Borders="" depth="1" selection="true" SearchPattern="Depth" EdgePruning="&apos;parent,inventory&apos;" AllowedEdges="" SubGraph="" AllowSubtraph="false" includeOrigin="false" excludeOrigin="false" failOnEmpty="true" SetOperationChoice="Intersection|And" errorOnEmpty="false" shortCircuit="false" skipTraversed="true">
                  <LinkTagFilter tag="$linkName" prune="true" negprune="unknown" Parent="" Child="" Data="$lastAwareness" />
                  <WUIDFilter WUID="$otherEntity" Source="Child" prune="true" negprune="unknown" Parent="" Child="" />
                </GraphSearch>
                <GetTime TimeType="WorldTime" OutVar="$currentTime" Delta="" />
                <Expression expressions="$inThreshold = ($currentTime - $lastAwareness) &lt; $threshold &#10;$awarenessDiff = $currentTime - $lastAwareness" />
              </Sequence>
              <Expression expressions="$inThreshold = false &#10;$awarenessDiff = 0" />
            </Selector>
            <LogToConsole LogLevel="Info" Message="&apos;[CheckGenericAwareness] &quot;$linkName;&quot; between &quot;$who;&quot; and &quot;$otherEntity;&quot; is &quot;$awarenessDiff;&quot;&apos;" />
            <Expression expressions="$notInThreshold = ~$inThreshold" />
          </Sequence>
        </AtomicDecorator>
      </Behavior>
    </Root>
    <ForestContainer />
    <EditorData EventSet="">
      <Variables>
        <Variable name="awarenessDiff" comment="" />
        <Variable name="currentTime" comment="" />
        <Variable name="lastAwareness" comment="" />
        <Variable name="linkName" comment="" />
        <Variable name="genericAwareness" comment="" />
        <Variable name="inThreshold" comment="" />
        <Variable name="notInThreshold" comment="" />
        <Variable name="otherEntity" comment="" />
        <Variable name="threshold" comment="" />
        <Variable name="who" comment="" />
      </Variables>
      <ForwardDeclarations />
      <Root hasInputBreakpoint="0" comment="" breakpointFlags="0" saveVersion="2">
        <OutputBreakpoints />
        <OnInit>
          <Function_switch_getLinkNameFromGenericAwareness hasInputBreakpoint="0" comment="" breakpointFlags="0">
            <OutputBreakpoints />
          </Function_switch_getLinkNameFromGenericAwareness>
        </OnInit>
        <Behavior>
          <AtomicDecorator hasInputBreakpoint="0" comment="" breakpointFlags="0">
            <OutputBreakpoints />
            <Sequence hasInputBreakpoint="0" comment="" breakpointFlags="0">
              <OutputBreakpoints />
              <Selector hasInputBreakpoint="0" comment="" breakpointFlags="0">
                <OutputBreakpoints />
                <Sequence hasInputBreakpoint="0" comment="" breakpointFlags="0">
                  <OutputBreakpoints />
                  <GraphSearch hasInputBreakpoint="0" comment="" breakpointFlags="0">
                    <OutputBreakpoints />
                    <LinkTagFilter hasInputBreakpoint="0" comment="" breakpointFlags="0">
                      <OutputBreakpoints />
                    </LinkTagFilter>
                    <WUIDFilter hasInputBreakpoint="0" comment="" breakpointFlags="0">
                      <OutputBreakpoints />
                    </WUIDFilter>
                  </GraphSearch>
                  <GetTime hasInputBreakpoint="0" comment="" breakpointFlags="0">
                    <OutputBreakpoints />
                  </GetTime>
                  <Expression hasInputBreakpoint="0" comment="" breakpointFlags="0">
                    <OutputBreakpoints />
                  </Expression>
                </Sequence>
                <Expression hasInputBreakpoint="0" comment="" breakpointFlags="0">
                  <OutputBreakpoints />
                </Expression>
              </Selector>
              <LogToConsole hasInputBreakpoint="0" comment="" breakpointFlags="0">
                <OutputBreakpoints />
              </LogToConsole>
              <Expression hasInputBreakpoint="0" comment="Easier checking for the outside" breakpointFlags="0">
                <OutputBreakpoints />
              </Expression>
            </Sequence>
          </AtomicDecorator>
        </Behavior>
      </Root>
      <Forest />
      <Comments />
    </EditorData>
  </BehaviorTree>
</BehaviorTrees>