<?xml version="1.0" encoding="us-ascii"?>
<BehaviorTrees>
  <BehaviorTree name="continuousPlayerPerceptionCheck" is_function="1">
    <Variables />
    <Parameters>
      <Variable name="NPC" type="_wuid" values="$this.id" isPersistent="0" form="single" requirementType="In" />
      <Variable name="doesSeePlayer" type="_bool" values="" isPersistent="0" form="single" requirementType="Reference" />
      <Variable name="loopTime" type="_string" values="1s" isPersistent="0" form="single" requirementType="In" />
    </Parameters>
    <Root OneTimeOnly="false" FailState="Recoverable" saveVersion="2">
      <Behavior canSkip="1">
        <Loop count="-1">
          <Sequence>
            <HasSeenPlayer NPC="$NPC" FullyAwareOnly="true" saveVersion="2">
              <Then canSkip="1">
                <Expression expressions="$doesSeePlayer = true" />
              </Then>
              <Else canSkip="1">
                <Expression expressions="$doesSeePlayer = false" />
              </Else>
            </HasSeenPlayer>
            <Wait duration="$loopTime" timeType="GameTime" doFail="false" variation="" skipInLOD="false" />
          </Sequence>
        </Loop>
      </Behavior>
    </Root>
    <ForestContainer />
    <EditorData EventSet="">
      <Variables>
        <Variable name="NPC" comment="" />
        <Variable name="doesSeePlayer" comment="" />
        <Variable name="loopTime" comment="" />
      </Variables>
      <ForwardDeclarations />
      <Root hasInputBreakpoint="0" comment="" breakpointFlags="0" saveVersion="2">
        <OutputBreakpoints />
        <Behavior>
          <Loop hasInputBreakpoint="0" comment="" breakpointFlags="0">
            <OutputBreakpoints />
            <Sequence hasInputBreakpoint="0" comment="" breakpointFlags="0">
              <OutputBreakpoints />
              <HasSeenPlayer hasInputBreakpoint="0" comment="" breakpointFlags="0" saveVersion="2">
                <OutputBreakpoints />
                <Then>
                  <Expression hasInputBreakpoint="0" comment="" breakpointFlags="0">
                    <OutputBreakpoints />
                  </Expression>
                </Then>
                <Else>
                  <Expression hasInputBreakpoint="0" comment="" breakpointFlags="0">
                    <OutputBreakpoints />
                  </Expression>
                </Else>
              </HasSeenPlayer>
              <Wait hasInputBreakpoint="0" comment="" breakpointFlags="0">
                <OutputBreakpoints />
              </Wait>
            </Sequence>
          </Loop>
        </Behavior>
      </Root>
      <Forest />
      <Comments />
    </EditorData>
  </BehaviorTree>
</BehaviorTrees>