<?xml version="1.0" encoding="us-ascii"?>
<BehaviorTrees>
  <BehaviorTree name="crime_startBark_alarm" is_function="1">
    <Variables>
      <Variable name="shouldBark" type="_bool" values="" isPersistent="0" form="single" />
    </Variables>
    <Root OneTimeOnly="false" FailState="Recoverable" saveVersion="2">
      <Behavior canSkip="1">
        <Sequence>
          <Function_crime_shouldBarkAlarm shouldBark="$shouldBark" nodeLabel="63819737" />
          <IfCondition failOnCondition="false" condition="$shouldBark">
            <Function_crime_crimeBark animationApproach="$enum:animationApproach.dontPlayDialogAnimations" canBeDelayed="false" dialogContext="" dramaticBark="false" lookAt="$__player" metarole="&apos;BANDITA_VOLA_POPLACH&apos;" priority="$enum:crime_barkPriority.important" nodeLabel="28948675" />
          </IfCondition>
        </Sequence>
      </Behavior>
    </Root>
    <ForestContainer />
    <EditorData EventSet="">
      <Variables>
        <Variable name="shouldBark" comment="" />
      </Variables>
      <ForwardDeclarations />
      <Root hasInputBreakpoint="0" comment="" breakpointFlags="0" saveVersion="2">
        <OutputBreakpoints />
        <Behavior>
          <Sequence hasInputBreakpoint="0" comment="" breakpointFlags="0">
            <OutputBreakpoints />
            <Function_crime_shouldBarkAlarm hasInputBreakpoint="0" comment="" breakpointFlags="0">
              <OutputBreakpoints />
            </Function_crime_shouldBarkAlarm>
            <IfCondition hasInputBreakpoint="0" comment="" breakpointFlags="0">
              <OutputBreakpoints />
              <Function_crime_crimeBark hasInputBreakpoint="0" comment="" breakpointFlags="0">
                <OutputBreakpoints />
              </Function_crime_crimeBark>
            </IfCondition>
          </Sequence>
        </Behavior>
      </Root>
      <Forest />
      <Comments />
    </EditorData>
  </BehaviorTree>
</BehaviorTrees>