<?xml version="1.0" encoding="us-ascii"?>
<BehaviorTrees>
	<BehaviorTree name="crime_startBark_freshlyAttributed" is_function="1">
		<Variables>
			<Variable name="attackKind" type="enum:crime_attackKind" values="" isPersistent="0" form="single" />
			<Variable name="metarole" type="_string" values="&apos;NPC_VIDI_HRACE_A_PRIPISUJE_MU_ZLOCIN&apos;" isPersistent="0" form="single" />
		</Variables>
		<Parameters>
			<Variable name="information" type="information" values="" isPersistent="0" form="single" requirementType="In" />
		</Parameters>
		<Root OneTimeOnly="false" FailState="Recoverable" saveVersion="2">
			<Behavior canSkip="1">
				<Sequence>
					<IfCondition failOnCondition="false" condition="$information.label == &apos;assault&apos; | &#10;$information.label == &apos;aggression&apos;">
						<LockDynamicInformationValues Information="$information">
							<GetDynamicInformationValue Information="$information" Tag="&apos;kind&apos;" Out="$attackKind" />
						</LockDynamicInformationValues>
					</IfCondition>
					<Switch>
						<IfCondition failOnCondition="false" condition="$information.label == &apos;murder&apos;">
							<Expression expressions="$metarole = &apos;NPC_VIDI_HRACE_A_PRIPISUJE_MU_ZLOCIN_(VRAZDA)&apos;" />
						</IfCondition>
						<IfCondition failOnCondition="false" condition="$information.label == &apos;theft&apos;">
							<Expression expressions="$metarole = &apos;NPC_VIDI_HRACE_A_PRIPISUJE_MU_ZLOCIN_(KRADEZ)&apos;" />
						</IfCondition>
						<IfCondition failOnCondition="false" condition="($information.label == &apos;assault&apos; | &#10;$information.label == &apos;aggression&apos;) &amp; &#10;$attackKind == $enum:crime_attackKind.missile">
							<Expression expressions="$metarole = &apos;NPC_VIDI_HRACE_A_PRIPISUJE_MU_ZLOCIN_(ASSAULT__MISSILE)&apos;" />
						</IfCondition>
						<IfCondition failOnCondition="false" condition="$information.label == &apos;assault&apos; &amp; &#10;$attackKind == $enum:crime_attackKind.stealth | &#10;$attackKind == $enum:crime_attackKind.unarmed">
							<Expression expressions="$metarole = &apos;NPC_VIDI_HRACE_A_PRIPISUJE_MU_ZLOCIN_(ASSAULT__STEALTH)&apos;" />
						</IfCondition>
						<DefaultBranch>
							<Success />
						</DefaultBranch>
					</Switch>
					<Function_crime_crimeBark animationApproach="$enum:animationApproach.dontPlayDialogAnimations" canBeDelayed="false" dialogContext="" dramaticBark="false" lookAt="$__player" metarole="$metarole" priority="$enum:crime_barkPriority.important" nodeLabel="57391028" />
				</Sequence>
			</Behavior>
		</Root>
		<ForestContainer />
		<EditorData EventSet="">
			<Variables>
				<Variable name="attackKind" comment="" />
				<Variable name="metarole" comment="" />
				<Variable name="information" comment="" />
			</Variables>
			<ForwardDeclarations />
			<Root hasInputBreakpoint="0" comment="" breakpointFlags="0" saveVersion="2">
				<OutputBreakpoints />
				<Behavior>
					<Sequence hasInputBreakpoint="0" comment="" breakpointFlags="0">
						<OutputBreakpoints />
						<IfCondition hasInputBreakpoint="0" comment="TODO: if shooter" breakpointFlags="0">
							<OutputBreakpoints />
							<LockDynamicInformationValues hasInputBreakpoint="0" comment="" breakpointFlags="0">
								<OutputBreakpoints />
								<GetDynamicInformationValue hasInputBreakpoint="0" comment="" breakpointFlags="0">
									<OutputBreakpoints />
								</GetDynamicInformationValue>
							</LockDynamicInformationValues>
						</IfCondition>
						<Switch hasInputBreakpoint="0" comment="" breakpointFlags="0">
							<OutputBreakpoints />
							<IfCondition hasInputBreakpoint="0" comment="" breakpointFlags="0">
								<OutputBreakpoints />
								<Expression hasInputBreakpoint="0" comment="" breakpointFlags="0">
									<OutputBreakpoints />
								</Expression>
							</IfCondition>
							<IfCondition hasInputBreakpoint="0" comment="" breakpointFlags="0">
								<OutputBreakpoints />
								<Expression hasInputBreakpoint="0" comment="" breakpointFlags="0">
									<OutputBreakpoints />
								</Expression>
							</IfCondition>
							<IfCondition hasInputBreakpoint="0" comment="" breakpointFlags="0">
								<OutputBreakpoints />
								<Expression hasInputBreakpoint="0" comment="" breakpointFlags="0">
									<OutputBreakpoints />
								</Expression>
							</IfCondition>
							<IfCondition hasInputBreakpoint="0" comment="" breakpointFlags="0">
								<OutputBreakpoints />
								<Expression hasInputBreakpoint="0" comment="" breakpointFlags="0">
									<OutputBreakpoints />
								</Expression>
							</IfCondition>
							<DefaultBranch>
								<Success hasInputBreakpoint="0" comment="" breakpointFlags="0">
									<OutputBreakpoints />
								</Success>
							</DefaultBranch>
						</Switch>
						<Function_crime_crimeBark hasInputBreakpoint="0" comment="" breakpointFlags="0">
							<OutputBreakpoints />
						</Function_crime_crimeBark>
					</Sequence>
				</Behavior>
			</Root>
			<Forest />
			<Comments />
		</EditorData>
	</BehaviorTree>
</BehaviorTrees>