<?xml version="1.0" encoding="us-ascii"?>
<BehaviorTrees>
  <BehaviorTree name="crime_shouldBarkAlarm" is_function="1">
    <Variables>
      <Variable name="isBandit" type="_bool" values="" isPersistent="0" form="single" />
    </Variables>
    <Parameters>
      <Variable name="shouldBark" type="_bool" values="" isPersistent="0" form="single" requirementType="Out" />
    </Parameters>
    <Root OneTimeOnly="false" FailState="Recoverable" saveVersion="2">
      <Behavior canSkip="1">
        <Sequence>
          <IsBandit Npc="$this.id" IsBandit="$isBandit" />
          <IfCondition failOnCondition="false" condition="$isBandit">
            <SuppressFailure>
              <Sequence>
                <GraphSearch Origin="" Borders="" depth="3" selection="true" SearchPattern="Depth" EdgePruning="&apos;parent,inventory&apos;" AllowedEdges="" SubGraph="&apos;home,home_inhabitant,area_union_member&apos;" AllowSubtraph="false" includeOrigin="false" excludeOrigin="false" failOnEmpty="true" SetOperationChoice="Intersection|And" errorOnEmpty="false" shortCircuit="false" skipTraversed="true">
                  <LinkTagFilter tag="&apos;home_inhabitant&apos;" prune="true" negprune="unknown" Parent="" Child="" Data="" />
                  <NegationOp Results="true" Advance="true" EndOp="true" saveVersion="2">
                    <Child0 canSkip="1">
                      <WUIDFilter WUID="$this.id" Source="Child" prune="true" negprune="unknown" Parent="" Child="" />
                    </Child0>
                  </NegationOp>
                  <EntityClassFilter Class="NPC" Source="Child" prune="true" negprune="unknown" Parent="" Child="" />
                  <NegationOp Results="true" Advance="true" EndOp="true" saveVersion="2">
                    <Child0 canSkip="1">
                      <ExistPath Origin="$__player" Borders="" depth="1" selection="true" SearchPattern="Depth" EdgePruning="&apos;parent,inventory&apos;" AllowedEdges="" SubGraph="" AllowSubtraph="false" includeOrigin="false" excludeOrigin="false" failOnEmpty="true" SetOperationChoice="Intersection|And" errorOnEmpty="false" shortCircuit="false" skipTraversed="true">
                        <LinkTagFilter tag="&apos;crime_reactor&apos;" prune="true" negprune="unknown" Parent="" Child="" Data="" />
                        <LinkDataFilter tag="&apos;crime_reactor&apos;" condition="$__link_crime_reactor.reactionKind == $enum:crime_reactionKind.watchCampTrespass | &#10;$__link_crime_reactor.reactionKind == $enum:crime_reactionKind.selfhelp | &#10;$__link_crime_reactor.reactionKind == $enum:crime_reactionKind.attack" prune="true" negprune="unknown" Parent="" Child="" Data="" />
                        <RangeFilter min="0.000000" max="100.000000" point="$this.id" excludeRef="true" Source="Child" prune="true" negprune="unknown" Parent="" Child="" />
                      </ExistPath>
                    </Child0>
                  </NegationOp>
                </GraphSearch>
                <Expression expressions="$shouldBark = true" />
              </Sequence>
            </SuppressFailure>
          </IfCondition>
        </Sequence>
      </Behavior>
    </Root>
    <ForestContainer />
    <EditorData EventSet="">
      <Variables>
        <Variable name="isBandit" comment="" />
        <Variable name="shouldBark" comment="" />
      </Variables>
      <ForwardDeclarations />
      <Root hasInputBreakpoint="0" comment="" breakpointFlags="0" saveVersion="2">
        <OutputBreakpoints />
        <Behavior>
          <Sequence hasInputBreakpoint="0" comment="" breakpointFlags="0">
            <OutputBreakpoints />
            <IsBandit hasInputBreakpoint="0" comment="" breakpointFlags="0">
              <OutputBreakpoints />
            </IsBandit>
            <IfCondition hasInputBreakpoint="0" comment="" breakpointFlags="0">
              <OutputBreakpoints />
              <SuppressFailure hasInputBreakpoint="0" comment="" breakpointFlags="0">
                <OutputBreakpoints />
                <Sequence hasInputBreakpoint="0" comment="" breakpointFlags="0">
                  <OutputBreakpoints />
                  <GraphSearch hasInputBreakpoint="0" comment="find mates that are not yet reacting directly to player" breakpointFlags="0">
                    <OutputBreakpoints />
                    <LinkTagFilter hasInputBreakpoint="0" comment="" breakpointFlags="0">
                      <OutputBreakpoints />
                    </LinkTagFilter>
                    <NegationOp hasInputBreakpoint="0" comment="" breakpointFlags="0" saveVersion="2">
                      <OutputBreakpoints />
                      <Child0>
                        <WUIDFilter hasInputBreakpoint="0" comment="" breakpointFlags="0">
                          <OutputBreakpoints />
                        </WUIDFilter>
                      </Child0>
                    </NegationOp>
                    <EntityClassFilter hasInputBreakpoint="0" comment="" breakpointFlags="0">
                      <OutputBreakpoints />
                    </EntityClassFilter>
                    <NegationOp hasInputBreakpoint="0" comment="" breakpointFlags="0" saveVersion="2">
                      <OutputBreakpoints />
                      <Child0>
                        <ExistPath hasInputBreakpoint="0" comment="" breakpointFlags="0">
                          <OutputBreakpoints />
                          <LinkTagFilter hasInputBreakpoint="0" comment="" breakpointFlags="0">
                            <OutputBreakpoints />
                          </LinkTagFilter>
                          <LinkDataFilter hasInputBreakpoint="0" comment="" breakpointFlags="0">
                            <OutputBreakpoints />
                          </LinkDataFilter>
                          <RangeFilter hasInputBreakpoint="0" comment="just to be sure" breakpointFlags="0">
                            <OutputBreakpoints />
                          </RangeFilter>
                        </ExistPath>
                      </Child0>
                    </NegationOp>
                  </GraphSearch>
                  <Expression hasInputBreakpoint="0" comment="" breakpointFlags="0">
                    <OutputBreakpoints />
                  </Expression>
                </Sequence>
              </SuppressFailure>
            </IfCondition>
          </Sequence>
        </Behavior>
      </Root>
      <Forest />
      <Comments />
    </EditorData>
  </BehaviorTree>
</BehaviorTrees>