<?xml version="1.0" encoding="us-ascii"?>
<BehaviorTrees>
  <BehaviorTree name="switch_animal_handleStartle" is_function="1">
    <Variables>
      <Variable name="returnFromStartleRequest" type="crime:animal_returnFromStartleRequest" values="" isPersistent="0" form="single" />
      <Variable name="startleData" type="animal:startle" values="" isPersistent="0" form="single" />
      <Variable name="stimulus" type="switch:animal_stimulus:startle" values="" isPersistent="0" form="single" />
    </Variables>
    <Root OneTimeOnly="false" FailState="Recoverable" saveVersion="2">
      <Behavior canSkip="1">
        <While doFail="false" propagateChildFail="false" condition="true">
          <ProcessMessage Atomic="true" timeout="&apos;-1&apos;" timeType="GameTime" variable="$returnFromStartleRequest" senderInfo="" inbox="&apos;crime_animal_returnFromStartleRequest&apos;" condition="" answerVar="">
            <Function_switch_animal_handleReturnFromStartleRequest returnFromStartleRequestData="$returnFromStartleRequest" nodeLabel="99555356" />
          </ProcessMessage>
        </While>
      </Behavior>
    </Root>
    <ForestContainer />
    <EditorData EventSet="">
      <Variables>
        <Variable name="returnFromStartleRequest" comment="" />
        <Variable name="startleData" comment="" />
        <Variable name="stimulus" comment="" />
      </Variables>
      <ForwardDeclarations />
      <Root hasInputBreakpoint="0" comment="" breakpointFlags="0" saveVersion="2">
        <OutputBreakpoints />
        <Behavior>
          <While hasInputBreakpoint="0" comment="" breakpointFlags="0">
            <OutputBreakpoints />
            <ProcessMessage hasInputBreakpoint="0" comment="" breakpointFlags="0">
              <OutputBreakpoints />
              <Function_switch_animal_handleReturnFromStartleRequest hasInputBreakpoint="0" comment="" breakpointFlags="0">
                <OutputBreakpoints />
              </Function_switch_animal_handleReturnFromStartleRequest>
            </ProcessMessage>
          </While>
        </Behavior>
      </Root>
      <Forest />
      <Comments />
    </EditorData>
  </BehaviorTree>
</BehaviorTrees>