<?xml version="1.0" encoding="us-ascii"?>
<BehaviorTrees>
  <BehaviorTree name="wildanimal_base" is_function="0">
    <Variables>
      <Variable name="deathSignal" type="npcDeath" values="" isPersistent="0" form="single" />
      <Variable name="hitReaction" type="hitReaction" values="" isPersistent="0" form="single" />
    </Variables>
    <Root OneTimeOnly="false" FailState="Recoverable" saveVersion="2">
      <Behavior canSkip="1">
        <IncludeTree File="&apos;animal/animals.xml&apos;" Name="&apos;hitReactions&apos;" nodeLabel="12142703" />
      </Behavior>
    </Root>
    <ForestContainer>
      <Parallel successMode="Any" failureMode="Any">
        <Sequence>
          <ReadMessage timeout="&apos;-1&apos;" timeType="GameTime" variable="$deathSignal" senderInfo="" inbox="&apos;deathMailbox_daycycle&apos;" condition="" />
          <FinishHim />
        </Sequence>
      </Parallel>
    </ForestContainer>
    <EditorData EventSet="">
      <Variables>
        <Variable name="deathSignal" comment="" />
        <Variable name="hitReaction" comment="" />
      </Variables>
      <ForwardDeclarations />
      <Root hasInputBreakpoint="0" comment="" breakpointFlags="0" saveVersion="2">
        <OutputBreakpoints />
        <Behavior>
          <IncludeTree hasInputBreakpoint="0" comment="" breakpointFlags="0">
            <OutputBreakpoints />
          </IncludeTree>
        </Behavior>
      </Root>
      <Forest>
        <Parallel editorPosX="150" editorPosY="-370" hasInputBreakpoint="0" comment="" breakpointFlags="0">
          <OutputBreakpoints />
          <Sequence hasInputBreakpoint="0" comment="" breakpointFlags="0">
            <OutputBreakpoints />
            <ReadMessage hasInputBreakpoint="0" comment="" breakpointFlags="0">
              <OutputBreakpoints />
            </ReadMessage>
            <FinishHim hasInputBreakpoint="0" comment="" breakpointFlags="0">
              <OutputBreakpoints />
            </FinishHim>
          </Sequence>
        </Parallel>
      </Forest>
      <Comments />
    </EditorData>
  </BehaviorTree>
</BehaviorTrees>
