<?xml version="1.0" encoding="us-ascii"?>
<BehaviorTrees>
  <BehaviorTree name="use_walk" is_function="0">
    <Variables>
      <Variable name="initDecision" type="_bool" values="" isPersistent="0" form="single" />
    </Variables>
    <Root OneTimeOnly="false" FailState="Recoverable" saveVersion="2">
      <OnInit canSkip="1">
        <Decision decisionLabel="animal_walk" variable="$initDecision" saveVersion="2">
          <Search canSkip="1">
            <ForgetDecision decisionLabel="animal_move" />
          </Search>
          <Exec canSkip="1">
            <Success />
          </Exec>
        </Decision>
      </OnInit>
      <Behavior canSkip="1">
        <CallDecorator_animal_boidTemplate>
          <Subtree canSkip="1">
            <Function_boidTemplate boidDataOrigin="$__object.id" homeArea="$__resource.id" nodeLabel="47984352" />
          </Subtree>
          <OnRest canSkip="1">
            <CallbackEventCatch_animal_boidTemplate_onRest>
              <Sequence>
                <Function_animalRandomMove additionalMoveParams="$additionalMoveParams" area="$__resource.id" pathFindParams="$pathFindParams" nodeLabel="33600040" />
                <Wait duration="&apos;10s&apos;" timeType="GameTime" doFail="false" variation="" skipInLOD="false" />
              </Sequence>
            </CallbackEventCatch_animal_boidTemplate_onRest>
          </OnRest>
        </CallDecorator_animal_boidTemplate>
      </Behavior>
    </Root>
    <ForestContainer />
    <EditorData EventSet="">
      <Variables>
        <Variable name="initDecision" comment="" />
      </Variables>
      <ForwardDeclarations />
      <Root hasInputBreakpoint="0" comment="" breakpointFlags="0" saveVersion="2">
        <OutputBreakpoints />
        <OnInit>
          <Decision hasInputBreakpoint="0" comment="" breakpointFlags="0" saveVersion="2">
            <OutputBreakpoints />
            <Search>
              <ForgetDecision hasInputBreakpoint="0" comment="" breakpointFlags="0">
                <OutputBreakpoints />
              </ForgetDecision>
            </Search>
            <Exec>
              <Success hasInputBreakpoint="0" comment="" breakpointFlags="0">
                <OutputBreakpoints />
              </Success>
            </Exec>
          </Decision>
        </OnInit>
        <Behavior>
          <CallDecorator_animal_boidTemplate hasInputBreakpoint="0" comment="" breakpointFlags="0">
            <OutputBreakpoints />
            <Subtree>
              <Function_boidTemplate hasInputBreakpoint="0" comment="" breakpointFlags="0">
                <OutputBreakpoints />
              </Function_boidTemplate>
            </Subtree>
            <OnRest>
              <CallbackEventCatch_animal_boidTemplate_onRest hasInputBreakpoint="0" comment="" breakpointFlags="0">
                <OutputBreakpoints />
                <Sequence hasInputBreakpoint="0" comment="" breakpointFlags="0">
                  <OutputBreakpoints />
                  <Function_animalRandomMove hasInputBreakpoint="0" comment="" breakpointFlags="0">
                    <OutputBreakpoints />
                  </Function_animalRandomMove>
                  <Wait hasInputBreakpoint="0" comment="" breakpointFlags="0">
                    <OutputBreakpoints />
                  </Wait>
                </Sequence>
              </CallbackEventCatch_animal_boidTemplate_onRest>
            </OnRest>
          </CallDecorator_animal_boidTemplate>
        </Behavior>
      </Root>
      <Forest />
      <Comments />
    </EditorData>
  </BehaviorTree>
  <BehaviorTree name="use_eat" is_function="0">
    <Variables>
      <Variable name="check" type="_bool" values="" isPersistent="0" form="single" />
      <Variable name="initDecision" type="_bool" values="" isPersistent="0" form="single" />
    </Variables>
    <Root OneTimeOnly="false" FailState="Recoverable" saveVersion="2">
      <OnInit canSkip="1">
        <Decision decisionLabel="animal_eat" variable="$initDecision" saveVersion="2">
          <Search canSkip="1">
            <ForgetDecision decisionLabel="animal_move" />
          </Search>
          <Exec canSkip="1">
            <Success />
          </Exec>
        </Decision>
      </OnInit>
      <Behavior canSkip="1">
        <CallDecorator_animal_boidTemplate>
          <Subtree canSkip="1">
            <Function_boidTemplate boidDataOrigin="$__object.id" homeArea="$__resource.id" nodeLabel="94782018" />
          </Subtree>
          <OnRest canSkip="1">
            <CallbackEventCatch_animal_boidTemplate_onRest>
              <Sequence>
                <Function_animalRandomMove additionalMoveParams="$additionalMoveParams" area="$__resource.id" pathFindParams="$pathFindParams" nodeLabel="31300930" />
                <CheckSurface TestType="EatSpot" Result="$check" />
                <IfElseCondition failOnCondition="false" condition="$check" saveVersion="2">
                  <Then canSkip="1">
                    <UnstanceAction unstance="animal_eat" locationObject="" slaveObject="" />
                  </Then>
                  <Else canSkip="1">
                    <ForgetDecision decisionLabel="animal_move" />
                  </Else>
                </IfElseCondition>
                <Wait duration="&apos;10s&apos;" timeType="GameTime" doFail="false" variation="" />
              </Sequence>
            </CallbackEventCatch_animal_boidTemplate_onRest>
          </OnRest>
        </CallDecorator_animal_boidTemplate>
      </Behavior>
    </Root>
    <ForestContainer />
    <EditorData EventSet="">
      <Variables>
        <Variable name="check" comment="" />
        <Variable name="initDecision" comment="" />
      </Variables>
      <ForwardDeclarations />
      <Root hasInputBreakpoint="0" comment="" breakpointFlags="0" saveVersion="2">
        <OutputBreakpoints />
        <OnInit>
          <Decision hasInputBreakpoint="0" comment="" breakpointFlags="0" saveVersion="2">
            <OutputBreakpoints />
            <Search>
              <ForgetDecision hasInputBreakpoint="0" comment="" breakpointFlags="0">
                <OutputBreakpoints />
              </ForgetDecision>
            </Search>
            <Exec>
              <Success hasInputBreakpoint="0" comment="" breakpointFlags="0">
                <OutputBreakpoints />
              </Success>
            </Exec>
          </Decision>
        </OnInit>
        <Behavior>
          <CallDecorator_animal_boidTemplate hasInputBreakpoint="0" comment="" breakpointFlags="0">
            <OutputBreakpoints />
            <Subtree>
              <Function_boidTemplate hasInputBreakpoint="0" comment="" breakpointFlags="0">
                <OutputBreakpoints />
              </Function_boidTemplate>
            </Subtree>
            <OnRest>
              <CallbackEventCatch_animal_boidTemplate_onRest hasInputBreakpoint="0" comment="" breakpointFlags="0">
                <OutputBreakpoints />
                <Sequence hasInputBreakpoint="0" comment="" breakpointFlags="0">
                  <OutputBreakpoints />
                  <Function_animalRandomMove hasInputBreakpoint="0" comment="" breakpointFlags="0">
                    <OutputBreakpoints />
                  </Function_animalRandomMove>
                  <CheckSurface hasInputBreakpoint="0" comment="" breakpointFlags="0">
                    <OutputBreakpoints />
                  </CheckSurface>
                  <IfElseCondition hasInputBreakpoint="0" comment="" breakpointFlags="0" saveVersion="2">
                    <OutputBreakpoints />
                    <Then>
                      <UnstanceAction hasInputBreakpoint="0" comment="" breakpointFlags="0">
                        <OutputBreakpoints />
                      </UnstanceAction>
                    </Then>
                    <Else>
                      <ForgetDecision hasInputBreakpoint="0" comment="" breakpointFlags="0">
                        <OutputBreakpoints />
                      </ForgetDecision>
                    </Else>
                  </IfElseCondition>
                  <Wait hasInputBreakpoint="0" comment="" breakpointFlags="0">
                    <OutputBreakpoints />
                  </Wait>
                </Sequence>
              </CallbackEventCatch_animal_boidTemplate_onRest>
            </OnRest>
          </CallDecorator_animal_boidTemplate>
        </Behavior>
      </Root>
      <Forest />
      <Comments />
    </EditorData>
  </BehaviorTree>
  <BehaviorTree name="use_stand" is_function="0">
    <Variables>
      <Variable name="initDecision" type="_bool" values="" isPersistent="0" form="single" />
    </Variables>
    <Root OneTimeOnly="false" FailState="Recoverable" saveVersion="2">
      <OnInit canSkip="1">
        <Decision decisionLabel="animal_howl" variable="$initDecision" saveVersion="2">
          <Search canSkip="1">
            <ForgetDecision decisionLabel="animal_move" />
          </Search>
          <Exec canSkip="1">
            <Success />
          </Exec>
        </Decision>
      </OnInit>
      <Behavior canSkip="1">
        <CallDecorator_animal_boidTemplate>
          <Subtree canSkip="1">
            <Function_boidTemplate boidDataOrigin="$__object.id" homeArea="$__resource.id" nodeLabel="63812071" />
          </Subtree>
          <OnRest canSkip="1">
            <CallbackEventCatch_animal_boidTemplate_onRest>
              <Sequence>
                <Function_animalRandomMove additionalMoveParams="$additionalMoveParams" area="$__resource.id" pathFindParams="$pathFindParams" nodeLabel="40534682" />
                <AnimationAction fragment="&apos;Stand&apos;" tags="" eventReferenceObject="" alignObject="" slaveObject="" resourceOverride="" allowTorchForPlayer="false" />
                <Wait duration="&apos;1s&apos;" timeType="GameTime" doFail="false" variation="" skipInLOD="false" />
              </Sequence>
            </CallbackEventCatch_animal_boidTemplate_onRest>
          </OnRest>
        </CallDecorator_animal_boidTemplate>
      </Behavior>
    </Root>
    <ForestContainer />
    <EditorData EventSet="">
      <Variables>
        <Variable name="initDecision" comment="" />
      </Variables>
      <ForwardDeclarations />
      <Root hasInputBreakpoint="0" comment="" breakpointFlags="0" saveVersion="2">
        <OutputBreakpoints />
        <OnInit>
          <Decision hasInputBreakpoint="0" comment="" breakpointFlags="0" saveVersion="2">
            <OutputBreakpoints />
            <Search>
              <ForgetDecision hasInputBreakpoint="0" comment="" breakpointFlags="0">
                <OutputBreakpoints />
              </ForgetDecision>
            </Search>
            <Exec>
              <Success hasInputBreakpoint="0" comment="" breakpointFlags="0">
                <OutputBreakpoints />
              </Success>
            </Exec>
          </Decision>
        </OnInit>
        <Behavior>
          <CallDecorator_animal_boidTemplate hasInputBreakpoint="0" comment="" breakpointFlags="0">
            <OutputBreakpoints />
            <Subtree>
              <Function_boidTemplate hasInputBreakpoint="0" comment="" breakpointFlags="0">
                <OutputBreakpoints />
              </Function_boidTemplate>
            </Subtree>
            <OnRest>
              <CallbackEventCatch_animal_boidTemplate_onRest hasInputBreakpoint="0" comment="" breakpointFlags="0">
                <OutputBreakpoints />
                <Sequence hasInputBreakpoint="0" comment="" breakpointFlags="0">
                  <OutputBreakpoints />
                  <Function_animalRandomMove hasInputBreakpoint="0" comment="" breakpointFlags="0">
                    <OutputBreakpoints />
                  </Function_animalRandomMove>
                  <AnimationAction hasInputBreakpoint="0" comment="" breakpointFlags="0">
                    <OutputBreakpoints />
                  </AnimationAction>
                  <Wait hasInputBreakpoint="0" comment="" breakpointFlags="0">
                    <OutputBreakpoints />
                  </Wait>
                </Sequence>
              </CallbackEventCatch_animal_boidTemplate_onRest>
            </OnRest>
          </CallDecorator_animal_boidTemplate>
        </Behavior>
      </Root>
      <Forest />
      <Comments />
    </EditorData>
  </BehaviorTree>
  <BehaviorTree name="use_sleep" is_function="0">
    <Variables>
      <Variable name="check" type="_bool" values="" isPersistent="0" form="single" />
      <Variable name="initDecision" type="_bool" values="" isPersistent="0" form="single" />
    </Variables>
    <Root OneTimeOnly="false" FailState="Recoverable" saveVersion="2">
      <OnInit canSkip="1">
        <Decision decisionLabel="animal_sleep" variable="$initDecision" saveVersion="2">
          <Search canSkip="1">
            <ForgetDecision decisionLabel="animal_move" />
          </Search>
          <Exec canSkip="1">
            <Success />
          </Exec>
        </Decision>
      </OnInit>
      <Behavior canSkip="1">
        <CallDecorator_animal_boidTemplate>
          <Subtree canSkip="1">
            <Function_boidTemplate boidDataOrigin="$__object.id" homeArea="$__resource.id" nodeLabel="66262805" />
          </Subtree>
          <OnRest canSkip="1">
            <CallbackEventCatch_animal_boidTemplate_onRest>
              <Sequence>
                <Function_animalRandomMove additionalMoveParams="$additionalMoveParams" area="$__resource.id" pathFindParams="$pathFindParams" nodeLabel="73056428" />
                <CheckSurface TestType="SleepSpot" Result="$check" />
                <IfElseCondition failOnCondition="false" condition="$check" saveVersion="2">
                  <Then canSkip="1">
                    <StanceElement smartObject="" stance="lying" allowAny="false" enabled="true">
                      <WaitAction />
                    </StanceElement>
                  </Then>
                  <Else canSkip="1">
                    <ForgetDecision decisionLabel="animal_move" />
                  </Else>
                </IfElseCondition>
                <Wait duration="&apos;10s&apos;" timeType="GameTime" doFail="false" variation="" />
              </Sequence>
            </CallbackEventCatch_animal_boidTemplate_onRest>
          </OnRest>
        </CallDecorator_animal_boidTemplate>
      </Behavior>
    </Root>
    <ForestContainer />
    <EditorData EventSet="">
      <Variables>
        <Variable name="check" comment="" />
        <Variable name="initDecision" comment="" />
      </Variables>
      <ForwardDeclarations />
      <Root hasInputBreakpoint="0" comment="" breakpointFlags="0" saveVersion="2">
        <OutputBreakpoints />
        <OnInit>
          <Decision hasInputBreakpoint="0" comment="" breakpointFlags="0" saveVersion="2">
            <OutputBreakpoints />
            <Search>
              <ForgetDecision hasInputBreakpoint="0" comment="" breakpointFlags="0">
                <OutputBreakpoints />
              </ForgetDecision>
            </Search>
            <Exec>
              <Success hasInputBreakpoint="0" comment="" breakpointFlags="0">
                <OutputBreakpoints />
              </Success>
            </Exec>
          </Decision>
        </OnInit>
        <Behavior>
          <CallDecorator_animal_boidTemplate hasInputBreakpoint="0" comment="" breakpointFlags="0">
            <OutputBreakpoints />
            <Subtree>
              <Function_boidTemplate hasInputBreakpoint="0" comment="" breakpointFlags="0">
                <OutputBreakpoints />
              </Function_boidTemplate>
            </Subtree>
            <OnRest>
              <CallbackEventCatch_animal_boidTemplate_onRest hasInputBreakpoint="0" comment="" breakpointFlags="0">
                <OutputBreakpoints />
                <Sequence hasInputBreakpoint="0" comment="" breakpointFlags="0">
                  <OutputBreakpoints />
                  <Function_animalRandomMove hasInputBreakpoint="0" comment="" breakpointFlags="0">
                    <OutputBreakpoints />
                  </Function_animalRandomMove>
                  <CheckSurface hasInputBreakpoint="0" comment="" breakpointFlags="0">
                    <OutputBreakpoints />
                  </CheckSurface>
                  <IfElseCondition hasInputBreakpoint="0" comment="" breakpointFlags="0" saveVersion="2">
                    <OutputBreakpoints />
                    <Then>
                      <StanceElement hasInputBreakpoint="0" comment="" breakpointFlags="0">
                        <OutputBreakpoints />
                        <WaitAction hasInputBreakpoint="0" comment="" breakpointFlags="0">
                          <OutputBreakpoints />
                        </WaitAction>
                      </StanceElement>
                    </Then>
                    <Else>
                      <ForgetDecision hasInputBreakpoint="0" comment="" breakpointFlags="0">
                        <OutputBreakpoints />
                      </ForgetDecision>
                    </Else>
                  </IfElseCondition>
                  <Wait hasInputBreakpoint="0" comment="" breakpointFlags="0">
                    <OutputBreakpoints />
                  </Wait>
                </Sequence>
              </CallbackEventCatch_animal_boidTemplate_onRest>
            </OnRest>
          </CallDecorator_animal_boidTemplate>
        </Behavior>
      </Root>
      <Forest />
      <Comments />
    </EditorData>
  </BehaviorTree>
</BehaviorTrees>