<?xml version="1.0" encoding="us-ascii"?>
<BehaviorTrees>
	<BehaviorTree name="idle" is_function="0">
		<Variables>
			<Variable name="isExact" type="_bool" values="" isPersistent="0" form="single" />
		</Variables>
		<Root OneTimeOnly="false" FailState="Recoverable" saveVersion="2">
			<OnInit canSkip="1">
				<ExecuteLua code="local soEntity = XGenAIModule.GetEntityByWUID(data.__object.id); &#10;data.isExact = EntityUtils.GetScriptProperty(soEntity,&apos;exact&apos;);" />
			</OnInit>
			<Behavior canSkip="1">
				<Sequence>
					<IfElseCondition failOnCondition="false" condition="$isExact" saveVersion="2">
						<Then canSkip="1">
							<ExactMove directionType="AlignWithEntity" directionSpecification="$__object.id" animationTriggerDist="0.150000" precise="false" changeNPCState="true" fastForwardIncludesMove="true" destinationSpecification="$__object.id" destinationSpecification2="" destinationSpecification3="" speed="Walk" additionalParams="" pathFindingParams="" staminaPolicy="" pathInfo="" />
						</Then>
						<Else canSkip="1">
							<Move stopWithinDistance="0.200000" stopDistanceVariation="0.100000" rayCasteFlee="false" successDistance="0.000000" changeNPCState="true" fastForwardIncludesMove="true" destinationSpecification="$__object.id" destinationSpecification2="" destinationSpecification3="" speed="Walk" additionalParams="" pathFindingParams="" staminaPolicy="" pathInfo="" />
						</Else>
					</IfElseCondition>
					<Wait duration="&apos;15s&apos;" timeType="GameTime" doFail="false" variation="" />
				</Sequence>
			</Behavior>
		</Root>
		<ForestContainer />
		<EditorData EventSet="">
			<Variables>
				<Variable name="isExact" comment="" />
			</Variables>
			<ForwardDeclarations />
			<Root editorPosX="-10" editorPosY="10" hasInputBreakpoint="0" comment="" breakpointFlags="0" saveVersion="2">
				<OutputBreakpoints />
				<OnInit>
					<ExecuteLua hasInputBreakpoint="0" comment="" breakpointFlags="0">
						<OutputBreakpoints />
					</ExecuteLua>
				</OnInit>
				<Behavior>
					<Sequence hasInputBreakpoint="0" comment="" breakpointFlags="0">
						<OutputBreakpoints />
						<IfElseCondition hasInputBreakpoint="0" comment="" breakpointFlags="0" saveVersion="2">
							<OutputBreakpoints />
							<Then>
								<ExactMove hasInputBreakpoint="0" comment="" breakpointFlags="0">
									<OutputBreakpoints />
								</ExactMove>
							</Then>
							<Else>
								<Move hasInputBreakpoint="0" comment="" breakpointFlags="0">
									<OutputBreakpoints />
								</Move>
							</Else>
						</IfElseCondition>
						<Wait hasInputBreakpoint="0" comment="" breakpointFlags="0">
							<OutputBreakpoints />
						</Wait>
					</Sequence>
				</Behavior>
			</Root>
			<Forest />
			<Comments />
		</EditorData>
	</BehaviorTree>
	<BehaviorTree name="grazing" is_function="0">
		<Variables>
			<Variable name="isExact" type="_bool" values="" isPersistent="0" form="single" />
		</Variables>
		<Root OneTimeOnly="false" FailState="Recoverable" saveVersion="2">
			<OnInit canSkip="1">
				<ExecuteLua code="local soEntity = XGenAIModule.GetEntityByWUID(data.__object.id); &#10;data.isExact = EntityUtils.GetScriptProperty(soEntity,&apos;exact&apos;);" />
			</OnInit>
			<Behavior canSkip="1">
				<Sequence>
					<IfElseCondition failOnCondition="false" condition="$isExact" saveVersion="2">
						<Then canSkip="1">
							<ExactMove directionType="AlignWithEntity" directionSpecification="$__object.id" animationTriggerDist="0.150000" precise="false" changeNPCState="true" fastForwardIncludesMove="true" destinationSpecification="$__object.id" destinationSpecification2="" destinationSpecification3="" speed="Walk" additionalParams="" pathFindingParams="" staminaPolicy="" pathInfo="" />
						</Then>
						<Else canSkip="1">
							<Move stopWithinDistance="0.200000" stopDistanceVariation="0.100000" rayCasteFlee="false" successDistance="0.000000" changeNPCState="true" fastForwardIncludesMove="true" destinationSpecification="$__object.id" destinationSpecification2="" destinationSpecification3="" speed="Walk" additionalParams="" pathFindingParams="" staminaPolicy="" pathInfo="" />
						</Else>
					</IfElseCondition>
					<UnstanceAction unstance="horse_grazing" locationObject="" slaveObject="" />
					<Wait duration="&apos;15s&apos;" timeType="GameTime" doFail="false" variation="" />
				</Sequence>
			</Behavior>
		</Root>
		<ForestContainer />
		<EditorData EventSet="">
			<Variables>
				<Variable name="isExact" comment="" />
			</Variables>
			<ForwardDeclarations />
			<Root hasInputBreakpoint="0" comment="" breakpointFlags="0" saveVersion="2">
				<OutputBreakpoints />
				<OnInit>
					<ExecuteLua hasInputBreakpoint="0" comment="" breakpointFlags="0">
						<OutputBreakpoints />
					</ExecuteLua>
				</OnInit>
				<Behavior>
					<Sequence hasInputBreakpoint="0" comment="" breakpointFlags="0">
						<OutputBreakpoints />
						<IfElseCondition hasInputBreakpoint="0" comment="" breakpointFlags="0" saveVersion="2">
							<OutputBreakpoints />
							<Then>
								<ExactMove hasInputBreakpoint="0" comment="" breakpointFlags="0">
									<OutputBreakpoints />
								</ExactMove>
							</Then>
							<Else>
								<Move hasInputBreakpoint="0" comment="" breakpointFlags="0">
									<OutputBreakpoints />
								</Move>
							</Else>
						</IfElseCondition>
						<UnstanceAction hasInputBreakpoint="0" comment="" breakpointFlags="0">
							<OutputBreakpoints />
						</UnstanceAction>
						<Wait hasInputBreakpoint="0" comment="" breakpointFlags="0">
							<OutputBreakpoints />
						</Wait>
					</Sequence>
				</Behavior>
			</Root>
			<Forest />
			<Comments />
		</EditorData>
	</BehaviorTree>
	<BehaviorTree name="run" is_function="0">
		<Variables>
			<Variable name="path" type="_wuid" values="" isPersistent="0" form="single" />
			<Variable name="pathParams" type="predefinedPathParams" values="approachFirstNode(true)" isPersistent="0" form="single" />
		</Variables>
		<Root OneTimeOnly="false" FailState="Recoverable" saveVersion="2">
			<OnInit canSkip="1">
				<Sequence>
					<GraphSearch Origin="$__object.id" Borders="" depth="1" selection="true" SearchPattern="Depth" EdgePruning="&apos;parent,inventory&apos;" AllowedEdges="" SubGraph="" AllowSubtraph="false" includeOrigin="false" excludeOrigin="false" failOnEmpty="true" SetOperationChoice="Intersection|And" errorOnEmpty="false" shortCircuit="false" skipTraversed="true">
						<AnyLinkFilter Source="Child" prune="true" negprune="unknown" Parent="" Child="" />
						<Nodalyzer Quantifiers="Exists" Parent="" Child="$path" saveVersion="2" />
					</GraphSearch>
				</Sequence>
			</OnInit>
			<Behavior canSkip="1">
				<Sequence>
					<Move stopWithinDistance="0.200000" stopDistanceVariation="0.100000" rayCasteFlee="false" successDistance="0.000000" changeNPCState="true" fastForwardIncludesMove="true" destinationSpecification="$path" destinationSpecification2="$pathParams" destinationSpecification3="" speed="Walk" additionalParams="" pathFindingParams="" staminaPolicy="" pathInfo="" />
					<Move stopWithinDistance="0.200000" stopDistanceVariation="0.100000" rayCasteFlee="false" successDistance="1.000000" changeNPCState="true" fastForwardIncludesMove="false" destinationSpecification="$path" destinationSpecification2="" destinationSpecification3="" speed="Sprint" additionalParams="" pathFindingParams="" staminaPolicy="" pathInfo="" />
				</Sequence>
			</Behavior>
		</Root>
		<ForestContainer />
		<EditorData EventSet="">
			<Variables>
				<Variable name="path" comment="" />
				<Variable name="pathParams" comment="" />
			</Variables>
			<ForwardDeclarations />
			<Root hasInputBreakpoint="0" comment="" breakpointFlags="0" saveVersion="2">
				<OutputBreakpoints />
				<OnInit>
					<Sequence hasInputBreakpoint="0" comment="" breakpointFlags="0">
						<OutputBreakpoints />
						<GraphSearch hasInputBreakpoint="0" comment="" breakpointFlags="0">
							<OutputBreakpoints />
							<AnyLinkFilter hasInputBreakpoint="0" comment="" breakpointFlags="0">
								<OutputBreakpoints />
							</AnyLinkFilter>
							<Nodalyzer hasInputBreakpoint="0" comment="" breakpointFlags="0" saveVersion="2">
								<OutputBreakpoints />
							</Nodalyzer>
						</GraphSearch>
					</Sequence>
				</OnInit>
				<Behavior>
					<Sequence hasInputBreakpoint="0" comment="" breakpointFlags="0">
						<OutputBreakpoints />
						<Move hasInputBreakpoint="0" comment="" breakpointFlags="0">
							<OutputBreakpoints />
						</Move>
						<Move hasInputBreakpoint="0" comment="" breakpointFlags="0">
							<OutputBreakpoints />
						</Move>
					</Sequence>
				</Behavior>
			</Root>
			<Forest />
			<Comments />
		</EditorData>
	</BehaviorTree>
</BehaviorTrees>