<?xml version="1.0" encoding="us-ascii"?>
<BehaviorTrees>
	<BehaviorTree name="use_eat" is_function="0">
		<Variables>
			<Variable name="check" type="_bool" values="" isPersistent="0" form="single" />
			<Variable name="initDecision" type="_bool" values="" isPersistent="0" form="single" />
			<Variable name="resourceType" type="_string" values="" isPersistent="0" form="single" />
			<Variable name="shouldCheckSurface" type="_bool" values="" isPersistent="0" form="single" />
		</Variables>
		<Root OneTimeOnly="false" FailState="Recoverable" saveVersion="2">
			<OnInit canSkip="1">
				<Decision decisionLabel="animal_eat" variable="$initDecision" saveVersion="2">
					<Search canSkip="1">
						<ForgetDecision decisionLabel="animal_move" />
					</Search>
					<Exec canSkip="1">
						<Success />
					</Exec>
				</Decision>
			</OnInit>
			<Behavior canSkip="1">
				<CallDecorator_animal_boidTemplate>
					<Subtree canSkip="1">
						<Function_boidTemplate boidDataOrigin="$__object.id" homeArea="$__resource.id" nodeLabel="28164560" />
					</Subtree>
					<OnRest canSkip="1">
						<CallbackEventCatch_animal_boidTemplate_onRest>
							<Sequence>
								<Function_animalRandomMove additionalMoveParams="$additionalMoveParams" area="$__resource.id" pathFindParams="$pathFindParams" nodeLabel="26057748" />
								<CheckSurface TestType="EatSpot" Result="$check" />
								<GetType WUID="$__resource.id" OutString="$resourceType" ShowTrueIdentity="false" TreatPlayerAsNPC="true" />
								<Expression expressions="$shouldCheckSurface = false" />
								<EntityContextCheck context="dog_ignoreTerrainCheck" target="$this.id" saveVersion="2">
									<Then canSkip="1">
										<Success />
									</Then>
									<Else canSkip="1">
										<IfCondition failOnCondition="false" condition="$resourceType == &apos;TA&apos; | $resourceType == &apos;SA&apos;">
											<Expression expressions="$shouldCheckSurface = true" />
										</IfCondition>
									</Else>
								</EntityContextCheck>
								<IfElseCondition failOnCondition="false" condition="$check | !$shouldCheckSurface" saveVersion="2">
									<Then canSkip="1">
										<UnstanceAction unstance="animal_eat" locationObject="" slaveObject="" />
									</Then>
									<Else canSkip="1">
										<ForgetDecision decisionLabel="animal_move" />
									</Else>
								</IfElseCondition>
								<Wait duration="&apos;10s&apos;" timeType="GameTime" doFail="false" variation="" />
							</Sequence>
						</CallbackEventCatch_animal_boidTemplate_onRest>
					</OnRest>
				</CallDecorator_animal_boidTemplate>
			</Behavior>
		</Root>
		<ForestContainer />
		<EditorData EventSet="">
			<Variables>
				<Variable name="check" comment="" />
				<Variable name="initDecision" comment="" />
				<Variable name="resourceType" comment="" />
				<Variable name="shouldCheckSurface" comment="" />
			</Variables>
			<ForwardDeclarations />
			<Root hasInputBreakpoint="0" comment="" breakpointFlags="0" saveVersion="2">
				<OutputBreakpoints />
				<OnInit>
					<Decision hasInputBreakpoint="0" comment="" breakpointFlags="0" saveVersion="2">
						<OutputBreakpoints />
						<Search>
							<ForgetDecision hasInputBreakpoint="0" comment="" breakpointFlags="0">
								<OutputBreakpoints />
							</ForgetDecision>
						</Search>
						<Exec>
							<Success hasInputBreakpoint="0" comment="" breakpointFlags="0">
								<OutputBreakpoints />
							</Success>
						</Exec>
					</Decision>
				</OnInit>
				<Behavior>
					<CallDecorator_animal_boidTemplate hasInputBreakpoint="0" comment="" breakpointFlags="0">
						<OutputBreakpoints />
						<Subtree>
							<Function_boidTemplate hasInputBreakpoint="0" comment="" breakpointFlags="0">
								<OutputBreakpoints />
							</Function_boidTemplate>
						</Subtree>
						<OnRest>
							<CallbackEventCatch_animal_boidTemplate_onRest hasInputBreakpoint="0" comment="" breakpointFlags="0">
								<OutputBreakpoints />
								<Sequence hasInputBreakpoint="0" comment="" breakpointFlags="0">
									<OutputBreakpoints />
									<Function_animalRandomMove hasInputBreakpoint="0" comment="" breakpointFlags="0">
										<OutputBreakpoints />
									</Function_animalRandomMove>
									<CheckSurface hasInputBreakpoint="0" comment="" breakpointFlags="0">
										<OutputBreakpoints />
									</CheckSurface>
									<GetType hasInputBreakpoint="0" comment="" breakpointFlags="0">
										<OutputBreakpoints />
									</GetType>
									<Expression hasInputBreakpoint="0" comment="" breakpointFlags="0">
										<OutputBreakpoints />
									</Expression>
									<EntityContextCheck hasInputBreakpoint="0" comment="" breakpointFlags="0" saveVersion="2">
										<OutputBreakpoints />
										<Then>
											<Success hasInputBreakpoint="0" comment="" breakpointFlags="0">
												<OutputBreakpoints />
											</Success>
										</Then>
										<Else>
											<IfCondition hasInputBreakpoint="0" comment="" breakpointFlags="0">
												<OutputBreakpoints />
												<Expression hasInputBreakpoint="0" comment="" breakpointFlags="0">
													<OutputBreakpoints />
												</Expression>
											</IfCondition>
										</Else>
									</EntityContextCheck>
									<IfElseCondition hasInputBreakpoint="0" comment="" breakpointFlags="0" saveVersion="2">
										<OutputBreakpoints />
										<Then>
											<UnstanceAction hasInputBreakpoint="0" comment="" breakpointFlags="0">
												<OutputBreakpoints />
											</UnstanceAction>
										</Then>
										<Else>
											<ForgetDecision hasInputBreakpoint="0" comment="" breakpointFlags="0">
												<OutputBreakpoints />
											</ForgetDecision>
										</Else>
									</IfElseCondition>
									<Wait hasInputBreakpoint="0" comment="" breakpointFlags="0">
										<OutputBreakpoints />
									</Wait>
								</Sequence>
							</CallbackEventCatch_animal_boidTemplate_onRest>
						</OnRest>
					</CallDecorator_animal_boidTemplate>
				</Behavior>
			</Root>
			<Forest />
			<Comments />
		</EditorData>
	</BehaviorTree>
	<BehaviorTree name="use_sleep" is_function="0">
		<Variables>
			<Variable name="check" type="_bool" values="" isPersistent="0" form="single" />
			<Variable name="initDecision" type="_bool" values="" isPersistent="0" form="single" />
			<Variable name="resourceType" type="_string" values="" isPersistent="0" form="single" />
			<Variable name="shouldCheckSurface" type="_bool" values="" isPersistent="0" form="single" />
		</Variables>
		<Root OneTimeOnly="false" FailState="Recoverable" saveVersion="2">
			<OnInit canSkip="1">
				<Decision decisionLabel="animal_sleep" variable="$initDecision" saveVersion="2">
					<Search canSkip="1">
						<ForgetDecision decisionLabel="animal_move" />
					</Search>
					<Exec canSkip="1">
						<Success />
					</Exec>
				</Decision>
			</OnInit>
			<Behavior canSkip="1">
				<CallDecorator_animal_boidTemplate>
					<Subtree canSkip="1">
						<Function_boidTemplate boidDataOrigin="$__object.id" homeArea="$__resource.id" nodeLabel="17022222" />
					</Subtree>
					<OnRest canSkip="1">
						<CallbackEventCatch_animal_boidTemplate_onRest>
							<Sequence>
								<Function_animalRandomMove additionalMoveParams="$additionalMoveParams" area="$__resource.id" pathFindParams="$pathFindParams" nodeLabel="78612756" />
								<CheckSurface TestType="EatSpot" Result="$check" />
								<GetType WUID="$__resource.id" OutString="$resourceType" ShowTrueIdentity="false" TreatPlayerAsNPC="true" />
								<Expression expressions="$shouldCheckSurface = false" />
								<EntityContextCheck context="dog_ignoreTerrainCheck" target="$this.id" saveVersion="2">
									<Then canSkip="1">
										<Success />
									</Then>
									<Else canSkip="1">
										<IfCondition failOnCondition="false" condition="$resourceType == &apos;TA&apos; | $resourceType == &apos;SA&apos;">
											<Expression expressions="$shouldCheckSurface = true" />
										</IfCondition>
									</Else>
								</EntityContextCheck>
								<IfElseCondition failOnCondition="false" condition="$check | !$shouldCheckSurface" saveVersion="2">
									<Then canSkip="1">
										<StanceElement smartObject="" stance="lying" allowAny="false" enabled="true">
											<WaitAction />
										</StanceElement>
									</Then>
									<Else canSkip="1">
										<ForgetDecision decisionLabel="animal_move" />
									</Else>
								</IfElseCondition>
								<Wait duration="&apos;10s&apos;" timeType="GameTime" doFail="false" variation="" />
							</Sequence>
						</CallbackEventCatch_animal_boidTemplate_onRest>
					</OnRest>
				</CallDecorator_animal_boidTemplate>
			</Behavior>
		</Root>
		<ForestContainer />
		<EditorData EventSet="">
			<Variables>
				<Variable name="check" comment="" />
				<Variable name="initDecision" comment="" />
				<Variable name="resourceType" comment="" />
				<Variable name="shouldCheckSurface" comment="" />
			</Variables>
			<ForwardDeclarations />
			<Root hasInputBreakpoint="0" comment="" breakpointFlags="0" saveVersion="2">
				<OutputBreakpoints />
				<OnInit>
					<Decision hasInputBreakpoint="0" comment="" breakpointFlags="0" saveVersion="2">
						<OutputBreakpoints />
						<Search>
							<ForgetDecision hasInputBreakpoint="0" comment="" breakpointFlags="0">
								<OutputBreakpoints />
							</ForgetDecision>
						</Search>
						<Exec>
							<Success hasInputBreakpoint="0" comment="" breakpointFlags="0">
								<OutputBreakpoints />
							</Success>
						</Exec>
					</Decision>
				</OnInit>
				<Behavior>
					<CallDecorator_animal_boidTemplate hasInputBreakpoint="0" comment="" breakpointFlags="0">
						<OutputBreakpoints />
						<Subtree>
							<Function_boidTemplate hasInputBreakpoint="0" comment="" breakpointFlags="0">
								<OutputBreakpoints />
							</Function_boidTemplate>
						</Subtree>
						<OnRest>
							<CallbackEventCatch_animal_boidTemplate_onRest hasInputBreakpoint="0" comment="" breakpointFlags="0">
								<OutputBreakpoints />
								<Sequence hasInputBreakpoint="0" comment="" breakpointFlags="0">
									<OutputBreakpoints />
									<Function_animalRandomMove hasInputBreakpoint="0" comment="" breakpointFlags="0">
										<OutputBreakpoints />
									</Function_animalRandomMove>
									<CheckSurface hasInputBreakpoint="0" comment="" breakpointFlags="0">
										<OutputBreakpoints />
									</CheckSurface>
									<GetType hasInputBreakpoint="0" comment="" breakpointFlags="0">
										<OutputBreakpoints />
									</GetType>
									<Expression hasInputBreakpoint="0" comment="" breakpointFlags="0">
										<OutputBreakpoints />
									</Expression>
									<EntityContextCheck hasInputBreakpoint="0" comment="" breakpointFlags="0" saveVersion="2">
										<OutputBreakpoints />
										<Then>
											<Success hasInputBreakpoint="0" comment="" breakpointFlags="0">
												<OutputBreakpoints />
											</Success>
										</Then>
										<Else>
											<IfCondition hasInputBreakpoint="0" comment="" breakpointFlags="0">
												<OutputBreakpoints />
												<Expression hasInputBreakpoint="0" comment="" breakpointFlags="0">
													<OutputBreakpoints />
												</Expression>
											</IfCondition>
										</Else>
									</EntityContextCheck>
									<IfElseCondition hasInputBreakpoint="0" comment="" breakpointFlags="0" saveVersion="2">
										<OutputBreakpoints />
										<Then>
											<StanceElement hasInputBreakpoint="0" comment="" breakpointFlags="0">
												<OutputBreakpoints />
												<WaitAction hasInputBreakpoint="0" comment="" breakpointFlags="0">
													<OutputBreakpoints />
												</WaitAction>
											</StanceElement>
										</Then>
										<Else>
											<ForgetDecision hasInputBreakpoint="0" comment="" breakpointFlags="0">
												<OutputBreakpoints />
											</ForgetDecision>
										</Else>
									</IfElseCondition>
									<Wait hasInputBreakpoint="0" comment="" breakpointFlags="0">
										<OutputBreakpoints />
									</Wait>
								</Sequence>
							</CallbackEventCatch_animal_boidTemplate_onRest>
						</OnRest>
					</CallDecorator_animal_boidTemplate>
				</Behavior>
			</Root>
			<Forest />
			<Comments />
		</EditorData>
	</BehaviorTree>
	<BehaviorTree name="use_eatFromTrough" is_function="0">
		<Variables />
		<Root OneTimeOnly="false" FailState="Recoverable" saveVersion="2">
			<Behavior canSkip="1">
				<Sequence>
					<UnstanceAction unstance="animal_pig_troughEating" locationObject="$__resource.id" slaveObject="" />
					<Wait duration="&apos;15s&apos;" timeType="GameTime" doFail="false" variation="" skipInLOD="false" />
				</Sequence>
			</Behavior>
		</Root>
		<ForestContainer />
		<EditorData EventSet="">
			<Variables />
			<ForwardDeclarations />
			<Root hasInputBreakpoint="0" comment="" breakpointFlags="0" saveVersion="2">
				<OutputBreakpoints />
				<Behavior>
					<Sequence hasInputBreakpoint="0" comment="" breakpointFlags="0">
						<OutputBreakpoints />
						<UnstanceAction hasInputBreakpoint="0" comment="" breakpointFlags="0">
							<OutputBreakpoints />
						</UnstanceAction>
						<Wait hasInputBreakpoint="0" comment="" breakpointFlags="0">
							<OutputBreakpoints />
						</Wait>
					</Sequence>
				</Behavior>
			</Root>
			<Forest />
			<Comments />
		</EditorData>
	</BehaviorTree>
	<BehaviorTree name="use_sniffing" is_function="0">
		<Variables>
			<Variable name="check" type="_bool" values="" isPersistent="0" form="single" />
			<Variable name="initDecision" type="_bool" values="" isPersistent="0" form="single" />
			<Variable name="resourceType" type="_string" values="" isPersistent="0" form="single" />
			<Variable name="shouldCheckSurface" type="_bool" values="" isPersistent="0" form="single" />
		</Variables>
		<Root OneTimeOnly="false" FailState="Recoverable" saveVersion="2">
			<OnInit canSkip="1">
				<Decision decisionLabel="animal_howl" variable="$initDecision" saveVersion="2">
					<Search canSkip="1">
						<ForgetDecision decisionLabel="animal_move" />
					</Search>
					<Exec canSkip="1">
						<Success />
					</Exec>
				</Decision>
			</OnInit>
			<Behavior canSkip="1">
				<CallDecorator_animal_boidTemplate>
					<Subtree canSkip="1">
						<Function_boidTemplate boidDataOrigin="$__object.id" homeArea="$__resource.id" nodeLabel="11963823" />
					</Subtree>
					<OnRest canSkip="1">
						<CallbackEventCatch_animal_boidTemplate_onRest>
							<Sequence>
								<Function_animalRandomMove additionalMoveParams="$additionalMoveParams" area="$__resource.id" pathFindParams="$pathFindParams" nodeLabel="62347304" />
								<CheckSurface TestType="EatSpot" Result="$check" />
								<GetType WUID="$__resource.id" OutString="$resourceType" ShowTrueIdentity="false" TreatPlayerAsNPC="true" />
								<Expression expressions="$shouldCheckSurface = false" />
								<EntityContextCheck context="dog_ignoreTerrainCheck" target="$this.id" saveVersion="2">
									<Then canSkip="1">
										<Success />
									</Then>
									<Else canSkip="1">
										<IfCondition failOnCondition="false" condition="$resourceType == &apos;TA&apos; | $resourceType == &apos;SA&apos;">
											<Expression expressions="$shouldCheckSurface = true" />
										</IfCondition>
									</Else>
								</EntityContextCheck>
								<IfElseCondition failOnCondition="false" condition="$check | !$shouldCheckSurface" saveVersion="2">
									<Then canSkip="1">
										<UnstanceAction unstance="animal_pig_sniffing" locationObject="" slaveObject="" />
									</Then>
									<Else canSkip="1">
										<ForgetDecision decisionLabel="animal_move" />
									</Else>
								</IfElseCondition>
								<Wait duration="&apos;10s&apos;" timeType="GameTime" doFail="false" variation="" />
							</Sequence>
						</CallbackEventCatch_animal_boidTemplate_onRest>
					</OnRest>
				</CallDecorator_animal_boidTemplate>
			</Behavior>
		</Root>
		<ForestContainer />
		<EditorData EventSet="">
			<Variables>
				<Variable name="check" comment="" />
				<Variable name="initDecision" comment="" />
				<Variable name="resourceType" comment="" />
				<Variable name="shouldCheckSurface" comment="" />
			</Variables>
			<ForwardDeclarations />
			<Root hasInputBreakpoint="0" comment="" breakpointFlags="0" saveVersion="2">
				<OutputBreakpoints />
				<OnInit>
					<Decision hasInputBreakpoint="0" comment="" breakpointFlags="0" saveVersion="2">
						<OutputBreakpoints />
						<Search>
							<ForgetDecision hasInputBreakpoint="0" comment="" breakpointFlags="0">
								<OutputBreakpoints />
							</ForgetDecision>
						</Search>
						<Exec>
							<Success hasInputBreakpoint="0" comment="" breakpointFlags="0">
								<OutputBreakpoints />
							</Success>
						</Exec>
					</Decision>
				</OnInit>
				<Behavior>
					<CallDecorator_animal_boidTemplate hasInputBreakpoint="0" comment="" breakpointFlags="0">
						<OutputBreakpoints />
						<Subtree>
							<Function_boidTemplate hasInputBreakpoint="0" comment="" breakpointFlags="0">
								<OutputBreakpoints />
							</Function_boidTemplate>
						</Subtree>
						<OnRest>
							<CallbackEventCatch_animal_boidTemplate_onRest hasInputBreakpoint="0" comment="" breakpointFlags="0">
								<OutputBreakpoints />
								<Sequence hasInputBreakpoint="0" comment="" breakpointFlags="0">
									<OutputBreakpoints />
									<Function_animalRandomMove hasInputBreakpoint="0" comment="" breakpointFlags="0">
										<OutputBreakpoints />
									</Function_animalRandomMove>
									<CheckSurface hasInputBreakpoint="0" comment="" breakpointFlags="0">
										<OutputBreakpoints />
									</CheckSurface>
									<GetType hasInputBreakpoint="0" comment="" breakpointFlags="0">
										<OutputBreakpoints />
									</GetType>
									<Expression hasInputBreakpoint="0" comment="" breakpointFlags="0">
										<OutputBreakpoints />
									</Expression>
									<EntityContextCheck hasInputBreakpoint="0" comment="" breakpointFlags="0" saveVersion="2">
										<OutputBreakpoints />
										<Then>
											<Success hasInputBreakpoint="0" comment="" breakpointFlags="0">
												<OutputBreakpoints />
											</Success>
										</Then>
										<Else>
											<IfCondition hasInputBreakpoint="0" comment="" breakpointFlags="0">
												<OutputBreakpoints />
												<Expression hasInputBreakpoint="0" comment="" breakpointFlags="0">
													<OutputBreakpoints />
												</Expression>
											</IfCondition>
										</Else>
									</EntityContextCheck>
									<IfElseCondition hasInputBreakpoint="0" comment="" breakpointFlags="0" saveVersion="2">
										<OutputBreakpoints />
										<Then>
											<UnstanceAction hasInputBreakpoint="0" comment="" breakpointFlags="0">
												<OutputBreakpoints />
											</UnstanceAction>
										</Then>
										<Else>
											<ForgetDecision hasInputBreakpoint="0" comment="" breakpointFlags="0">
												<OutputBreakpoints />
											</ForgetDecision>
										</Else>
									</IfElseCondition>
									<Wait hasInputBreakpoint="0" comment="" breakpointFlags="0">
										<OutputBreakpoints />
									</Wait>
								</Sequence>
							</CallbackEventCatch_animal_boidTemplate_onRest>
						</OnRest>
					</CallDecorator_animal_boidTemplate>
				</Behavior>
			</Root>
			<Forest />
			<Comments />
		</EditorData>
	</BehaviorTree>
	<BehaviorTree name="use_rochneni" is_function="0">
		<Variables>
			<Variable name="initDecision" type="_bool" values="" isPersistent="0" form="single" />
		</Variables>
		<Root OneTimeOnly="false" FailState="Recoverable" saveVersion="2">
			<Behavior canSkip="1">
				<Decision decisionLabel="animal_pig_rochneni" variable="$initDecision" saveVersion="2">
					<Search canSkip="1">
						<Success />
					</Search>
					<Exec canSkip="1">
						<Sequence>
							<IfCondition failOnCondition="false" condition="!$initDecision">
								<Sequence>
									<ExactMove directionType="AlignWithEntity" directionSpecification="$__resource.id" animationTriggerDist="0.150000" precise="true" changeNPCState="true" fastForwardIncludesMove="true" destinationSpecification="$__resource.id" destinationSpecification2="" destinationSpecification3="" speed="Walk" additionalParams="" pathFindingParams="" staminaPolicy="" pathInfo="" />
									<Expression expressions="$initDecision = true" />
								</Sequence>
							</IfCondition>
							<StanceElement smartObject="" stance="lying" allowAny="false" enabled="true">
								<UnstanceAction unstance="animal_pig_rochneni" locationObject="" slaveObject="" />
							</StanceElement>
							<Wait duration="&apos;15s&apos;" timeType="GameTime" doFail="false" variation="" />
						</Sequence>
					</Exec>
				</Decision>
			</Behavior>
		</Root>
		<ForestContainer />
		<EditorData EventSet="">
			<Variables>
				<Variable name="initDecision" comment="" />
			</Variables>
			<ForwardDeclarations />
			<Root hasInputBreakpoint="0" comment="" breakpointFlags="0" saveVersion="2">
				<OutputBreakpoints />
				<Behavior>
					<Decision hasInputBreakpoint="0" comment="" breakpointFlags="0" saveVersion="2">
						<OutputBreakpoints />
						<Search>
							<Success hasInputBreakpoint="0" comment="" breakpointFlags="0">
								<OutputBreakpoints />
							</Success>
						</Search>
						<Exec>
							<Sequence hasInputBreakpoint="0" comment="" breakpointFlags="0">
								<OutputBreakpoints />
								<IfCondition hasInputBreakpoint="0" comment="" breakpointFlags="0">
									<OutputBreakpoints />
									<Sequence hasInputBreakpoint="0" comment="" breakpointFlags="0">
										<OutputBreakpoints />
										<ExactMove hasInputBreakpoint="0" comment="" breakpointFlags="0">
											<OutputBreakpoints />
										</ExactMove>
										<Expression hasInputBreakpoint="0" comment="" breakpointFlags="0">
											<OutputBreakpoints />
										</Expression>
									</Sequence>
								</IfCondition>
								<StanceElement hasInputBreakpoint="0" comment="" breakpointFlags="0">
									<OutputBreakpoints />
									<UnstanceAction hasInputBreakpoint="0" comment="" breakpointFlags="0">
										<OutputBreakpoints />
									</UnstanceAction>
								</StanceElement>
								<Wait hasInputBreakpoint="0" comment="" breakpointFlags="0">
									<OutputBreakpoints />
								</Wait>
							</Sequence>
						</Exec>
					</Decision>
				</Behavior>
			</Root>
			<Forest />
			<Comments />
		</EditorData>
	</BehaviorTree>
</BehaviorTrees>