<?xml version="1.0" encoding="us-ascii"?>
<BehaviorTrees>
  <BehaviorTree name="onUpdate" is_function="0">
    <Variables>
      <Variable name="trough" type="_wuid" values="" isPersistent="0" form="single" />
    </Variables>
    <Root OneTimeOnly="false" FailState="Recoverable" saveVersion="2">
      <OnInit canSkip="1">
        <GraphSearch Origin="" Borders="" depth="1" selection="true" SearchPattern="Depth" EdgePruning="&apos;parent,inventory&apos;" AllowedEdges="" SubGraph="" AllowSubtraph="false" includeOrigin="false" excludeOrigin="false" failOnEmpty="true" SetOperationChoice="Intersection|And" errorOnEmpty="false" shortCircuit="false" skipTraversed="true">
          <CategoryFilter categories="&apos;pigFeederPivot&apos;" Source="Child" prune="true" negprune="unknown" Parent="" Child="" />
          <Nodalyzer Quantifiers="Exists" Parent="" Child="$trough" saveVersion="2" />
        </GraphSearch>
      </OnInit>
      <Behavior canSkip="1">
        <Wait duration="&apos;-1&apos;" timeType="GameTime" doFail="false" variation="" skipInLOD="false" />
      </Behavior>
    </Root>
    <ForestContainer />
    <EditorData EventSet="">
      <Variables>
        <Variable name="trough" comment="" />
      </Variables>
      <ForwardDeclarations />
      <Root hasInputBreakpoint="0" comment="" breakpointFlags="0" saveVersion="2">
        <OutputBreakpoints />
        <OnInit>
          <GraphSearch hasInputBreakpoint="0" comment="" breakpointFlags="0">
            <OutputBreakpoints />
            <CategoryFilter hasInputBreakpoint="0" comment="" breakpointFlags="0">
              <OutputBreakpoints />
            </CategoryFilter>
            <Nodalyzer hasInputBreakpoint="0" comment="" breakpointFlags="0" saveVersion="2">
              <OutputBreakpoints />
            </Nodalyzer>
          </GraphSearch>
        </OnInit>
        <Behavior>
          <Wait hasInputBreakpoint="0" comment="" breakpointFlags="0">
            <OutputBreakpoints />
          </Wait>
        </Behavior>
      </Root>
      <Forest />
      <Comments />
    </EditorData>
  </BehaviorTree>
  <BehaviorTree name="onRequest" is_function="0">
    <Variables />
    <Root OneTimeOnly="false" FailState="Recoverable" saveVersion="2">
      <Behavior canSkip="1">
        <IfCondition failOnCondition="false" condition="$__bodyInfo.isMonsterLod">
          <Switch>
            <IfCondition failOnCondition="false" condition="$__behaviorName == &apos;pigFeeding&apos;">
              <InstantSendMessageToNPC target="$trough" type="&apos;animal:pigFeedEvent&apos;" values="" />
            </IfCondition>
            <DefaultBranch>
              <Success />
            </DefaultBranch>
          </Switch>
        </IfCondition>
      </Behavior>
    </Root>
    <ForestContainer />
    <EditorData EventSet="">
      <Variables />
      <ForwardDeclarations />
      <Root hasInputBreakpoint="0" comment="" breakpointFlags="0" saveVersion="2">
        <OutputBreakpoints />
        <Behavior>
          <IfCondition hasInputBreakpoint="0" comment="" breakpointFlags="0">
            <OutputBreakpoints />
            <Switch hasInputBreakpoint="0" comment="" breakpointFlags="0">
              <OutputBreakpoints />
              <IfCondition hasInputBreakpoint="0" comment="" breakpointFlags="0">
                <OutputBreakpoints />
                <InstantSendMessageToNPC hasInputBreakpoint="0" comment="" breakpointFlags="0">
                  <OutputBreakpoints />
                </InstantSendMessageToNPC>
              </IfCondition>
              <DefaultBranch>
                <Success hasInputBreakpoint="0" comment="" breakpointFlags="0">
                  <OutputBreakpoints />
                </Success>
              </DefaultBranch>
            </Switch>
          </IfCondition>
        </Behavior>
      </Root>
      <Forest />
      <Comments />
    </EditorData>
  </BehaviorTree>
</BehaviorTrees>