<?xml version="1.0" encoding="us-ascii"?>
<BehaviorTrees>
  <BehaviorTree name="move_move" is_function="0">
    <Variables />
    <Parameters>
      <Variable name="destination" type="_wuid" values="" isPersistent="0" form="single" requirementType="In" />
      <Variable name="speed" type="_string" values="" isPersistent="0" form="single" requirementType="In" />
      <Variable name="stealth" type="_bool" values="" isPersistent="0" form="single" requirementType="In" />
      <Variable name="successDistance" type="_float" values="" isPersistent="0" form="single" requirementType="In" />
    </Parameters>
    <Root OneTimeOnly="false" FailState="Recoverable" saveVersion="2">
      <Behavior canSkip="1">
        <MoveParamsDecorator speed="$speed" pathFindingParams="" doorClosingPolicy="Automatic">
          <EntityContextElement context="speech_readyForSwitchDialog" enabled="true">
            <Sequence>
              <Move stopWithinDistance="0.200000" stopDistanceVariation="0.100000" rayCasteFlee="false" successDistance="$successDistance" changeNPCState="true" fastForwardIncludesMove="false" destinationSpecification="$destination" destinationSpecification2="" destinationSpecification3="" speed="$speed" additionalParams="" pathFindingParams="" staminaPolicy="" pathInfo="" />
              <InstantCallback_empty EventName="&apos;OnFinished&apos;" />
              <Wait duration="&apos;-1&apos;" timeType="GameTime" doFail="false" variation="" skipInLOD="false" />
            </Sequence>
          </EntityContextElement>
        </MoveParamsDecorator>
      </Behavior>
    </Root>
    <ForestContainer />
    <EditorData Signature="moveData" EventSet="endNotification">
      <Variables>
        <Variable name="destination" comment="" />
        <Variable name="speed" comment="" />
        <Variable name="stealth" comment="" />
        <Variable name="successDistance" comment="" />
      </Variables>
      <ForwardDeclarations />
      <Root hasInputBreakpoint="0" comment="" breakpointFlags="0" saveVersion="2">
        <OutputBreakpoints />
        <Behavior>
          <MoveParamsDecorator hasInputBreakpoint="0" comment="" breakpointFlags="0">
            <OutputBreakpoints />
            <EntityContextElement hasInputBreakpoint="0" comment="" breakpointFlags="0">
              <OutputBreakpoints />
              <Sequence hasInputBreakpoint="0" comment="" breakpointFlags="0">
                <OutputBreakpoints />
                <Move hasInputBreakpoint="0" comment="" breakpointFlags="0">
                  <OutputBreakpoints />
                </Move>
                <InstantCallback_empty hasInputBreakpoint="0" comment="" breakpointFlags="0">
                  <OutputBreakpoints />
                </InstantCallback_empty>
                <Wait hasInputBreakpoint="0" comment="" breakpointFlags="0">
                  <OutputBreakpoints />
                </Wait>
              </Sequence>
            </EntityContextElement>
          </MoveParamsDecorator>
        </Behavior>
      </Root>
      <Forest />
      <Comments />
    </EditorData>
  </BehaviorTree>
  <BehaviorTree name="exactMove" is_function="0">
    <Variables />
    <Parameters>
      <Variable name="destination" type="_wuid" values="" isPersistent="0" form="single" requirementType="In" />
      <Variable name="fastForwardIncludes" type="_bool" values="" isPersistent="0" form="single" requirementType="In" />
      <Variable name="speed" type="enum:movementSpeed" values="alertedWalk" isPersistent="0" form="single" requirementType="In" />
    </Parameters>
    <Root OneTimeOnly="false" FailState="Recoverable" saveVersion="2">
      <Behavior canSkip="1">
        <MoveParamsDecorator speed="$speed" pathFindingParams="" doorClosingPolicy="Automatic">
          <EntityContextElement context="speech_readyForSwitchDialog" enabled="true">
            <Sequence>
              <ExactMove directionType="AlignWithEntity" directionSpecification="$destination" animationTriggerDist="0.150000" precise="false" changeNPCState="true" fastForwardIncludesMove="$fastForwardIncludes" destinationSpecification="$destination" destinationSpecification2="" destinationSpecification3="" speed="$speed" additionalParams="" pathFindingParams="" staminaPolicy="" pathInfo="" />
              <InstantCallback_empty EventName="&apos;OnFinished&apos;" />
              <Wait duration="&apos;-1&apos;" timeType="GameTime" doFail="false" variation="" skipInLOD="false" />
            </Sequence>
          </EntityContextElement>
        </MoveParamsDecorator>
      </Behavior>
    </Root>
    <ForestContainer />
    <EditorData Signature="exactMoveData" EventSet="endNotification">
      <Variables>
        <Variable name="destination" comment="" />
        <Variable name="fastForwardIncludes" comment="" />
        <Variable name="speed" comment="" />
      </Variables>
      <ForwardDeclarations />
      <Root hasInputBreakpoint="0" comment="" breakpointFlags="0" saveVersion="2">
        <OutputBreakpoints />
        <Behavior>
          <MoveParamsDecorator hasInputBreakpoint="0" comment="" breakpointFlags="0">
            <OutputBreakpoints />
            <EntityContextElement hasInputBreakpoint="0" comment="" breakpointFlags="0">
              <OutputBreakpoints />
              <Sequence hasInputBreakpoint="0" comment="" breakpointFlags="0">
                <OutputBreakpoints />
                <ExactMove hasInputBreakpoint="0" comment="" breakpointFlags="0">
                  <OutputBreakpoints />
                </ExactMove>
                <InstantCallback_empty hasInputBreakpoint="0" comment="" breakpointFlags="0">
                  <OutputBreakpoints />
                </InstantCallback_empty>
                <Wait hasInputBreakpoint="0" comment="" breakpointFlags="0">
                  <OutputBreakpoints />
                </Wait>
              </Sequence>
            </EntityContextElement>
          </MoveParamsDecorator>
        </Behavior>
      </Root>
      <Forest />
      <Comments />
    </EditorData>
  </BehaviorTree>
</BehaviorTrees>