<?xml version="1.0" encoding="us-ascii"?>
<BehaviorTrees>
  <BehaviorTree name="moveOnHorse" is_function="1">
    <Variables>
      <Variable name="test" type="_wuid" values="" isPersistent="0" form="single" />
    </Variables>
    <Parameters>
      <Variable name="horse" type="_wuid" values="" isPersistent="0" form="single" requirementType="In" />
      <Variable name="moveData" type="_wuid" values="" isPersistent="0" form="single" requirementType="In" />
      <Variable name="speed" type="enum:movementSpeed" values="" isPersistent="0" form="single" requirementType="In" />
    </Parameters>
    <Root OneTimeOnly="false" FailState="Recoverable" saveVersion="2">
      <Behavior canSkip="1">
        <MoveParamsDecorator speed="$speed" pathFindingParams="" doorClosingPolicy="Automatic">
          <Sequence>
            <StanceElement smartObject="$horse" stance="horse" allowAny="false">
              <Sequence>
                <WaitAction />
                <Move stopWithinDistance="0.200000" stopDistanceVariation="0.100000" rayCasteFlee="false" successDistance="3.000000" changeNPCState="true" fastForwardIncludesMove="false" destinationSpecification="$moveData" destinationSpecification2="" destinationSpecification3="" speed="$speed" additionalParams="" pathFindingParams="" staminaPolicy="" pathInfo="" AnimationToPlay="" AnimationContext="" />
              </Sequence>
            </StanceElement>
            <Callback_empty EventName="&apos;OnFinished&apos;" />
          </Sequence>
        </MoveParamsDecorator>
      </Behavior>
    </Root>
    <ForestContainer />
    <EditorData Signature="moveOnHorse" EventSet="endNotification">
      <Variables>
        <Variable name="test" comment="" />
        <Variable name="horse" comment="" />
        <Variable name="moveData" comment="" />
        <Variable name="speed" comment="" />
      </Variables>
      <ForwardDeclarations />
      <Root hasInputBreakpoint="0" comment="" breakpointFlags="0" saveVersion="2">
        <OutputBreakpoints />
        <Behavior>
          <MoveParamsDecorator hasInputBreakpoint="0" comment="" breakpointFlags="0">
            <OutputBreakpoints />
            <Sequence hasInputBreakpoint="0" comment="" breakpointFlags="0">
              <OutputBreakpoints />
              <StanceElement hasInputBreakpoint="0" comment="" breakpointFlags="0">
                <OutputBreakpoints />
                <Sequence hasInputBreakpoint="0" comment="" breakpointFlags="0">
                  <OutputBreakpoints />
                  <WaitAction hasInputBreakpoint="0" comment="" breakpointFlags="0">
                    <OutputBreakpoints />
                  </WaitAction>
                  <Move hasInputBreakpoint="0" comment="" breakpointFlags="0">
                    <OutputBreakpoints />
                  </Move>
                </Sequence>
              </StanceElement>
              <Callback_empty hasInputBreakpoint="0" comment="" breakpointFlags="0">
                <OutputBreakpoints />
              </Callback_empty>
            </Sequence>
          </MoveParamsDecorator>
        </Behavior>
      </Root>
      <Forest />
      <Comments />
    </EditorData>
  </BehaviorTree>
</BehaviorTrees>