<?xml version="1.0" encoding="us-ascii"?>
<BehaviorTrees>
  <BehaviorTree name="moveOnHorse_barkOnPlayerSeen" is_function="0">
    <Variables>
      <Variable name="seenEntity" type="perceptionInfo" values="" isPersistent="0" form="single" />
    </Variables>
    <Parameters>
      <Variable name="alias" type="_string" values="" isPersistent="0" form="single" requirementType="In" />
      <Variable name="horse" type="_wuid" values="" isPersistent="0" form="single" requirementType="In" />
      <Variable name="moveData" type="_wuid" values="" isPersistent="0" form="single" requirementType="In" />
    </Parameters>
    <Root OneTimeOnly="false" FailState="Recoverable" saveVersion="2">
      <Behavior canSkip="1">
        <Parallel successMode="Any" failureMode="Any">
          <Function_moveOnHorse horse="$horse" moveData="$moveData" speed="$enum:movementSpeed.walk" nodeLabel="20502192" />
          <Function_barkOnPlayerSeenLoop string="$alias" nodeLabel="83613432" />
        </Parallel>
      </Behavior>
    </Root>
    <ForestContainer />
    <EditorData Signature="moveOnHorseAndChat" EventSet="endNotification">
      <Variables>
        <Variable name="seenEntity" comment="" />
        <Variable name="alias" comment="" />
        <Variable name="horse" comment="" />
        <Variable name="moveData" comment="" />
      </Variables>
      <ForwardDeclarations />
      <Root hasInputBreakpoint="0" comment="" breakpointFlags="0" saveVersion="2">
        <OutputBreakpoints />
        <Behavior>
          <Parallel hasInputBreakpoint="0" comment="" breakpointFlags="0">
            <OutputBreakpoints />
            <Function_moveOnHorse hasInputBreakpoint="0" comment="" breakpointFlags="0">
              <OutputBreakpoints />
            </Function_moveOnHorse>
            <Function_barkOnPlayerSeenLoop hasInputBreakpoint="0" comment="" breakpointFlags="0">
              <OutputBreakpoints />
            </Function_barkOnPlayerSeenLoop>
          </Parallel>
        </Behavior>
      </Root>
      <Forest />
      <Comments />
    </EditorData>
  </BehaviorTree>
</BehaviorTrees>