<?xml version="1.0" encoding="us-ascii"?>
<BehaviorTrees>
  <BehaviorTree name="crime_watch_getDuration" is_function="1">
    <Variables>
      <Variable name="crimeLevel" type="enum:crime_crimeLevel" values="" isPersistent="0" form="single" />
      <Variable name="crimeLevelString" type="_string" values="" isPersistent="0" form="single" />
      <Variable name="durationFloat" type="_float" values="" isPersistent="0" form="single" />
      <Variable name="durationInt" type="_int" values="" isPersistent="0" form="single" />
      <Variable name="durationMultiplierKey" type="_string" values="" isPersistent="0" form="single" />
    </Variables>
    <Parameters>
      <Variable name="duration" type="_string" values="" isPersistent="0" form="single" requirementType="Out" />
      <Variable name="watchData" type="switch:interruptData:watch" values="" isPersistent="0" form="single" requirementType="ConstReference" />
    </Parameters>
    <Root OneTimeOnly="false" FailState="Recoverable" saveVersion="2">
      <Behavior canSkip="1">
        <Sequence>
          <Expression expressions="$crimeLevel = $watchData.crimeLevel" />
          <Function_crime_crimeLevelToString crimeLevel="$crimeLevel" string="$crimeLevelString" nodeLabel="83161848" />
          <Concatenation OutString="$durationMultiplierKey" Pattern="&apos;crime_watchDurationMultiplier_$crimeLevelString;&apos;" />
          <Expression expressions="$durationFloat = $data:script_param[&apos;crime_watchDuration&apos;].value * $data:script_param[$durationMultiplierKey].value" />
          <NumericalOperation In1VariableName="durationFloat" In2VariableName="" In3VariableName="" OutVariableName="$durationInt" Operation="float2int" />
          <Concatenation OutString="$duration" Pattern="&apos;$durationInt;ms&apos;" />
        </Sequence>
      </Behavior>
    </Root>
    <ForestContainer />
    <EditorData EventSet="">
      <Variables>
        <Variable name="crimeLevel" comment="" />
        <Variable name="crimeLevelString" comment="" />
        <Variable name="durationFloat" comment="" />
        <Variable name="durationInt" comment="" />
        <Variable name="durationMultiplierKey" comment="" />
        <Variable name="duration" comment="" />
        <Variable name="watchData" comment="" />
      </Variables>
      <ForwardDeclarations />
      <Root hasInputBreakpoint="0" comment="" breakpointFlags="0" saveVersion="2">
        <OutputBreakpoints />
        <Behavior>
          <Sequence hasInputBreakpoint="0" comment="" breakpointFlags="0">
            <OutputBreakpoints />
            <Expression hasInputBreakpoint="0" comment="" breakpointFlags="0">
              <OutputBreakpoints />
            </Expression>
            <Function_crime_crimeLevelToString hasInputBreakpoint="0" comment="" breakpointFlags="0">
              <OutputBreakpoints />
            </Function_crime_crimeLevelToString>
            <Concatenation hasInputBreakpoint="0" comment="" breakpointFlags="0">
              <OutputBreakpoints />
            </Concatenation>
            <Expression hasInputBreakpoint="0" comment="" breakpointFlags="0">
              <OutputBreakpoints />
            </Expression>
            <NumericalOperation hasInputBreakpoint="0" comment="" breakpointFlags="0">
              <OutputBreakpoints />
            </NumericalOperation>
            <Concatenation hasInputBreakpoint="0" comment="" breakpointFlags="0">
              <OutputBreakpoints />
            </Concatenation>
          </Sequence>
        </Behavior>
      </Root>
      <Forest />
      <Comments />
    </EditorData>
  </BehaviorTree>
</BehaviorTrees>