<?xml version="1.0" encoding="us-ascii"?>
<BehaviorTrees>
  <BehaviorTree name="switch_animal_getPointOutsideLabelFromBuffer" is_function="1">
    <Variables>
      <Variable name="break" type="_bool" values="false" isPersistent="0" form="single" />
      <Variable name="currentIndex" type="_int" values="" isPersistent="0" form="single" />
      <Variable name="vec3_zero" type="vec3" values="" isPersistent="0" form="single" />
    </Variables>
    <Parameters>
      <Variable name="buffer" type="vec3" values="" isPersistent="0" form="array" requirementType="In" />
      <Variable name="buffer_nextIndex" type="_int" values="" isPersistent="0" form="single" requirementType="In" />
      <Variable name="buffer_size" type="_int" values="" isPersistent="0" form="single" requirementType="In" />
      <Variable name="label" type="_string" values="" isPersistent="0" form="single" requirementType="In" />
      <Variable name="resultFound" type="_bool" values="" isPersistent="0" form="single" requirementType="Out" />
      <Variable name="resultPoint" type="vec3" values="" isPersistent="0" form="single" requirementType="Out" />
    </Parameters>
    <Root OneTimeOnly="false" FailState="Recoverable" saveVersion="2">
      <Behavior canSkip="1">
        <AtomicDecorator>
          <Sequence>
            <Expression expressions="$currentIndex = ($buffer_nextIndex-1) % $buffer_size &#10;$currentIndex = ($currentIndex &lt; 0 ) ? $currentIndex+$buffer_size : $currentIndex" />
            <While doFail="false" propagateChildFail="false" condition="~$break">
              <Sequence>
                <VariableExistsGate VarToTest="$buffer[ $currentIndex ]" VarIndexMode="All" FailSubtMissing="false" saveVersion="2">
                  <Then canSkip="1">
                    <IsInsideAreaWithLabel Position="$buffer[ $currentIndex ]" Label="$label" Area="" FailSubtMissing="false" saveVersion="2">
                      <Else canSkip="1">
                        <Expression expressions="$resultFound = true &#10;$resultPoint = $buffer[ $currentIndex ] &#10;$break = true" />
                      </Else>
                    </IsInsideAreaWithLabel>
                  </Then>
                  <Else canSkip="1">
                    <Expression expressions="$break = true" />
                  </Else>
                </VariableExistsGate>
                <Expression expressions="$currentIndex = ($currentIndex-1) % $buffer_size &#10;$currentIndex = ($currentIndex &lt; 0 ) ? $currentIndex+$buffer_size : $currentIndex" />
                <IfCondition failOnCondition="false" condition="$currentIndex == $buffer_nextIndex">
                  <Expression expressions="$break = true" />
                </IfCondition>
              </Sequence>
            </While>
          </Sequence>
        </AtomicDecorator>
      </Behavior>
    </Root>
    <ForestContainer />
    <EditorData EventSet="">
      <Variables>
        <Variable name="break" comment="" />
        <Variable name="currentIndex" comment="" />
        <Variable name="vec3_zero" comment="" />
        <Variable name="buffer" comment="" />
        <Variable name="buffer_nextIndex" comment="" />
        <Variable name="buffer_size" comment="" />
        <Variable name="label" comment="" />
        <Variable name="resultFound" comment="" />
        <Variable name="resultPoint" comment="" />
      </Variables>
      <ForwardDeclarations />
      <Root editorPosX="-10" editorPosY="-10" hasInputBreakpoint="0" comment="" breakpointFlags="0" saveVersion="2">
        <OutputBreakpoints />
        <Behavior>
          <AtomicDecorator hasInputBreakpoint="0" comment="" breakpointFlags="0">
            <OutputBreakpoints />
            <Sequence hasInputBreakpoint="0" comment="" breakpointFlags="0">
              <OutputBreakpoints />
              <Expression hasInputBreakpoint="0" comment="" breakpointFlags="0">
                <OutputBreakpoints />
              </Expression>
              <While hasInputBreakpoint="0" comment="" breakpointFlags="0">
                <OutputBreakpoints />
                <Sequence hasInputBreakpoint="0" comment="" breakpointFlags="0">
                  <OutputBreakpoints />
                  <VariableExistsGate hasInputBreakpoint="0" comment="" breakpointFlags="0" saveVersion="2">
                    <OutputBreakpoints />
                    <Then>
                      <IsInsideAreaWithLabel hasInputBreakpoint="0" comment="" breakpointFlags="0" saveVersion="2">
                        <OutputBreakpoints />
                        <Else>
                          <Expression hasInputBreakpoint="0" comment="" breakpointFlags="0">
                            <OutputBreakpoints />
                          </Expression>
                        </Else>
                      </IsInsideAreaWithLabel>
                    </Then>
                    <Else>
                      <Expression hasInputBreakpoint="0" comment="Pointless to go further" breakpointFlags="0">
                        <OutputBreakpoints />
                      </Expression>
                    </Else>
                  </VariableExistsGate>
                  <Expression hasInputBreakpoint="0" comment="" breakpointFlags="0">
                    <OutputBreakpoints />
                  </Expression>
                  <IfCondition hasInputBreakpoint="0" comment="" breakpointFlags="0">
                    <OutputBreakpoints />
                    <Expression hasInputBreakpoint="0" comment="" breakpointFlags="0">
                      <OutputBreakpoints />
                    </Expression>
                  </IfCondition>
                </Sequence>
              </While>
            </Sequence>
          </AtomicDecorator>
        </Behavior>
      </Root>
      <Forest />
      <Comments />
    </EditorData>
  </BehaviorTree>
</BehaviorTrees>