<?xml version="1.0" encoding="us-ascii"?>
<BehaviorTrees>
  <BehaviorTree name="switch_animal_oneShotAnimalAlarm" is_function="1">
    <Variables>
      <Variable name="animalAlarmInformation" type="information" values="" isPersistent="0" form="single" />
      <Variable name="pos_vec3" type="vec3" values="" isPersistent="0" form="single" />
    </Variables>
    <Parameters>
      <Variable name="positionWuid" type="_wuid" values="" isPersistent="0" form="single" requirementType="In" />
    </Parameters>
    <Root OneTimeOnly="false" FailState="Recoverable" saveVersion="2">
      <Behavior canSkip="1">
        <Sequence>
          <CreateInformationWrapper Label="&apos;animal_alarm&apos;" PerceivedWuid="$this.id" PositionType="perceivedWuid" PositionVec3="" PositionWuid="" Information="$animalAlarmInformation" />
          <LockDynamicInformationValues Information="$animalAlarmInformation">
            <Sequence>
              <GetSpatialInfo In="$positionWuid" Out="$pos_vec3" What="Position" />
              <SetDynamicInformationValue Information="$animalAlarmInformation" Tag="&apos;escapeFromVec3&apos;" Variable="$pos_vec3" Type="" Value="" />
              <SetDynamicInformationValue Information="$animalAlarmInformation" Tag="&apos;stimulusKind&apos;" Variable="$enum:crime_animal_stimulusKind.hit" Type="" Value="" />
            </Sequence>
          </LockDynamicInformationValues>
          <InformationEmittingStart Information="$animalAlarmInformation" Periodicity="&apos;1s&apos;" TimerType="GameTime" Radius="10.000000" />
          <Wait duration="&apos;1s&apos;" timeType="GameTime" doFail="false" variation="" skipInLOD="false" />
          <InformationEmittingEnd Information="$animalAlarmInformation" />
          <Wait duration="&apos;-1&apos;" timeType="GameTime" doFail="false" variation="" skipInLOD="false" />
        </Sequence>
      </Behavior>
    </Root>
    <ForestContainer />
    <EditorData EventSet="">
      <Variables>
        <Variable name="animalAlarmInformation" comment="" />
        <Variable name="pos_vec3" comment="" />
        <Variable name="positionWuid" comment="" />
      </Variables>
      <ForwardDeclarations />
      <Root hasInputBreakpoint="0" comment="" breakpointFlags="0" saveVersion="2">
        <OutputBreakpoints />
        <Behavior>
          <Sequence hasInputBreakpoint="0" comment="" breakpointFlags="0">
            <OutputBreakpoints />
            <CreateInformationWrapper hasInputBreakpoint="0" comment="" breakpointFlags="0">
              <OutputBreakpoints />
            </CreateInformationWrapper>
            <LockDynamicInformationValues hasInputBreakpoint="0" comment="" breakpointFlags="0">
              <OutputBreakpoints />
              <Sequence hasInputBreakpoint="0" comment="" breakpointFlags="0">
                <OutputBreakpoints />
                <GetSpatialInfo hasInputBreakpoint="0" comment="" breakpointFlags="0">
                  <OutputBreakpoints />
                </GetSpatialInfo>
                <SetDynamicInformationValue hasInputBreakpoint="0" comment="" breakpointFlags="0">
                  <OutputBreakpoints />
                </SetDynamicInformationValue>
                <SetDynamicInformationValue hasInputBreakpoint="0" comment="" breakpointFlags="0">
                  <OutputBreakpoints />
                </SetDynamicInformationValue>
              </Sequence>
            </LockDynamicInformationValues>
            <InformationEmittingStart hasInputBreakpoint="0" comment="" breakpointFlags="0">
              <OutputBreakpoints />
            </InformationEmittingStart>
            <Wait hasInputBreakpoint="0" comment="" breakpointFlags="0">
              <OutputBreakpoints />
            </Wait>
            <InformationEmittingEnd hasInputBreakpoint="0" comment="" breakpointFlags="0">
              <OutputBreakpoints />
            </InformationEmittingEnd>
            <Wait hasInputBreakpoint="0" comment="" breakpointFlags="0">
              <OutputBreakpoints />
            </Wait>
          </Sequence>
        </Behavior>
      </Root>
      <Forest />
      <Comments />
    </EditorData>
  </BehaviorTree>
</BehaviorTrees>