<?xml version="1.0" encoding="us-ascii"?>
<BehaviorTrees>
	<BehaviorTree name="switch_animal_processInterruptMessages" is_function="1">
		<Variables>
			<Variable name="escapeData" type="switch:animal_interruptData:escape" values="" isPersistent="0" form="single" />
		</Variables>
		<Root OneTimeOnly="false" FailState="Recoverable" saveVersion="2">
			<Behavior canSkip="1">
				<Parallel successMode="Any" failureMode="Any">
					<While doFail="false" propagateChildFail="false" condition="true">
						<ProcessMessage Atomic="true" timeout="&apos;-1&apos;" timeType="GameTime" variable="$escapeData" senderInfo="" inbox="&apos;crime_animal_interrupt&apos;" condition="" answerVar="">
							<Function_callInterrupt_animal_escape escapeFromVec3="$escapeData.escapeFromVec3" escapeFromWuid="$escapeData.escapeFromWuid" ignorePriority="$escapeData.ignorePriority" initiator="$escapeData.initiatedBy" previousReaction="$escapeData.previousReaction" stimulusKind="$escapeData.stimulusKind" useVec3ForEscape="$escapeData.useVec3ForEscape" nodeLabel="37994910" />
						</ProcessMessage>
					</While>
				</Parallel>
			</Behavior>
		</Root>
		<ForestContainer />
		<EditorData EventSet="">
			<Variables>
				<Variable name="escapeData" comment="" />
			</Variables>
			<ForwardDeclarations />
			<Root hasInputBreakpoint="0" comment="" breakpointFlags="0" saveVersion="2">
				<OutputBreakpoints />
				<Behavior>
					<Parallel hasInputBreakpoint="0" comment="" breakpointFlags="0">
						<OutputBreakpoints />
						<While hasInputBreakpoint="0" comment="" breakpointFlags="0">
							<OutputBreakpoints />
							<ProcessMessage hasInputBreakpoint="0" comment="" breakpointFlags="0">
								<OutputBreakpoints />
								<Function_callInterrupt_animal_escape hasInputBreakpoint="0" comment="" breakpointFlags="0">
									<OutputBreakpoints />
								</Function_callInterrupt_animal_escape>
							</ProcessMessage>
						</While>
					</Parallel>
				</Behavior>
			</Root>
			<Forest />
			<Comments />
		</EditorData>
	</BehaviorTree>
</BehaviorTrees>