<?xml version="1.0" encoding="us-ascii"?>
<BehaviorTrees>
	<BehaviorTree name="switch_animal_handleAwareness_combat" is_function="1">
		<Variables>
			<Variable name="stimulus" type="switch:animal_stimulus:combat" values="" isPersistent="0" form="single" />
		</Variables>
		<Parameters>
			<Variable name="perceptible" type="_wuid" values="" isPersistent="0" form="single" requirementType="In" />
		</Parameters>
		<Root OneTimeOnly="false" FailState="Recoverable" saveVersion="2">
			<Behavior canSkip="1">
				<EntityContextCheck context="combat_invisible" target="$perceptible" saveVersion="2">
					<Else canSkip="1">
						<EntityContextCheck context="crime_animal_interruptAttack" target="" saveVersion="2">
							<Else canSkip="1">
								<Sequence>
									<Expression expressions="$stimulus.attacker = $perceptible &#10;$stimulus.isFromHitVolume = false" />
									<Function_switch_animal_handleStimulusCombat stimulus="$stimulus" nodeLabel="15060420" />
								</Sequence>
							</Else>
						</EntityContextCheck>
					</Else>
				</EntityContextCheck>
			</Behavior>
		</Root>
		<ForestContainer />
		<EditorData EventSet="">
			<Variables>
				<Variable name="stimulus" comment="" />
				<Variable name="perceptible" comment="" />
			</Variables>
			<ForwardDeclarations />
			<Root hasInputBreakpoint="0" comment="" breakpointFlags="0" saveVersion="2">
				<OutputBreakpoints />
				<Behavior>
					<EntityContextCheck hasInputBreakpoint="0" comment="" breakpointFlags="0" saveVersion="2">
						<OutputBreakpoints />
						<Else>
							<EntityContextCheck hasInputBreakpoint="0" comment="" breakpointFlags="0" saveVersion="2">
								<OutputBreakpoints />
								<Else>
									<Sequence hasInputBreakpoint="0" comment="" breakpointFlags="0">
										<OutputBreakpoints />
										<Expression hasInputBreakpoint="0" comment="" breakpointFlags="0">
											<OutputBreakpoints />
										</Expression>
										<Function_switch_animal_handleStimulusCombat hasInputBreakpoint="0" comment="" breakpointFlags="0">
											<OutputBreakpoints />
										</Function_switch_animal_handleStimulusCombat>
									</Sequence>
								</Else>
							</EntityContextCheck>
						</Else>
					</EntityContextCheck>
				</Behavior>
			</Root>
			<Forest />
			<Comments />
		</EditorData>
	</BehaviorTree>
</BehaviorTrees>