<?xml version="1.0" encoding="us-ascii"?>
<BehaviorTrees>
  <BehaviorTree name="switch_animal_getSpeciesFromContext" is_function="1">
    <Variables />
    <Parameters>
      <Variable name="species" type="enum:crime_animalSpecies" values="" isPersistent="0" form="single" requirementType="Out" />
    </Parameters>
    <Root OneTimeOnly="false" FailState="Recoverable" saveVersion="2">
      <Behavior canSkip="1">
        <Switch>
          <EntityContextCheck context="switch_isBoar" target="" saveVersion="2">
            <Then canSkip="1">
              <Expression expressions="$species = $enum:crime_animalSpecies.Boar" />
            </Then>
          </EntityContextCheck>
          <EntityContextCheck context="switch_isCow" target="" saveVersion="2">
            <Then canSkip="1">
              <Expression expressions="$species = $enum:crime_animalSpecies.Cow" />
            </Then>
          </EntityContextCheck>
          <EntityContextCheck context="switch_isDeerDoe" target="" saveVersion="2">
            <Then canSkip="1">
              <Expression expressions="$species = $enum:crime_animalSpecies.DeerDoe" />
            </Then>
          </EntityContextCheck>
          <EntityContextCheck context="switch_isDog" target="" saveVersion="2">
            <Then canSkip="1">
              <Expression expressions="$species = $enum:crime_animalSpecies.Dog" />
            </Then>
          </EntityContextCheck>
          <EntityContextCheck context="switch_isHorse" target="" saveVersion="2">
            <Then canSkip="1">
              <Expression expressions="$species = $enum:crime_animalSpecies.Horse" />
            </Then>
          </EntityContextCheck>
          <EntityContextCheck context="switch_isPig" target="" saveVersion="2">
            <Then canSkip="1">
              <Expression expressions="$species = $enum:crime_animalSpecies.Pig" />
            </Then>
          </EntityContextCheck>
          <EntityContextCheck context="switch_isRedDeer" target="" saveVersion="2">
            <Then canSkip="1">
              <Expression expressions="$species = $enum:crime_animalSpecies.RedDeer" />
            </Then>
          </EntityContextCheck>
          <EntityContextCheck context="switch_isSheep" target="" saveVersion="2">
            <Then canSkip="1">
              <Expression expressions="$species = $enum:crime_animalSpecies.Sheep" />
            </Then>
          </EntityContextCheck>
          <EntityContextCheck context="switch_isWildDog" target="" saveVersion="2">
            <Then canSkip="1">
              <Expression expressions="$species = $enum:crime_animalSpecies.WildDog" />
            </Then>
          </EntityContextCheck>
          <EntityContextCheck context="switch_isWolf" target="" saveVersion="2">
            <Then canSkip="1">
              <Expression expressions="$species = $enum:crime_animalSpecies.Wolf" />
            </Then>
          </EntityContextCheck>
          <DefaultBranch>
            <Expression expressions="$species = $enum:crime_animalSpecies.Unknown" />
          </DefaultBranch>
        </Switch>
      </Behavior>
    </Root>
    <ForestContainer />
    <EditorData EventSet="">
      <Variables>
        <Variable name="species" comment="" />
      </Variables>
      <ForwardDeclarations />
      <Root hasInputBreakpoint="0" comment="" breakpointFlags="0" saveVersion="2">
        <OutputBreakpoints />
        <Behavior>
          <Switch hasInputBreakpoint="0" comment="" breakpointFlags="0">
            <OutputBreakpoints />
            <EntityContextCheck hasInputBreakpoint="0" comment="" breakpointFlags="0" saveVersion="2">
              <OutputBreakpoints />
              <Then>
                <Expression hasInputBreakpoint="0" comment="" breakpointFlags="0">
                  <OutputBreakpoints />
                </Expression>
              </Then>
            </EntityContextCheck>
            <EntityContextCheck hasInputBreakpoint="0" comment="" breakpointFlags="0" saveVersion="2">
              <OutputBreakpoints />
              <Then>
                <Expression hasInputBreakpoint="0" comment="" breakpointFlags="0">
                  <OutputBreakpoints />
                </Expression>
              </Then>
            </EntityContextCheck>
            <EntityContextCheck hasInputBreakpoint="0" comment="" breakpointFlags="0" saveVersion="2">
              <OutputBreakpoints />
              <Then>
                <Expression hasInputBreakpoint="0" comment="" breakpointFlags="0">
                  <OutputBreakpoints />
                </Expression>
              </Then>
            </EntityContextCheck>
            <EntityContextCheck hasInputBreakpoint="0" comment="" breakpointFlags="0" saveVersion="2">
              <OutputBreakpoints />
              <Then>
                <Expression hasInputBreakpoint="0" comment="" breakpointFlags="0">
                  <OutputBreakpoints />
                </Expression>
              </Then>
            </EntityContextCheck>
            <EntityContextCheck hasInputBreakpoint="0" comment="" breakpointFlags="0" saveVersion="2">
              <OutputBreakpoints />
              <Then>
                <Expression hasInputBreakpoint="0" comment="" breakpointFlags="0">
                  <OutputBreakpoints />
                </Expression>
              </Then>
            </EntityContextCheck>
            <EntityContextCheck hasInputBreakpoint="0" comment="" breakpointFlags="0" saveVersion="2">
              <OutputBreakpoints />
              <Then>
                <Expression hasInputBreakpoint="0" comment="" breakpointFlags="0">
                  <OutputBreakpoints />
                </Expression>
              </Then>
            </EntityContextCheck>
            <EntityContextCheck hasInputBreakpoint="0" comment="" breakpointFlags="0" saveVersion="2">
              <OutputBreakpoints />
              <Then>
                <Expression hasInputBreakpoint="0" comment="" breakpointFlags="0">
                  <OutputBreakpoints />
                </Expression>
              </Then>
            </EntityContextCheck>
            <EntityContextCheck hasInputBreakpoint="0" comment="" breakpointFlags="0" saveVersion="2">
              <OutputBreakpoints />
              <Then>
                <Expression hasInputBreakpoint="0" comment="" breakpointFlags="0">
                  <OutputBreakpoints />
                </Expression>
              </Then>
            </EntityContextCheck>
            <EntityContextCheck hasInputBreakpoint="0" comment="" breakpointFlags="0" saveVersion="2">
              <OutputBreakpoints />
              <Then>
                <Expression hasInputBreakpoint="0" comment="" breakpointFlags="0">
                  <OutputBreakpoints />
                </Expression>
              </Then>
            </EntityContextCheck>
            <EntityContextCheck hasInputBreakpoint="0" comment="" breakpointFlags="0" saveVersion="2">
              <OutputBreakpoints />
              <Then>
                <Expression hasInputBreakpoint="0" comment="" breakpointFlags="0">
                  <OutputBreakpoints />
                </Expression>
              </Then>
            </EntityContextCheck>
            <DefaultBranch>
              <Expression hasInputBreakpoint="0" comment="" breakpointFlags="0">
                <OutputBreakpoints />
              </Expression>
            </DefaultBranch>
          </Switch>
        </Behavior>
      </Root>
      <Forest />
      <Comments />
    </EditorData>
  </BehaviorTree>
</BehaviorTrees>