<?xml version="1.0" encoding="us-ascii"?>
<BehaviorTrees>
	<BehaviorTree name="crime_animal_removeReactionLink" is_function="1">
		<Variables>
			<Variable name="reactionData" type="crime:animal_reactor" values="" isPersistent="0" form="single" />
		</Variables>
		<Parameters>
			<Variable name="reactionKind" type="enum:crime_animal_reactionKind" values="$enum:crime_animal_reactionKind.unknown" isPersistent="0" form="single" requirementType="In" />
			<Variable name="target" type="_wuid" values="$__null" isPersistent="0" form="single" requirementType="In" optional="1" />
		</Parameters>
		<Root OneTimeOnly="false" FailState="Recoverable" saveVersion="2">
			<Behavior canSkip="1">
				<AtomicDecorator>
					<Sequence>
						<GraphSearch Origin="$__player" Borders="" depth="1" selection="true" SearchPattern="Depth" EdgePruning="&apos;parent,inventory&apos;" AllowedEdges="" SubGraph="&apos;crime_animal_reactor&apos;" AllowSubtraph="false" includeOrigin="false" excludeOrigin="false" failOnEmpty="true" SetOperationChoice="Intersection|And" errorOnEmpty="false" shortCircuit="false" skipTraversed="true">
							<LinkTagFilter tag="&apos;crime_animal_reactor&apos;" prune="true" negprune="unknown" Parent="" Child="" Data="$reactionData" />
							<WUIDFilter WUID="$this.id" Source="Child" prune="true" negprune="unknown" Parent="" Child="" />
						</GraphSearch>
						<IfCondition failOnCondition="false" condition="~$reactionData.shouldIgnorePerception &amp; $target ~= $__null">
							<IgnorePerception PerceptorObject="$this.id" PerceptibleObject="$target" IgnoreFor="&apos;5s&apos;" TimerType="GameTime" Uninterruptible="false" Persistent="true" />
						</IfCondition>
						<IfCondition failOnCondition="false" condition="$reactionData.reactionKind == $reactionKind &amp; &#10;$reactionData.reservation == false">
							<RemoveLink From="$__player" To="$this.id" Tag="&apos;crime_animal_reactor&apos;" LinkOpHandleMode="Error" />
						</IfCondition>
					</Sequence>
				</AtomicDecorator>
			</Behavior>
		</Root>
		<ForestContainer />
		<EditorData EventSet="">
			<Variables>
				<Variable name="reactionData" comment="" />
				<Variable name="reactionKind" comment="" />
				<Variable name="target" comment="" />
			</Variables>
			<ForwardDeclarations />
			<Root hasInputBreakpoint="0" comment="" breakpointFlags="0" saveVersion="2">
				<OutputBreakpoints />
				<Behavior>
					<AtomicDecorator hasInputBreakpoint="0" comment="" breakpointFlags="0">
						<OutputBreakpoints />
						<Sequence hasInputBreakpoint="0" comment="" breakpointFlags="0">
							<OutputBreakpoints />
							<GraphSearch hasInputBreakpoint="0" comment="" breakpointFlags="0">
								<OutputBreakpoints />
								<LinkTagFilter hasInputBreakpoint="0" comment="" breakpointFlags="0">
									<OutputBreakpoints />
								</LinkTagFilter>
								<WUIDFilter hasInputBreakpoint="0" comment="" breakpointFlags="0">
									<OutputBreakpoints />
								</WUIDFilter>
							</GraphSearch>
							<IfCondition hasInputBreakpoint="0" comment="" breakpointFlags="0">
								<OutputBreakpoints />
								<IgnorePerception hasInputBreakpoint="0" comment="" breakpointFlags="0">
									<OutputBreakpoints />
								</IgnorePerception>
							</IfCondition>
							<IfCondition hasInputBreakpoint="0" comment="" breakpointFlags="0">
								<OutputBreakpoints />
								<RemoveLink hasInputBreakpoint="0" comment="" breakpointFlags="0">
									<OutputBreakpoints />
								</RemoveLink>
							</IfCondition>
						</Sequence>
					</AtomicDecorator>
				</Behavior>
			</Root>
			<Forest />
			<Comments />
		</EditorData>
	</BehaviorTree>
</BehaviorTrees>