<?xml version="1.0" encoding="us-ascii"?>
<BehaviorTrees>
  <BehaviorTree name="switch_animal_handleArrowFlyBy" is_function="1">
    <Variables>
      <Variable name="stimulus" type="switch:animal_stimulus:flyBy" values="" isPersistent="0" form="single" />
      <Variable name="stimulusSound" type="switch:animal_stimulus:sound" values="" isPersistent="0" form="single" />
    </Variables>
    <Parameters>
      <Variable name="arrowFlyBy" type="weapon:onPlayerArrowFlyingBy" values="" isPersistent="0" form="single" requirementType="In" />
    </Parameters>
    <Root OneTimeOnly="false" FailState="Recoverable" saveVersion="2">
      <Behavior canSkip="1">
        <Sequence>
          <Expression expressions="$stimulus.position = $arrowFlyBy.Position &#10;$stimulus.shooter = $__player // only player has flyBy projectiles" />
          <Function_switch_animal_handleStimulusFlyBy stimulus="$stimulus" nodeLabel="32911430" />
        </Sequence>
      </Behavior>
    </Root>
    <ForestContainer />
    <EditorData EventSet="">
      <Variables>
        <Variable name="stimulus" comment="" />
        <Variable name="stimulusSound" comment="" />
        <Variable name="arrowFlyBy" comment="" />
      </Variables>
      <ForwardDeclarations />
      <Root hasInputBreakpoint="0" comment="" breakpointFlags="0" saveVersion="2">
        <OutputBreakpoints />
        <Behavior>
          <Sequence hasInputBreakpoint="0" comment="" breakpointFlags="0">
            <OutputBreakpoints />
            <Expression hasInputBreakpoint="0" comment="" breakpointFlags="0">
              <OutputBreakpoints />
            </Expression>
            <Function_switch_animal_handleStimulusFlyBy hasInputBreakpoint="0" comment="" breakpointFlags="0">
              <OutputBreakpoints />
            </Function_switch_animal_handleStimulusFlyBy>
          </Sequence>
        </Behavior>
      </Root>
      <Forest />
      <Comments />
    </EditorData>
  </BehaviorTree>
</BehaviorTrees>