<?xml version="1.0" encoding="us-ascii"?>
<BehaviorTrees>
  <BehaviorTree name="switch_animal_handleHearing" is_function="1">
    <Variables>
      <Variable name="stimulus" type="switch:animal_stimulus:sound" values="" isPersistent="0" form="single" />
    </Variables>
    <Parameters>
      <Variable name="hearingInfo" type="hearingInfo" values="" isPersistent="0" form="single" requirementType="In" />
    </Parameters>
    <Root OneTimeOnly="false" FailState="Recoverable" saveVersion="2">
      <Behavior canSkip="1">
        <EntityContextCheck context="crime_animal_suppressSwitchHearingReaction" target="" saveVersion="2">
          <Then canSkip="1">
            <Success />
          </Then>
          <Else canSkip="1">
            <Sequence>
              <Expression expressions="$stimulus.kind = $hearingInfo.soundId &#10;$stimulus.position = $hearingInfo.position" />
              <Function_switch_animal_handleStimulusSound stimulus="$stimulus" nodeLabel="72934504" />
            </Sequence>
          </Else>
        </EntityContextCheck>
      </Behavior>
    </Root>
    <ForestContainer />
    <EditorData EventSet="">
      <Variables>
        <Variable name="stimulus" comment="" />
        <Variable name="hearingInfo" comment="" />
      </Variables>
      <ForwardDeclarations />
      <Root hasInputBreakpoint="0" comment="" breakpointFlags="0" saveVersion="2">
        <OutputBreakpoints />
        <Behavior>
          <EntityContextCheck hasInputBreakpoint="0" comment="" breakpointFlags="0" saveVersion="2">
            <OutputBreakpoints />
            <Then>
              <Success hasInputBreakpoint="0" comment="" breakpointFlags="0">
                <OutputBreakpoints />
              </Success>
            </Then>
            <Else>
              <Sequence hasInputBreakpoint="0" comment="" breakpointFlags="0">
                <OutputBreakpoints />
                <Expression hasInputBreakpoint="0" comment="" breakpointFlags="0">
                  <OutputBreakpoints />
                </Expression>
                <Function_switch_animal_handleStimulusSound hasInputBreakpoint="0" comment="" breakpointFlags="0">
                  <OutputBreakpoints />
                </Function_switch_animal_handleStimulusSound>
              </Sequence>
            </Else>
          </EntityContextCheck>
        </Behavior>
      </Root>
      <Forest />
      <Comments />
    </EditorData>
  </BehaviorTree>
</BehaviorTrees>