<?xml version="1.0" encoding="us-ascii"?>
<BehaviorTrees>
  <BehaviorTree name="switch_animal_isInformationDiffRelevant" is_function="1">
    <Variables />
    <Parameters>
      <Variable name="information" type="information" values="" isPersistent="0" form="single" requirementType="In" />
      <Variable name="isRelevant" type="_bool" values="" isPersistent="0" form="single" requirementType="Out" />
    </Parameters>
    <Root OneTimeOnly="false" FailState="Recoverable" saveVersion="2">
      <Behavior canSkip="1">
        <Switch>
          <IfCondition failOnCondition="false" condition="$information.label == &apos;animal_alarm&apos;">
            <Switch>
              <EntityContextCheck context="crime_isCombatableAnimal" target="" saveVersion="2">
                <Then canSkip="1">
                  <EntityContextCheck context="switch_isDog" target="" saveVersion="2">
                    <Then canSkip="1">
                      <Expression expressions="$isRelevant = false" />
                    </Then>
                    <Else canSkip="1">
                      <Expression expressions="$isRelevant = true" />
                    </Else>
                  </EntityContextCheck>
                </Then>
              </EntityContextCheck>
              <EntityContextCheck context="crime_isWildAnimal" target="$this.id" saveVersion="2">
                <Then canSkip="1">
                  <Switch>
                    <EntityContextCheck context="switch_isRedDeer" target="$this.id" saveVersion="2">
                      <Then canSkip="1">
                        <Expression expressions="$isRelevant = true" />
                      </Then>
                    </EntityContextCheck>
                    <EntityContextCheck context="switch_isDeerDoe" target="$this.id" saveVersion="2">
                      <Then canSkip="1">
                        <Expression expressions="$isRelevant = true" />
                      </Then>
                    </EntityContextCheck>
                    <EntityContextCheck context="switch_isBoar" target="$this.id" saveVersion="2">
                      <Then canSkip="1">
                        <Expression expressions="$isRelevant = true" />
                      </Then>
                    </EntityContextCheck>
                    <DefaultBranch>
                      <Expression expressions="$isRelevant = false" />
                    </DefaultBranch>
                  </Switch>
                </Then>
              </EntityContextCheck>
              <EntityContextCheck context="crime_isDomesticAnimal" target="$this.id" saveVersion="2">
                <Then canSkip="1">
                  <Expression expressions="$isRelevant = false" />
                </Then>
              </EntityContextCheck>
              <DefaultBranch>
                <Expression expressions="$isRelevant = false" />
              </DefaultBranch>
            </Switch>
          </IfCondition>
          <IfCondition failOnCondition="false" condition="$information.label == &apos;animal_howl&apos;">
            <Switch>
              <EntityContextCheck context="switch_isWolf" target="" saveVersion="2">
                <Then canSkip="1">
                  <Expression expressions="$isRelevant = true" />
                </Then>
              </EntityContextCheck>
              <DefaultBranch>
                <Expression expressions="$isRelevant = false" />
              </DefaultBranch>
            </Switch>
          </IfCondition>
          <DefaultBranch>
            <Expression expressions="$isRelevant = false" />
          </DefaultBranch>
        </Switch>
      </Behavior>
    </Root>
    <ForestContainer />
    <EditorData EventSet="">
      <Variables>
        <Variable name="information" comment="" />
        <Variable name="isRelevant" comment="" />
      </Variables>
      <ForwardDeclarations />
      <Root hasInputBreakpoint="0" comment="" breakpointFlags="0" saveVersion="2">
        <OutputBreakpoints />
        <Behavior>
          <Switch hasInputBreakpoint="0" comment="" breakpointFlags="0">
            <OutputBreakpoints />
            <IfCondition hasInputBreakpoint="0" comment="" breakpointFlags="0">
              <OutputBreakpoints />
              <Switch hasInputBreakpoint="0" comment="" breakpointFlags="0">
                <OutputBreakpoints />
                <EntityContextCheck hasInputBreakpoint="0" comment="" breakpointFlags="0" saveVersion="2">
                  <OutputBreakpoints />
                  <Then>
                    <EntityContextCheck hasInputBreakpoint="0" comment="" breakpointFlags="0" saveVersion="2">
                      <OutputBreakpoints />
                      <Then>
                        <Expression hasInputBreakpoint="0" comment="let&apos;s exclude dog in villages for now" breakpointFlags="0">
                          <OutputBreakpoints />
                        </Expression>
                      </Then>
                      <Else>
                        <Expression hasInputBreakpoint="0" comment="" breakpointFlags="0">
                          <OutputBreakpoints />
                        </Expression>
                      </Else>
                    </EntityContextCheck>
                  </Then>
                </EntityContextCheck>
                <EntityContextCheck hasInputBreakpoint="0" comment="" breakpointFlags="0" saveVersion="2">
                  <OutputBreakpoints />
                  <Then>
                    <Switch hasInputBreakpoint="0" comment="" breakpointFlags="0">
                      <OutputBreakpoints />
                      <EntityContextCheck hasInputBreakpoint="0" comment="" breakpointFlags="0" saveVersion="2">
                        <OutputBreakpoints />
                        <Then>
                          <Expression hasInputBreakpoint="0" comment="" breakpointFlags="0">
                            <OutputBreakpoints />
                          </Expression>
                        </Then>
                      </EntityContextCheck>
                      <EntityContextCheck hasInputBreakpoint="0" comment="" breakpointFlags="0" saveVersion="2">
                        <OutputBreakpoints />
                        <Then>
                          <Expression hasInputBreakpoint="0" comment="" breakpointFlags="0">
                            <OutputBreakpoints />
                          </Expression>
                        </Then>
                      </EntityContextCheck>
                      <EntityContextCheck hasInputBreakpoint="0" comment="" breakpointFlags="0" saveVersion="2">
                        <OutputBreakpoints />
                        <Then>
                          <Expression hasInputBreakpoint="0" comment="" breakpointFlags="0">
                            <OutputBreakpoints />
                          </Expression>
                        </Then>
                      </EntityContextCheck>
                      <DefaultBranch>
                        <Expression hasInputBreakpoint="0" comment="" breakpointFlags="0">
                          <OutputBreakpoints />
                        </Expression>
                      </DefaultBranch>
                    </Switch>
                  </Then>
                </EntityContextCheck>
                <EntityContextCheck hasInputBreakpoint="0" comment="" breakpointFlags="0" saveVersion="2">
                  <OutputBreakpoints />
                  <Then>
                    <Expression hasInputBreakpoint="0" comment="" breakpointFlags="0">
                      <OutputBreakpoints />
                    </Expression>
                  </Then>
                </EntityContextCheck>
                <DefaultBranch>
                  <Expression hasInputBreakpoint="0" comment="" breakpointFlags="0">
                    <OutputBreakpoints />
                  </Expression>
                </DefaultBranch>
              </Switch>
            </IfCondition>
            <IfCondition hasInputBreakpoint="0" comment="" breakpointFlags="0">
              <OutputBreakpoints />
              <Switch hasInputBreakpoint="0" comment="" breakpointFlags="0">
                <OutputBreakpoints />
                <EntityContextCheck hasInputBreakpoint="0" comment="" breakpointFlags="0" saveVersion="2">
                  <OutputBreakpoints />
                  <Then>
                    <Expression hasInputBreakpoint="0" comment="" breakpointFlags="0">
                      <OutputBreakpoints />
                    </Expression>
                  </Then>
                </EntityContextCheck>
                <DefaultBranch>
                  <Expression hasInputBreakpoint="0" comment="" breakpointFlags="0">
                    <OutputBreakpoints />
                  </Expression>
                </DefaultBranch>
              </Switch>
            </IfCondition>
            <DefaultBranch>
              <Expression hasInputBreakpoint="0" comment="" breakpointFlags="0">
                <OutputBreakpoints />
              </Expression>
            </DefaultBranch>
          </Switch>
        </Behavior>
      </Root>
      <Forest />
      <Comments />
    </EditorData>
  </BehaviorTree>
</BehaviorTrees>