<?xml version="1.0" encoding="us-ascii"?>
<BehaviorTrees>
  <BehaviorTree name="switch_animal_handleStimulusItem" is_function="1">
    <Variables>
      <Variable name="amountOfFood" type="_int" values="" isPersistent="0" form="single" />
      <Variable name="calc" type="_float" values="" isPersistent="0" form="single" />
      <Variable name="category" type="_string" values="" isPersistent="0" form="single" />
      <Variable name="currentTime" type="_int64" values="" isPersistent="0" form="single" />
      <Variable name="followUpData" type="crime:animal_followUpBehavior:eatDroppedFood" values="" isPersistent="0" form="single" />
      <Variable name="reservedItem" type="_wuid" values="" isPersistent="0" form="single" />
      <Variable name="shouldEat" type="_bool" values="" isPersistent="0" form="single" />
      <Variable name="subtype" type="_string" values="" isPersistent="0" form="single" />
      <Variable name="type" type="_string" values="" isPersistent="0" form="single" />
    </Variables>
    <Parameters>
      <Variable name="stimulus" type="switch:animal_stimulus:item" values="" isPersistent="0" form="single" requirementType="In" />
    </Parameters>
    <Root OneTimeOnly="false" FailState="Recoverable" saveVersion="2">
      <Behavior canSkip="1">
        <Sequence>
          <Selector>
            <GraphSearch Origin="$this.id" Borders="" depth="1" selection="true" SearchPattern="Depth" EdgePruning="&apos;parent,inventory&apos;" AllowedEdges="" SubGraph="" AllowSubtraph="false" includeOrigin="false" excludeOrigin="false" failOnEmpty="true" SetOperationChoice="Intersection|And" errorOnEmpty="false" shortCircuit="false" skipTraversed="true">
              <LinkTagFilter tag="&apos;crime_pickUpItemReserved&apos;" prune="true" negprune="unknown" Parent="" Child="$reservedItem" Data="" />
            </GraphSearch>
            <GraphSearch Origin="$stimulus.item" Borders="" depth="1" selection="true" SearchPattern="Depth" EdgePruning="&apos;parent,inventory&apos;" AllowedEdges="" SubGraph="" AllowSubtraph="false" includeOrigin="false" excludeOrigin="false" failOnEmpty="true" SetOperationChoice="Intersection|And" errorOnEmpty="false" shortCircuit="false" skipTraversed="true">
              <LinkTagFilter tag="&apos;crime_pickUpItemReserved_reverse&apos;" prune="true" negprune="unknown" Parent="" Child="" Data="" />
            </GraphSearch>
            <Sequence>
              <Function_switch_animal_shouldEatDroppedFood item="$stimulus.item" shouldEat="$shouldEat" nodeLabel="98146779" />
              <IfCondition failOnCondition="false" condition="$shouldEat">
                <Function_callInterrupt_animal_eatDroppedFood ignorePriority="false" initiator="$enum:switch_interruptInitiator.switch" item="$stimulus.item" previousReaction="$enum:crime_animal_reactionKind.unknown" stimulusKind="$enum:crime_animal_stimulusKind.item" nodeLabel="90122613" />
              </IfCondition>
            </Sequence>
          </Selector>
          <IfCondition failOnCondition="false" condition="~$shouldEat &amp;  &#10;$reservedItem ~= $stimulus.item">
            <EntityContextCheck context="crime_animal_interruptEatDroppedFood" target="" saveVersion="2">
              <Then canSkip="1">
                <Sequence>
                  <GetTime TimeType="GameTime" OutVar="$currentTime" Delta="" />
                  <Expression expressions="$followUpData.item = $stimulus.item &#10;$followUpData.active =  true &#10;$followUpData.timestamp = $currentTime" />
                  <AddLink From="$this.id" To="$stimulus.item" Tag="&apos;crime_animal_followUpBehavior_eatDroppedFood&apos;" Data="$followUpData" LinkOpHandleMode="OverWrite" />
                </Sequence>
              </Then>
            </EntityContextCheck>
          </IfCondition>
        </Sequence>
      </Behavior>
    </Root>
    <ForestContainer />
    <EditorData EventSet="">
      <Variables>
        <Variable name="amountOfFood" comment="" />
        <Variable name="calc" comment="" />
        <Variable name="category" comment="" />
        <Variable name="currentTime" comment="" />
        <Variable name="followUpData" comment="" />
        <Variable name="reservedItem" comment="" />
        <Variable name="shouldEat" comment="" />
        <Variable name="subtype" comment="" />
        <Variable name="type" comment="" />
        <Variable name="stimulus" comment="" />
      </Variables>
      <ForwardDeclarations />
      <Root hasInputBreakpoint="0" comment="" breakpointFlags="0" saveVersion="2">
        <OutputBreakpoints />
        <Behavior>
          <Sequence hasInputBreakpoint="0" comment="" breakpointFlags="0">
            <OutputBreakpoints />
            <Selector hasInputBreakpoint="0" comment="" breakpointFlags="0">
              <OutputBreakpoints />
              <GraphSearch hasInputBreakpoint="0" comment="I already have an item reserved" breakpointFlags="0">
                <OutputBreakpoints />
                <LinkTagFilter hasInputBreakpoint="0" comment="" breakpointFlags="0">
                  <OutputBreakpoints />
                </LinkTagFilter>
              </GraphSearch>
              <GraphSearch hasInputBreakpoint="0" comment="Item is already reserved" breakpointFlags="0">
                <OutputBreakpoints />
                <LinkTagFilter hasInputBreakpoint="0" comment="" breakpointFlags="0">
                  <OutputBreakpoints />
                </LinkTagFilter>
              </GraphSearch>
              <Sequence hasInputBreakpoint="0" comment="" breakpointFlags="0">
                <OutputBreakpoints />
                <Function_switch_animal_shouldEatDroppedFood hasInputBreakpoint="0" comment="" breakpointFlags="0">
                  <OutputBreakpoints />
                </Function_switch_animal_shouldEatDroppedFood>
                <IfCondition hasInputBreakpoint="0" comment="" breakpointFlags="0">
                  <OutputBreakpoints />
                  <Function_callInterrupt_animal_eatDroppedFood hasInputBreakpoint="0" comment="" breakpointFlags="0">
                    <OutputBreakpoints />
                  </Function_callInterrupt_animal_eatDroppedFood>
                </IfCondition>
              </Sequence>
            </Selector>
            <IfCondition hasInputBreakpoint="0" comment="" breakpointFlags="0">
              <OutputBreakpoints />
              <EntityContextCheck hasInputBreakpoint="0" comment="" breakpointFlags="0" saveVersion="2">
                <OutputBreakpoints />
                <Then>
                  <Sequence hasInputBreakpoint="0" comment="Add followup" breakpointFlags="0">
                    <OutputBreakpoints />
                    <GetTime hasInputBreakpoint="0" comment="" breakpointFlags="0">
                      <OutputBreakpoints />
                    </GetTime>
                    <Expression hasInputBreakpoint="0" comment="" breakpointFlags="0">
                      <OutputBreakpoints />
                    </Expression>
                    <AddLink hasInputBreakpoint="0" comment="" breakpointFlags="0">
                      <OutputBreakpoints />
                    </AddLink>
                  </Sequence>
                </Then>
              </EntityContextCheck>
            </IfCondition>
          </Sequence>
        </Behavior>
      </Root>
      <Forest />
      <Comments />
    </EditorData>
  </BehaviorTree>
</BehaviorTrees>