<?xml version="1.0" encoding="us-ascii"?>
<BehaviorTrees>
	<BehaviorTree name="switch_animal_horseBrain" is_function="1">
		<Variables>
			<Variable name="banishRequest" type="horseModule:banishRequest" values="" isPersistent="0" form="single" />
			<Variable name="defaultMountableValue" type="_bool" values="" isPersistent="0" form="single" />
			<Variable name="horseChangeMountable" type="horseModule:changeMountable" values="" isPersistent="0" form="single" />
			<Variable name="lockName" type="_string" values="" isPersistent="0" form="single" />
			<Variable name="playerCommand" type="horseModule:playerCommand" values="" isPersistent="0" form="single" />
			<Variable name="playerHorse" type="_wuid" values="" isPersistent="0" form="single" />
			<Variable name="selfCleaning" type="horseModule:selfCleaning" values="" isPersistent="0" form="single" />
			<Variable name="shouldCheckDespawn" type="_bool" values="" isPersistent="0" form="single" />
			<Variable name="shouldDespawn" type="_bool" values="" isPersistent="0" form="single" />
		</Variables>
		<Root OneTimeOnly="false" FailState="Recoverable" saveVersion="2">
			<Behavior canSkip="1">
				<Parallel successMode="Any" failureMode="Any">
					<Loop count="-1">
						<ProcessMessage Atomic="true" timeout="&apos;-1&apos;" timeType="GameTime" variable="$playerCommand" senderInfo="" inbox="&apos;horseModule&apos;" condition="" answerVar="">
							<IfCondition failOnCondition="false" condition="$playerCommand.id == $enum:HorseCommands.ComeToMe">
								<Function_callInterrupt_animal_moveToPlayer nodeLabel="77033297" />
							</IfCondition>
						</ProcessMessage>
					</Loop>
					<Loop count="-1">
						<Sequence>
							<ExecuteLua code="entity:SetMountableByPlayerDisabledFromAI(false)" />
							<EntityContextBarrier context="switch_horse_disableMountableByPlayer" target="$this.id" Negation="false" RunLogic="Halt">
								<Sequence>
									<ExecuteLua code="entity:SetMountableByPlayerDisabledFromAI(true)" />
									<Wait duration="&apos;-1&apos;" timeType="GameTime" doFail="false" variation="" />
								</Sequence>
							</EntityContextBarrier>
						</Sequence>
					</Loop>
					<Loop count="-1">
						<Sequence>
							<ExecuteLua code="entity:SetMountIsLegalFromAI(false)" />
							<EntityContextBarrier context="switch_horse_enableMountIsLegal" target="$this.id" Negation="false" RunLogic="Halt">
								<Sequence>
									<ExecuteLua code="entity:SetMountIsLegalFromAI(true)" />
									<Wait duration="&apos;-1&apos;" timeType="GameTime" doFail="false" variation="" />
								</Sequence>
							</EntityContextBarrier>
						</Sequence>
					</Loop>
					<Loop count="-1">
						<ProcessMessage Atomic="true" timeout="&apos;-1&apos;" timeType="GameTime" variable="$selfCleaning" senderInfo="" inbox="&apos;horseModule&apos;" condition="" answerVar="">
							<WashEquipped Target="" UseSoap="false" MaxWashing="1.000000" MaxCleaning="1.000000" AllOutfits="false" />
						</ProcessMessage>
					</Loop>
					<Loop count="-1">
						<ProcessMessage Atomic="true" timeout="&apos;-1&apos;" timeType="GameTime" variable="$banishRequest" senderInfo="" inbox="&apos;horseModule&apos;" condition="" answerVar="">
							<Function_callInterrupt_animal_reposition banishmentSource="$banishRequest.sender" ignorePriority="true" initiator="$enum:switch_interruptInitiator.switch" isBanishment="true" previousReaction="$enum:crime_animal_reactionKind.unknown" shouldUseVec3="false" shouldUseWuid="true" stimulusKind="$enum:crime_animal_stimulusKind.trespass" targetPositionVec3="" targetPositionWuid="$banishRequest.sender" nodeLabel="39525915" />
						</ProcessMessage>
					</Loop>
					<While doFail="false" propagateChildFail="false" condition="true">
						<LinkGate from="$this.id" to="$__player" tag="&apos;rider&apos;" amount="AtLeastOne" presence="Present" RunLogic="KeepRunning">
							<Sequence>
								<SetExternalLock LockManagerType="Global" Locked="false" LockName="&apos;$this.id&apos;" />
								<LinkGate from="$this.id" to="$__player" tag="&apos;rider&apos;" amount="AtLeastOne" presence="NotThere" RunLogic="KeepRunning">
									<IsInsideAreaWithLabel Position="$this.id" Label="&apos;horse_parking&apos;" Area="" FailSubtMissing="false" saveVersion="2">
										<Then canSkip="1">
											<Function_callInterrupt_animal_horseWait ignorePriority="false" isHorseBuyingSpecialWait="false" length="&apos;1h&apos;" nodeLabel="14020451" />
										</Then>
										<Else canSkip="1">
											<EntityContextCheck context="switch_horse_alwaysUseSpecialWait" target="" saveVersion="2">
												<Then canSkip="1">
													<Function_callInterrupt_animal_horseWait ignorePriority="false" isHorseBuyingSpecialWait="false" length="&apos;10m&apos;" nodeLabel="37590150" />
												</Then>
												<Else canSkip="1">
													<Function_callInterrupt_animal_horseWait ignorePriority="false" isHorseBuyingSpecialWait="false" length="&apos;30s&apos;" nodeLabel="96069651" />
												</Else>
											</EntityContextCheck>
										</Else>
									</IsInsideAreaWithLabel>
								</LinkGate>
							</Sequence>
						</LinkGate>
					</While>
					<While doFail="false" propagateChildFail="false" condition="true">
						<LinkGate from="$this.id" to="$__player" tag="&apos;rider&apos;" amount="AtLeastOne" presence="Present" RunLogic="Halt">
							<LuaGate code="return entity:IsMountLegal()" saveVersion="2">
								<Then canSkip="1">
									<Wait duration="&apos;-1&apos;" timeType="GameTime" doFail="false" variation="" />
								</Then>
								<Else canSkip="1">
									<EntityContextCheck context="switch_horse_suppressMoraleHitWhenMounting" target="" saveVersion="2">
										<Then canSkip="1">
											<Wait duration="&apos;-1&apos;" timeType="GameTime" doFail="false" variation="" />
										</Then>
										<Else canSkip="1">
											<Sequence>
												<GetPlayerHorse HorseWuid="$playerHorse" />
												<IfElseCondition failOnCondition="false" condition="$this.id ~= $playerHorse" saveVersion="2">
													<Then canSkip="1">
														<Sequence>
															<AddBuff SoulWUID="$this.id" BuffGUID="&apos;f4909c8f-d3ff-4886-aa6f-f3eca996fc1c&apos;" />
															<ProduceSound Sound="startled_critter" Position="$this.id" Multiplier="0.500000" />
															<DecoratorBuff BuffId="&apos;17899ec7-4801-4d38-8fe7-f02b8a8fa48d&apos;" SoulWUID="$this.id">
																<Wait duration="&apos;-1&apos;" timeType="GameTime" doFail="false" variation="" />
															</DecoratorBuff>
														</Sequence>
													</Then>
													<Else canSkip="1">
														<Wait duration="&apos;-1&apos;" timeType="GameTime" doFail="false" variation="" />
													</Else>
												</IfElseCondition>
											</Sequence>
										</Else>
									</EntityContextCheck>
								</Else>
							</LuaGate>
						</LinkGate>
					</While>
					<Sequence>
						<Concatenation OutString="$lockName" Pattern="&apos;horseWaitLock_$this.id;&apos;" />
						<Loop count="-1">
							<EntityContextBarrier context="horseParking_marked_horse" target="$this.id" Negation="false" RunLogic="Halt">
								<Sequence>
									<DialogGate Who="$__player" Negation="false" EndDialogInRoot="false" Condition="InNormalDialog" RunLogic="Halt">
										<Sequence>
											<EntityContextCheck context="crime_animal_interruptHorseWait" target="" saveVersion="2">
												<Then canSkip="1">
													<SetExternalLock LockManagerType="Global" Locked="false" LockName="&apos;$lockName&apos;" />
												</Then>
												<Else canSkip="1">
													<Function_callInterrupt_animal_horseWait ignorePriority="false" isHorseBuyingSpecialWait="true" length="&apos;3m&apos;" nodeLabel="57469882" />
												</Else>
											</EntityContextCheck>
											<Wait duration="&apos;-1&apos;" timeType="GameTime" doFail="false" variation="" />
										</Sequence>
									</DialogGate>
									<SetExternalLock LockManagerType="Global" Locked="true" LockName="&apos;$lockName&apos;" />
								</Sequence>
							</EntityContextBarrier>
						</Loop>
					</Sequence>
					<Loop count="-1">
						<EntityContextBarrier context="switch_horse_alwaysUseSpecialWait" target="$this.id" Negation="false" RunLogic="Halt">
							<DialogGate Who="$__player" Negation="false" EndDialogInRoot="false" Condition="InNormalDialog" RunLogic="Halt">
								<Sequence>
									<Function_callInterrupt_animal_horseWait ignorePriority="true" isHorseBuyingSpecialWait="true" length="&apos;3m&apos;" nodeLabel="88703389" />
									<Wait duration="&apos;-1&apos;" timeType="GameTime" doFail="false" variation="" />
								</Sequence>
							</DialogGate>
						</EntityContextBarrier>
					</Loop>
					<Sequence>
						<GetPlayerHorse HorseWuid="$playerHorse" />
						<Loop count="-1">
							<IfGate atomic="false" condition="$playerHorse ~= $this.id" RunLogic="Halt">
								<Parallel successMode="Any" failureMode="Any">
									<Loop count="-1">
										<LinkGate from="$this.id" to="" tag="&apos;horse_meaningOfLife&apos;" amount="AtLeastOne" presence="Present" RunLogic="KeepRunning">
											<Sequence>
												<GetPlayerHorse HorseWuid="$playerHorse" />
												<LinkGate from="$this.id" to="" tag="&apos;horse_meaningOfLife&apos;" amount="AtLeastOne" presence="NotThere" RunLogic="Halt">
													<Sequence>
														<GetPlayerHorse HorseWuid="$playerHorse" />
														<AddLink From="$this.id" To="$this.id" Tag="&apos;horse_shouldCheckDespawn&apos;" Data="" LinkOpHandleMode="OverWrite" />
														<Wait duration="&apos;-1&apos;" timeType="GameTime" doFail="false" variation="" />
													</Sequence>
												</LinkGate>
												<RemoveLink From="$this.id" To="$this.id" Tag="&apos;horse_shouldCheckDespawn&apos;" LinkOpHandleMode="OverWrite" />
											</Sequence>
										</LinkGate>
									</Loop>
									<Loop count="-1">
										<DialogGate Who="$__player" Negation="true" EndDialogInRoot="false" Condition="InAny" RunLogic="Halt">
											<LinkGate from="$this.id" to="$this.id" tag="&apos;horse_shouldCheckDespawn&apos;" amount="AtLeastOne" presence="Present" RunLogic="Halt">
												<DecoratorBuff BuffId="&apos;7a61a139-4ae5-49e1-9b7f-31b72ff2e1e6&apos;" SoulWUID="$this.id">
													<Loop count="-1">
														<Sequence>
															<GetPlayerHorse HorseWuid="$playerHorse" />
															<BuffTagCheck SoulId="$this.id" buffAITagId="12" FailWithSubtreeMissing="false" saveVersion="2">
																<Then canSkip="1">
																	<Success />
																</Then>
																<Else canSkip="1">
																	<NotSeenByPlayer target="$this.id" timespan="&apos;5m&apos;" result="$shouldDespawn" />
																</Else>
															</BuffTagCheck>
															<IfCondition failOnCondition="false" condition="$shouldDespawn">
																<Despawn DeSpawnedEntity="$this.id" />
															</IfCondition>
															<Wait duration="&apos;10s&apos;" timeType="GameTime" doFail="false" variation="" />
														</Sequence>
													</Loop>
												</DecoratorBuff>
											</LinkGate>
										</DialogGate>
									</Loop>
								</Parallel>
							</IfGate>
						</Loop>
					</Sequence>
					<Loop count="-1">
						<LinkGate from="$this.id" to="" tag="&apos;home&apos;" amount="AtLeastOne" presence="NotThere" RunLogic="Halt">
							<DecoratorBuff BuffId="&apos;6a61a139-4ae5-49e1-9b7f-31b72ff2e1e5&apos;" SoulWUID="$this.id">
								<Wait duration="&apos;-1&apos;" timeType="GameTime" doFail="false" variation="" />
							</DecoratorBuff>
						</LinkGate>
					</Loop>
					<Loop count="-1">
						<LinkGate from="$this.id" to="$this.id" tag="&apos;crime_animal_deferStartleAferDismount&apos;" amount="AtLeastOne" presence="Present" RunLogic="Halt">
							<Sequence>
								<Timeout duration="&apos;1s&apos;" timeType="GameTime" doFail="false" variation="">
									<LinkGate from="$this.id" to="$__player" tag="&apos;rider&apos;" amount="AtLeastOne" presence="NotThere" RunLogic="KeepRunning">
										<Sequence>
											<AtomicDecorator>
												<Sequence>
													<Function_callInterrupt_animal_startle ignorePriority="true" initiator="$enum:switch_interruptInitiator.switch" previousReaction="$enum:crime_animal_reactionKind.unknown" stimulusKind="$enum:crime_animal_stimulusKind.sound" suppressBuckingAnimation="true" target="$__player" nodeLabel="33877139" />
													<RemoveLink From="$this.id" To="$this.id" Tag="&apos;crime_animal_deferStartleAferDismount&apos;" LinkOpHandleMode="Success" />
												</Sequence>
											</AtomicDecorator>
											<Wait duration="&apos;-1&apos;" timeType="GameTime" doFail="false" variation="" />
										</Sequence>
									</LinkGate>
								</Timeout>
								<RemoveLink From="$this.id" To="$this.id" Tag="&apos;crime_animal_deferStartleAferDismount&apos;" LinkOpHandleMode="Success" />
							</Sequence>
						</LinkGate>
					</Loop>
				</Parallel>
			</Behavior>
		</Root>
		<ForestContainer />
		<EditorData EventSet="">
			<Variables>
				<Variable name="banishRequest" comment="" />
				<Variable name="defaultMountableValue" comment="" />
				<Variable name="horseChangeMountable" comment="" />
				<Variable name="lockName" comment="" />
				<Variable name="playerCommand" comment="" />
				<Variable name="playerHorse" comment="" />
				<Variable name="selfCleaning" comment="" />
				<Variable name="shouldCheckDespawn" comment="" />
				<Variable name="shouldDespawn" comment="" />
			</Variables>
			<ForwardDeclarations />
			<Root hasInputBreakpoint="0" comment="" breakpointFlags="0" saveVersion="2">
				<OutputBreakpoints />
				<Behavior>
					<Parallel hasInputBreakpoint="0" comment="" breakpointFlags="0">
						<OutputBreakpoints />
						<Loop hasInputBreakpoint="0" comment="player horse module" breakpointFlags="0">
							<OutputBreakpoints />
							<ProcessMessage hasInputBreakpoint="0" comment="" breakpointFlags="0">
								<OutputBreakpoints />
								<IfCondition hasInputBreakpoint="0" comment="" breakpointFlags="0">
									<OutputBreakpoints />
									<Function_callInterrupt_animal_moveToPlayer hasInputBreakpoint="0" comment="" breakpointFlags="0">
										<OutputBreakpoints />
									</Function_callInterrupt_animal_moveToPlayer>
								</IfCondition>
							</ProcessMessage>
						</Loop>
						<Loop hasInputBreakpoint="0" comment="player horse module" breakpointFlags="0">
							<OutputBreakpoints />
							<Sequence hasInputBreakpoint="0" comment="@KCD2-75629 context is nicer for usage, but uglier for tree" breakpointFlags="0">
								<OutputBreakpoints />
								<ExecuteLua hasInputBreakpoint="0" comment="" breakpointFlags="0">
									<OutputBreakpoints />
								</ExecuteLua>
								<EntityContextBarrier hasInputBreakpoint="0" comment="" breakpointFlags="0">
									<OutputBreakpoints />
									<Sequence hasInputBreakpoint="0" comment="" breakpointFlags="0">
										<OutputBreakpoints />
										<ExecuteLua hasInputBreakpoint="0" comment="" breakpointFlags="0">
											<OutputBreakpoints />
										</ExecuteLua>
										<Wait hasInputBreakpoint="0" comment="" breakpointFlags="0">
											<OutputBreakpoints />
										</Wait>
									</Sequence>
								</EntityContextBarrier>
							</Sequence>
						</Loop>
						<Loop hasInputBreakpoint="0" comment="player horse module" breakpointFlags="0">
							<OutputBreakpoints />
							<Sequence hasInputBreakpoint="0" comment="@KCD2-107030" breakpointFlags="0">
								<OutputBreakpoints />
								<ExecuteLua hasInputBreakpoint="0" comment="" breakpointFlags="0">
									<OutputBreakpoints />
								</ExecuteLua>
								<EntityContextBarrier hasInputBreakpoint="0" comment="" breakpointFlags="0">
									<OutputBreakpoints />
									<Sequence hasInputBreakpoint="0" comment="" breakpointFlags="0">
										<OutputBreakpoints />
										<ExecuteLua hasInputBreakpoint="0" comment="" breakpointFlags="0">
											<OutputBreakpoints />
										</ExecuteLua>
										<Wait hasInputBreakpoint="0" comment="" breakpointFlags="0">
											<OutputBreakpoints />
										</Wait>
									</Sequence>
								</EntityContextBarrier>
							</Sequence>
						</Loop>
						<Loop hasInputBreakpoint="0" comment="KCD2-88639" breakpointFlags="0">
							<OutputBreakpoints />
							<ProcessMessage hasInputBreakpoint="0" comment="" breakpointFlags="0">
								<OutputBreakpoints />
								<WashEquipped hasInputBreakpoint="0" comment="" breakpointFlags="0">
									<OutputBreakpoints />
								</WashEquipped>
							</ProcessMessage>
						</Loop>
						<Loop hasInputBreakpoint="0" comment="#KCD2-36207" breakpointFlags="0">
							<OutputBreakpoints />
							<ProcessMessage hasInputBreakpoint="0" comment="" breakpointFlags="0">
								<OutputBreakpoints />
								<Function_callInterrupt_animal_reposition hasInputBreakpoint="0" comment="" breakpointFlags="0">
									<OutputBreakpoints />
								</Function_callInterrupt_animal_reposition>
							</ProcessMessage>
						</Loop>
						<While hasInputBreakpoint="0" comment="#KCD2-76283" breakpointFlags="0">
							<OutputBreakpoints />
							<LinkGate hasInputBreakpoint="0" comment="" breakpointFlags="0">
								<OutputBreakpoints />
								<Sequence hasInputBreakpoint="0" comment="" breakpointFlags="0">
									<OutputBreakpoints />
									<SetExternalLock hasInputBreakpoint="0" comment="" breakpointFlags="0">
										<OutputBreakpoints />
									</SetExternalLock>
									<LinkGate hasInputBreakpoint="0" comment="" breakpointFlags="0">
										<OutputBreakpoints />
										<IsInsideAreaWithLabel hasInputBreakpoint="0" comment="" breakpointFlags="0" saveVersion="2">
											<OutputBreakpoints />
											<Then>
												<Function_callInterrupt_animal_horseWait hasInputBreakpoint="0" comment="" breakpointFlags="0">
													<OutputBreakpoints />
												</Function_callInterrupt_animal_horseWait>
											</Then>
											<Else>
												<EntityContextCheck hasInputBreakpoint="0" comment="" breakpointFlags="0" saveVersion="2">
													<OutputBreakpoints />
													<Then>
														<Function_callInterrupt_animal_horseWait hasInputBreakpoint="0" comment="" breakpointFlags="0">
															<OutputBreakpoints />
														</Function_callInterrupt_animal_horseWait>
													</Then>
													<Else>
														<Function_callInterrupt_animal_horseWait hasInputBreakpoint="0" comment="" breakpointFlags="0">
															<OutputBreakpoints />
														</Function_callInterrupt_animal_horseWait>
													</Else>
												</EntityContextCheck>
											</Else>
										</IsInsideAreaWithLabel>
									</LinkGate>
								</Sequence>
							</LinkGate>
						</While>
						<While hasInputBreakpoint="0" comment="#KCD2-104571" breakpointFlags="0">
							<OutputBreakpoints />
							<LinkGate hasInputBreakpoint="0" comment="" breakpointFlags="0">
								<OutputBreakpoints />
								<LuaGate hasInputBreakpoint="0" comment="" breakpointFlags="0" saveVersion="2">
									<OutputBreakpoints />
									<Then>
										<Wait hasInputBreakpoint="0" comment="Mount is legal, wait for dismount" breakpointFlags="0">
											<OutputBreakpoints />
										</Wait>
									</Then>
									<Else>
										<EntityContextCheck hasInputBreakpoint="0" comment="" breakpointFlags="0" saveVersion="2">
											<OutputBreakpoints />
											<Then>
												<Wait hasInputBreakpoint="0" comment="Ignore mount and wait for dismount" breakpointFlags="0">
													<OutputBreakpoints />
												</Wait>
											</Then>
											<Else>
												<Sequence hasInputBreakpoint="0" comment="" breakpointFlags="0">
													<OutputBreakpoints />
													<GetPlayerHorse hasInputBreakpoint="0" comment="" breakpointFlags="0">
														<OutputBreakpoints />
													</GetPlayerHorse>
													<IfElseCondition hasInputBreakpoint="0" comment="" breakpointFlags="0" saveVersion="2">
														<OutputBreakpoints />
														<Then>
															<Sequence hasInputBreakpoint="0" comment="" breakpointFlags="0">
																<OutputBreakpoints />
																<AddBuff hasInputBreakpoint="0" comment="OnMount" breakpointFlags="0">
																	<OutputBreakpoints />
																</AddBuff>
																<ProduceSound hasInputBreakpoint="0" comment="" breakpointFlags="0">
																	<OutputBreakpoints />
																</ProduceSound>
																<DecoratorBuff hasInputBreakpoint="0" comment="Mounted" breakpointFlags="0">
																	<OutputBreakpoints />
																	<Wait hasInputBreakpoint="0" comment="" breakpointFlags="0">
																		<OutputBreakpoints />
																	</Wait>
																</DecoratorBuff>
															</Sequence>
														</Then>
														<Else>
															<Wait hasInputBreakpoint="0" comment="No hits for player&apos;s horse" breakpointFlags="0">
																<OutputBreakpoints />
															</Wait>
														</Else>
													</IfElseCondition>
												</Sequence>
											</Else>
										</EntityContextCheck>
									</Else>
								</LuaGate>
							</LinkGate>
						</While>
						<Sequence hasInputBreakpoint="0" comment="" breakpointFlags="0">
							<OutputBreakpoints />
							<Concatenation hasInputBreakpoint="0" comment="" breakpointFlags="0">
								<OutputBreakpoints />
							</Concatenation>
							<Loop hasInputBreakpoint="0" comment="HorseBuying marked horse" breakpointFlags="0">
								<OutputBreakpoints />
								<EntityContextBarrier hasInputBreakpoint="0" comment="" breakpointFlags="0">
									<OutputBreakpoints />
									<Sequence hasInputBreakpoint="0" comment="" breakpointFlags="0">
										<OutputBreakpoints />
										<DialogGate hasInputBreakpoint="0" comment="" breakpointFlags="0">
											<OutputBreakpoints />
											<Sequence hasInputBreakpoint="0" comment="" breakpointFlags="0">
												<OutputBreakpoints />
												<EntityContextCheck hasInputBreakpoint="0" comment="" breakpointFlags="0" saveVersion="2">
													<OutputBreakpoints />
													<Then>
														<SetExternalLock hasInputBreakpoint="0" comment="" breakpointFlags="0">
															<OutputBreakpoints />
														</SetExternalLock>
													</Then>
													<Else>
														<Function_callInterrupt_animal_horseWait hasInputBreakpoint="0" comment="" breakpointFlags="0">
															<OutputBreakpoints />
														</Function_callInterrupt_animal_horseWait>
													</Else>
												</EntityContextCheck>
												<Wait hasInputBreakpoint="0" comment="" breakpointFlags="0">
													<OutputBreakpoints />
												</Wait>
											</Sequence>
										</DialogGate>
										<SetExternalLock hasInputBreakpoint="0" comment="" breakpointFlags="0">
											<OutputBreakpoints />
										</SetExternalLock>
									</Sequence>
								</EntityContextBarrier>
							</Loop>
						</Sequence>
						<Loop hasInputBreakpoint="0" comment="" breakpointFlags="0">
							<OutputBreakpoints />
							<EntityContextBarrier hasInputBreakpoint="0" comment="" breakpointFlags="0">
								<OutputBreakpoints />
								<DialogGate hasInputBreakpoint="0" comment="" breakpointFlags="0">
									<OutputBreakpoints />
									<Sequence hasInputBreakpoint="0" comment="" breakpointFlags="0">
										<OutputBreakpoints />
										<Function_callInterrupt_animal_horseWait hasInputBreakpoint="0" comment="" breakpointFlags="0">
											<OutputBreakpoints />
										</Function_callInterrupt_animal_horseWait>
										<Wait hasInputBreakpoint="0" comment="" breakpointFlags="0">
											<OutputBreakpoints />
										</Wait>
									</Sequence>
								</DialogGate>
							</EntityContextBarrier>
						</Loop>
						<Sequence hasInputBreakpoint="0" comment="" breakpointFlags="0">
							<OutputBreakpoints />
							<GetPlayerHorse hasInputBreakpoint="0" comment="" breakpointFlags="0">
								<OutputBreakpoints />
							</GetPlayerHorse>
							<Loop hasInputBreakpoint="0" comment="" breakpointFlags="0">
								<OutputBreakpoints />
								<IfGate hasInputBreakpoint="0" comment="" breakpointFlags="0">
									<OutputBreakpoints />
									<Parallel hasInputBreakpoint="0" comment="" breakpointFlags="0">
										<OutputBreakpoints />
										<Loop hasInputBreakpoint="0" comment="" breakpointFlags="0">
											<OutputBreakpoints />
											<LinkGate hasInputBreakpoint="0" comment="" breakpointFlags="0">
												<OutputBreakpoints />
												<Sequence hasInputBreakpoint="0" comment="" breakpointFlags="0">
													<OutputBreakpoints />
													<GetPlayerHorse hasInputBreakpoint="0" comment="Kills the tree - IfGate" breakpointFlags="0">
														<OutputBreakpoints />
													</GetPlayerHorse>
													<LinkGate hasInputBreakpoint="0" comment="" breakpointFlags="0">
														<OutputBreakpoints />
														<Sequence hasInputBreakpoint="0" comment="" breakpointFlags="0">
															<OutputBreakpoints />
															<GetPlayerHorse hasInputBreakpoint="0" comment="Kills the tree - IfGate" breakpointFlags="0">
																<OutputBreakpoints />
															</GetPlayerHorse>
															<AddLink hasInputBreakpoint="0" comment="" breakpointFlags="0">
																<OutputBreakpoints />
															</AddLink>
															<Wait hasInputBreakpoint="0" comment="" breakpointFlags="0">
																<OutputBreakpoints />
															</Wait>
														</Sequence>
													</LinkGate>
													<RemoveLink hasInputBreakpoint="0" comment="" breakpointFlags="0">
														<OutputBreakpoints />
													</RemoveLink>
												</Sequence>
											</LinkGate>
										</Loop>
										<Loop hasInputBreakpoint="0" comment="" breakpointFlags="0">
											<OutputBreakpoints />
											<DialogGate hasInputBreakpoint="0" comment="Check for despawn only in dialogue" breakpointFlags="0">
												<OutputBreakpoints />
												<LinkGate hasInputBreakpoint="0" comment="" breakpointFlags="0">
													<OutputBreakpoints />
													<DecoratorBuff hasInputBreakpoint="0" comment="streamed horse doesn&apos;t have meaning of life - permadeath" breakpointFlags="0">
														<OutputBreakpoints />
														<Loop hasInputBreakpoint="0" comment="" breakpointFlags="0">
															<OutputBreakpoints />
															<Sequence hasInputBreakpoint="0" comment="" breakpointFlags="0">
																<OutputBreakpoints />
																<GetPlayerHorse hasInputBreakpoint="0" comment="Kills the tree - IfGate" breakpointFlags="0">
																	<OutputBreakpoints />
																</GetPlayerHorse>
																<BuffTagCheck hasInputBreakpoint="0" comment="" breakpointFlags="0" saveVersion="2">
																	<OutputBreakpoints />
																	<Then>
																		<Success hasInputBreakpoint="0" comment="" breakpointFlags="0">
																			<OutputBreakpoints />
																		</Success>
																	</Then>
																	<Else>
																		<NotSeenByPlayer hasInputBreakpoint="0" comment="" breakpointFlags="0">
																			<OutputBreakpoints />
																		</NotSeenByPlayer>
																	</Else>
																</BuffTagCheck>
																<IfCondition hasInputBreakpoint="0" comment="" breakpointFlags="0">
																	<OutputBreakpoints />
																	<Despawn hasInputBreakpoint="0" comment="" breakpointFlags="0">
																		<OutputBreakpoints />
																	</Despawn>
																</IfCondition>
																<Wait hasInputBreakpoint="0" comment="" breakpointFlags="0">
																	<OutputBreakpoints />
																</Wait>
															</Sequence>
														</Loop>
													</DecoratorBuff>
												</LinkGate>
											</DialogGate>
										</Loop>
									</Parallel>
								</IfGate>
							</Loop>
						</Sequence>
						<Loop hasInputBreakpoint="0" comment="" breakpointFlags="0">
							<OutputBreakpoints />
							<LinkGate hasInputBreakpoint="0" comment="" breakpointFlags="0">
								<OutputBreakpoints />
								<DecoratorBuff hasInputBreakpoint="0" comment="If horse has no home - permadeath" breakpointFlags="0">
									<OutputBreakpoints />
									<Wait hasInputBreakpoint="0" comment="" breakpointFlags="0">
										<OutputBreakpoints />
									</Wait>
								</DecoratorBuff>
							</LinkGate>
						</Loop>
						<Loop hasInputBreakpoint="0" comment="KCD2-225105" breakpointFlags="0">
							<OutputBreakpoints />
							<LinkGate hasInputBreakpoint="0" comment="" breakpointFlags="0">
								<OutputBreakpoints />
								<Sequence hasInputBreakpoint="0" comment="" breakpointFlags="0">
									<OutputBreakpoints />
									<Timeout hasInputBreakpoint="0" comment="" breakpointFlags="0">
										<OutputBreakpoints />
										<LinkGate hasInputBreakpoint="0" comment="" breakpointFlags="0">
											<OutputBreakpoints />
											<Sequence hasInputBreakpoint="0" comment="" breakpointFlags="0">
												<OutputBreakpoints />
												<AtomicDecorator hasInputBreakpoint="0" comment="" breakpointFlags="0">
													<OutputBreakpoints />
													<Sequence hasInputBreakpoint="0" comment="" breakpointFlags="0">
														<OutputBreakpoints />
														<Function_callInterrupt_animal_startle hasInputBreakpoint="0" comment="" breakpointFlags="0">
															<OutputBreakpoints />
														</Function_callInterrupt_animal_startle>
														<RemoveLink hasInputBreakpoint="0" comment="" breakpointFlags="0">
															<OutputBreakpoints />
														</RemoveLink>
													</Sequence>
												</AtomicDecorator>
												<Wait hasInputBreakpoint="0" comment="" breakpointFlags="0">
													<OutputBreakpoints />
												</Wait>
											</Sequence>
										</LinkGate>
									</Timeout>
									<RemoveLink hasInputBreakpoint="0" comment="" breakpointFlags="0">
										<OutputBreakpoints />
									</RemoveLink>
								</Sequence>
							</LinkGate>
						</Loop>
					</Parallel>
				</Behavior>
			</Root>
			<Forest />
			<Comments />
		</EditorData>
	</BehaviorTree>
</BehaviorTrees>