<?xml version="1.0" encoding="us-ascii"?>
<BehaviorTrees>
	<BehaviorTree name="crime_animal_reserveReactionLink" is_function="1">
		<Variables>
			<Variable name="currentTime" type="_int64" values="" isPersistent="0" form="single" />
			<Variable name="reactorData" type="crime:animal_reactor" values="" isPersistent="0" form="single" />
		</Variables>
		<Parameters>
			<Variable name="reactionKind" type="enum:crime_animal_reactionKind" values="$enum:crime_animal_reactionKind.unknown" isPersistent="0" form="single" requirementType="In" />
		</Parameters>
		<Root OneTimeOnly="false" FailState="Recoverable" saveVersion="2">
			<Behavior canSkip="1">
				<Sequence>
					<GetTime TimeType="GameTime" OutVar="$currentTime" Delta="" />
					<Expression expressions="$reactorData.reactionKind = $reactionKind &#10;$reactorData.timeCreated = $currentTime &#10;$reactorData.reservation = true" />
					<IfElseCondition failOnCondition="false" condition="$reactionKind == $enum:crime_animal_reactionKind.check | &#10;$reactionKind == $enum:crime_animal_reactionKind.lookAround | &#10;$reactionKind == $enum:crime_animal_reactionKind.watchTrespass | &#10;$reactionKind == $enum:crime_animal_reactionKind.annoyance" saveVersion="2">
						<Then canSkip="1">
							<Expression expressions="$reactorData.shouldIgnorePerception = false" />
						</Then>
						<Else canSkip="1">
							<Expression expressions="$reactorData.shouldIgnorePerception = true" />
						</Else>
					</IfElseCondition>
					<AddLink From="$__player" To="$this.id" Tag="&apos;crime_animal_reactor&apos;" Data="$reactorData" LinkOpHandleMode="OverWrite" />
				</Sequence>
			</Behavior>
		</Root>
		<ForestContainer />
		<EditorData EventSet="">
			<Variables>
				<Variable name="currentTime" comment="" />
				<Variable name="reactorData" comment="" />
				<Variable name="reactionKind" comment="" />
			</Variables>
			<ForwardDeclarations />
			<Root hasInputBreakpoint="0" comment="" breakpointFlags="0" saveVersion="2">
				<OutputBreakpoints />
				<Behavior>
					<Sequence hasInputBreakpoint="0" comment="" breakpointFlags="0">
						<OutputBreakpoints />
						<GetTime hasInputBreakpoint="0" comment="" breakpointFlags="0">
							<OutputBreakpoints />
						</GetTime>
						<Expression hasInputBreakpoint="0" comment="" breakpointFlags="0">
							<OutputBreakpoints />
						</Expression>
						<IfElseCondition hasInputBreakpoint="0" comment="" breakpointFlags="0" saveVersion="2">
							<OutputBreakpoints />
							<Then>
								<Expression hasInputBreakpoint="0" comment="" breakpointFlags="0">
									<OutputBreakpoints />
								</Expression>
							</Then>
							<Else>
								<Expression hasInputBreakpoint="0" comment="" breakpointFlags="0">
									<OutputBreakpoints />
								</Expression>
							</Else>
						</IfElseCondition>
						<AddLink hasInputBreakpoint="0" comment="" breakpointFlags="0">
							<OutputBreakpoints />
						</AddLink>
					</Sequence>
				</Behavior>
			</Root>
			<Forest />
			<Comments />
		</EditorData>
	</BehaviorTree>
</BehaviorTrees>