<?xml version="1.0" encoding="us-ascii"?>
<BehaviorTrees>
  <BehaviorTree name="switch_animal_handleStimulusTrespass" is_function="1">
    <Variables />
    <Parameters>
      <Variable name="stimulus" type="switch:animal_stimulus:trespass" values="" isPersistent="0" form="single" requirementType="In" />
    </Parameters>
    <Root OneTimeOnly="false" FailState="Recoverable" saveVersion="2">
      <Behavior canSkip="1">
        <Switch>
          <EntityContextCheck context="switch_recognitionLevel_II" target="" saveVersion="2">
            <Then canSkip="1">
              <Function_callInterrupt_animal_check ignorePriority="false" initiator="$enum:switch_interruptInitiator.switch" previousReaction="$enum:crime_animal_reactionKind.unknown" stimulusKind="$enum:crime_animal_stimulusKind.trespass" target="$__player" nodeLabel="43379910" />
            </Then>
          </EntityContextCheck>
          <EntityContextCheck context="switch_recognitionLevel_I" target="" saveVersion="2">
            <Then canSkip="1">
              <Function_callInterrupt_animal_check ignorePriority="false" initiator="$enum:switch_interruptInitiator.switch" previousReaction="$enum:crime_animal_reactionKind.unknown" stimulusKind="$enum:crime_animal_stimulusKind.trespass" target="$__player" nodeLabel="40405122" />
            </Then>
          </EntityContextCheck>
          <DefaultBranch>
            <Function_callInterrupt_animal_watchTrespass ignorePriority="false" initiator="$enum:switch_interruptInitiator.switch" previousReaction="$enum:crime_animal_reactionKind.unknown" stimulusKind="$enum:crime_animal_stimulusKind.trespass" nodeLabel="54703417" />
          </DefaultBranch>
        </Switch>
      </Behavior>
    </Root>
    <ForestContainer />
    <EditorData EventSet="">
      <Variables>
        <Variable name="stimulus" comment="" />
      </Variables>
      <ForwardDeclarations />
      <Root hasInputBreakpoint="0" comment="" breakpointFlags="0" saveVersion="2">
        <OutputBreakpoints />
        <Behavior>
          <Switch hasInputBreakpoint="0" comment="" breakpointFlags="0">
            <OutputBreakpoints />
            <EntityContextCheck hasInputBreakpoint="0" comment="" breakpointFlags="0" saveVersion="2">
              <OutputBreakpoints />
              <Then>
                <Function_callInterrupt_animal_check hasInputBreakpoint="0" comment="" breakpointFlags="0">
                  <OutputBreakpoints />
                </Function_callInterrupt_animal_check>
              </Then>
            </EntityContextCheck>
            <EntityContextCheck hasInputBreakpoint="0" comment="" breakpointFlags="0" saveVersion="2">
              <OutputBreakpoints />
              <Then>
                <Function_callInterrupt_animal_check hasInputBreakpoint="0" comment="" breakpointFlags="0">
                  <OutputBreakpoints />
                </Function_callInterrupt_animal_check>
              </Then>
            </EntityContextCheck>
            <DefaultBranch>
              <Function_callInterrupt_animal_watchTrespass hasInputBreakpoint="0" comment="" breakpointFlags="0">
                <OutputBreakpoints />
              </Function_callInterrupt_animal_watchTrespass>
            </DefaultBranch>
          </Switch>
        </Behavior>
      </Root>
      <Forest />
      <Comments />
    </EditorData>
  </BehaviorTree>
</BehaviorTrees>