<?xml version="1.0" encoding="us-ascii"?>
<BehaviorTrees>
  <BehaviorTree name="switch_animal_continuouslyCheckNervousnessForSpeed" is_function="1">
    <Variables />
    <Parameters>
      <Variable name="movementSpeed" type="enum:movementSpeed" values="" isPersistent="0" form="single" requirementType="Reference" />
    </Parameters>
    <Root OneTimeOnly="false" FailState="Recoverable" saveVersion="2">
      <OnInit canSkip="1">
        <Expression expressions="$movementSpeed = $enum:movementSpeed.walk" />
      </OnInit>
      <Behavior canSkip="1">
        <Loop count="-1">
          <Sequence>
            <Switch>
              <CheckNervousnessInterval Soul="$this.id" Flag="animals_dog_sprintSpeed" saveVersion="2">
                <Then canSkip="1">
                  <Expression expressions="$movementSpeed = $enum:movementSpeed.sprint" />
                </Then>
              </CheckNervousnessInterval>
              <CheckNervousnessInterval Soul="$this.id" Flag="animals_dog_runSpeed" saveVersion="2">
                <Then canSkip="1">
                  <Expression expressions="$movementSpeed = $enum:movementSpeed.run" />
                </Then>
              </CheckNervousnessInterval>
              <DefaultBranch>
                <Expression expressions="$movementSpeed = $enum:movementSpeed.walk" />
              </DefaultBranch>
            </Switch>
            <Wait duration="&apos;2s&apos;" timeType="GameTime" doFail="false" variation="" skipInLOD="false" />
          </Sequence>
        </Loop>
      </Behavior>
    </Root>
    <ForestContainer />
    <EditorData EventSet="">
      <Variables>
        <Variable name="movementSpeed" comment="" />
      </Variables>
      <ForwardDeclarations />
      <Root hasInputBreakpoint="0" comment="" breakpointFlags="0" saveVersion="2">
        <OutputBreakpoints />
        <OnInit>
          <Expression hasInputBreakpoint="0" comment="" breakpointFlags="0">
            <OutputBreakpoints />
          </Expression>
        </OnInit>
        <Behavior>
          <Loop hasInputBreakpoint="0" comment="" breakpointFlags="0">
            <OutputBreakpoints />
            <Sequence hasInputBreakpoint="0" comment="" breakpointFlags="0">
              <OutputBreakpoints />
              <Switch hasInputBreakpoint="0" comment="" breakpointFlags="0">
                <OutputBreakpoints />
                <CheckNervousnessInterval hasInputBreakpoint="0" comment="" breakpointFlags="0" saveVersion="2">
                  <OutputBreakpoints />
                  <Then>
                    <Expression hasInputBreakpoint="0" comment="" breakpointFlags="0">
                      <OutputBreakpoints />
                    </Expression>
                  </Then>
                </CheckNervousnessInterval>
                <CheckNervousnessInterval hasInputBreakpoint="0" comment="" breakpointFlags="0" saveVersion="2">
                  <OutputBreakpoints />
                  <Then>
                    <Expression hasInputBreakpoint="0" comment="" breakpointFlags="0">
                      <OutputBreakpoints />
                    </Expression>
                  </Then>
                </CheckNervousnessInterval>
                <DefaultBranch>
                  <Expression hasInputBreakpoint="0" comment="" breakpointFlags="0">
                    <OutputBreakpoints />
                  </Expression>
                </DefaultBranch>
              </Switch>
              <Wait hasInputBreakpoint="0" comment="" breakpointFlags="0">
                <OutputBreakpoints />
              </Wait>
            </Sequence>
          </Loop>
        </Behavior>
      </Root>
      <Forest />
      <Comments />
    </EditorData>
  </BehaviorTree>
</BehaviorTrees>