<?xml version="1.0" encoding="us-ascii"?>
<BehaviorTrees>
  <BehaviorTree name="switch_animal_handleAwareness_item" is_function="1">
    <Variables>
      <Variable name="shouldReact" type="_bool" values="false" isPersistent="0" form="single" />
      <Variable name="stimulus" type="switch:animal_stimulus:item" values="" isPersistent="0" form="single" />
    </Variables>
    <Parameters>
      <Variable name="perceptible" type="_wuid" values="" isPersistent="0" form="single" requirementType="In" />
    </Parameters>
    <Root OneTimeOnly="false" FailState="Recoverable" saveVersion="2">
      <Behavior canSkip="1">
        <Sequence>
          <Function_switch_animal_shouldReactToItem item="$perceptible" shouldReact="$shouldReact" nodeLabel="29180410" />
          <IfCondition failOnCondition="false" condition="$shouldReact">
            <Sequence>
              <Expression expressions="$stimulus.item = $perceptible" />
              <Function_switch_animal_handleStimulusItem stimulus="$stimulus" nodeLabel="90633494" />
            </Sequence>
          </IfCondition>
        </Sequence>
      </Behavior>
    </Root>
    <ForestContainer />
    <EditorData EventSet="">
      <Variables>
        <Variable name="shouldReact" comment="" />
        <Variable name="stimulus" comment="" />
        <Variable name="perceptible" comment="" />
      </Variables>
      <ForwardDeclarations />
      <Root hasInputBreakpoint="0" comment="" breakpointFlags="0" saveVersion="2">
        <OutputBreakpoints />
        <Behavior>
          <Sequence hasInputBreakpoint="0" comment="" breakpointFlags="0">
            <OutputBreakpoints />
            <Function_switch_animal_shouldReactToItem hasInputBreakpoint="0" comment="" breakpointFlags="0">
              <OutputBreakpoints />
            </Function_switch_animal_shouldReactToItem>
            <IfCondition hasInputBreakpoint="0" comment="" breakpointFlags="0">
              <OutputBreakpoints />
              <Sequence hasInputBreakpoint="0" comment="" breakpointFlags="0">
                <OutputBreakpoints />
                <Expression hasInputBreakpoint="0" comment="" breakpointFlags="0">
                  <OutputBreakpoints />
                </Expression>
                <Function_switch_animal_handleStimulusItem hasInputBreakpoint="0" comment="" breakpointFlags="0">
                  <OutputBreakpoints />
                </Function_switch_animal_handleStimulusItem>
              </Sequence>
            </IfCondition>
          </Sequence>
        </Behavior>
      </Root>
      <Forest />
      <Comments />
    </EditorData>
  </BehaviorTree>
</BehaviorTrees>