<?xml version="1.0" encoding="us-ascii"?>
<BehaviorTrees>
  <BehaviorTree name="switch_animal_getMostRecentBarkFromMyHome" is_function="1">
    <Variables>
      <Variable name="animalDogBarkData_arr" type="crime:animalDogBarkData" values="" isPersistent="0" form="array" />
      <Variable name="animalDogBarkData_val" type="crime:animalDogBarkData" values="" isPersistent="0" form="single" />
      <Variable name="highest_timestamp" type="_int64" values="" isPersistent="0" form="single" />
      <Variable name="home" type="_wuid" values="" isPersistent="0" form="single" />
    </Variables>
    <Parameters>
      <Variable name="animalDogBarkData" type="crime:animalDogBarkData" values="" isPersistent="0" form="single" requirementType="Out" />
    </Parameters>
    <Root OneTimeOnly="false" FailState="Recoverable" saveVersion="2">
      <Behavior canSkip="1">
        <Sequence>
          <SuppressFailure>
            <Sequence>
              <GraphSearch Origin="$this.id" Borders="" depth="1" selection="true" SearchPattern="Depth" EdgePruning="&apos;parent,inventory&apos;" AllowedEdges="" SubGraph="" AllowSubtraph="false" includeOrigin="false" excludeOrigin="false" failOnEmpty="true" SetOperationChoice="Intersection|And" errorOnEmpty="false" shortCircuit="false" skipTraversed="true">
                <LinkTagFilter tag="&apos;home&apos;" prune="true" negprune="unknown" Parent="" Child="$home" Data="" />
              </GraphSearch>
              <GraphSearch Origin="$home" Borders="" depth="1" selection="true" SearchPattern="Depth" EdgePruning="&apos;parent,inventory&apos;" AllowedEdges="" SubGraph="" AllowSubtraph="false" includeOrigin="false" excludeOrigin="false" failOnEmpty="true" SetOperationChoice="Intersection|And" errorOnEmpty="false" shortCircuit="false" skipTraversed="true">
                <LinkTagFilter tag="&apos;crime_animal_dogBarkData&apos;" prune="true" negprune="unknown" Parent="" Child="" Data="" />
                <Datalyzer Tag="&apos;crime_animal_dogBarkData&apos;" Quantifiers="ForAll" Parent="" Child="" Data="$animalDogBarkData_arr" saveVersion="2" />
              </GraphSearch>
            </Sequence>
          </SuppressFailure>
          <Sequence>
            <Expression expressions="$highest_timestamp = 0 &#10;$animalDogBarkData.dog = $__null" />
            <ForEach startIndex="0" step="1" array="$animalDogBarkData_arr" iterator="" value="$animalDogBarkData_val" break="">
              <IfCondition failOnCondition="false" condition="$animalDogBarkData_val.timestamp &gt; $highest_timestamp">
                <Expression expressions="$highest_timestamp = $animalDogBarkData_val.timestamp &#10;$animalDogBarkData = $animalDogBarkData_val" />
              </IfCondition>
            </ForEach>
          </Sequence>
        </Sequence>
      </Behavior>
    </Root>
    <ForestContainer />
    <EditorData EventSet="">
      <Variables>
        <Variable name="animalDogBarkData_arr" comment="" />
        <Variable name="animalDogBarkData_val" comment="" />
        <Variable name="highest_timestamp" comment="" />
        <Variable name="home" comment="" />
        <Variable name="animalDogBarkData" comment="" />
      </Variables>
      <ForwardDeclarations />
      <Root hasInputBreakpoint="0" comment="" breakpointFlags="0" saveVersion="2">
        <OutputBreakpoints />
        <Behavior>
          <Sequence hasInputBreakpoint="0" comment="" breakpointFlags="0">
            <OutputBreakpoints />
            <SuppressFailure hasInputBreakpoint="0" comment="" breakpointFlags="0">
              <OutputBreakpoints />
              <Sequence hasInputBreakpoint="0" comment="" breakpointFlags="0">
                <OutputBreakpoints />
                <GraphSearch hasInputBreakpoint="0" comment="" breakpointFlags="0">
                  <OutputBreakpoints />
                  <LinkTagFilter hasInputBreakpoint="0" comment="" breakpointFlags="0">
                    <OutputBreakpoints />
                  </LinkTagFilter>
                </GraphSearch>
                <GraphSearch hasInputBreakpoint="0" comment="" breakpointFlags="0">
                  <OutputBreakpoints />
                  <LinkTagFilter hasInputBreakpoint="0" comment="" breakpointFlags="0">
                    <OutputBreakpoints />
                  </LinkTagFilter>
                  <Datalyzer hasInputBreakpoint="0" comment="" breakpointFlags="0" saveVersion="2">
                    <OutputBreakpoints />
                  </Datalyzer>
                </GraphSearch>
              </Sequence>
            </SuppressFailure>
            <Sequence hasInputBreakpoint="0" comment="" breakpointFlags="0">
              <OutputBreakpoints />
              <Expression hasInputBreakpoint="0" comment="" breakpointFlags="0">
                <OutputBreakpoints />
              </Expression>
              <ForEach hasInputBreakpoint="0" comment="" breakpointFlags="0">
                <OutputBreakpoints />
                <IfCondition hasInputBreakpoint="0" comment="" breakpointFlags="0">
                  <OutputBreakpoints />
                  <Expression hasInputBreakpoint="0" comment="" breakpointFlags="0">
                    <OutputBreakpoints />
                  </Expression>
                </IfCondition>
              </ForEach>
            </Sequence>
          </Sequence>
        </Behavior>
      </Root>
      <Forest />
      <Comments />
    </EditorData>
  </BehaviorTree>
</BehaviorTrees>