<?xml version="1.0" encoding="us-ascii"?>
<BehaviorTrees>
	<BehaviorTree name="crime_animal_confirmReactionLink" is_function="1">
		<Variables>
			<Variable name="reactionData" type="crime:animal_reactor" values="" isPersistent="0" form="single" />
		</Variables>
		<Parameters>
			<Variable name="reactionKind" type="enum:crime_animal_reactionKind" values="$enum:crime_animal_reactionKind.unknown" isPersistent="0" form="single" requirementType="In" />
			<Variable name="target" type="_wuid" values="" isPersistent="0" form="single" requirementType="In" optional="1" />
		</Parameters>
		<Root OneTimeOnly="false" FailState="Recoverable" saveVersion="2">
			<Behavior canSkip="1">
				<SuppressFailure>
					<AtomicDecorator>
						<Sequence>
							<GraphSearch Origin="$__player" Borders="" depth="1" selection="true" SearchPattern="Depth" EdgePruning="&apos;parent,inventory&apos;" AllowedEdges="" SubGraph="&apos;crime_animal_reactor&apos;" AllowSubtraph="false" includeOrigin="false" excludeOrigin="false" failOnEmpty="true" SetOperationChoice="Intersection|And" errorOnEmpty="false" shortCircuit="false" skipTraversed="true">
								<LinkTagFilter tag="&apos;crime_animal_reactor&apos;" prune="true" negprune="unknown" Parent="" Child="" Data="" />
								<WUIDFilter WUID="$this.id" Source="Child" prune="true" negprune="unknown" Parent="" Child="" />
								<LinkDataFilter tag="&apos;crime_animal_reactor&apos;" condition="$__link_crime_animal_reactor.reactionKind == $reactionKind" prune="true" negprune="unknown" Parent="" Child="" Data="$reactionData" />
							</GraphSearch>
							<IfCondition failOnCondition="false" condition="~$reactionData.shouldIgnorePerception &amp; $target ~= $__null">
								<CancelPerceptionIgnore PerceptorObject="$this.id" PerceptibleObject="$target" WasIgnoredAtLeastFor="&apos;0s&apos;" />
							</IfCondition>
							<LinkDataExpression From="$__player" To="$this.id" Expresssion="$__link_crime_animal_reactor.reservation = false" />
						</Sequence>
					</AtomicDecorator>
				</SuppressFailure>
			</Behavior>
		</Root>
		<ForestContainer />
		<EditorData EventSet="">
			<Variables>
				<Variable name="reactionData" comment="" />
				<Variable name="reactionKind" comment="" />
				<Variable name="target" comment="" />
			</Variables>
			<ForwardDeclarations />
			<Root hasInputBreakpoint="0" comment="" breakpointFlags="0" saveVersion="2">
				<OutputBreakpoints />
				<Behavior>
					<SuppressFailure hasInputBreakpoint="0" comment="" breakpointFlags="0">
						<OutputBreakpoints />
						<AtomicDecorator hasInputBreakpoint="0" comment="" breakpointFlags="0">
							<OutputBreakpoints />
							<Sequence hasInputBreakpoint="0" comment="" breakpointFlags="0">
								<OutputBreakpoints />
								<GraphSearch hasInputBreakpoint="0" comment="" breakpointFlags="0">
									<OutputBreakpoints />
									<LinkTagFilter hasInputBreakpoint="0" comment="" breakpointFlags="0">
										<OutputBreakpoints />
									</LinkTagFilter>
									<WUIDFilter hasInputBreakpoint="0" comment="" breakpointFlags="0">
										<OutputBreakpoints />
									</WUIDFilter>
									<LinkDataFilter hasInputBreakpoint="0" comment="" breakpointFlags="0">
										<OutputBreakpoints />
									</LinkDataFilter>
								</GraphSearch>
								<IfCondition hasInputBreakpoint="0" comment="" breakpointFlags="0">
									<OutputBreakpoints />
									<CancelPerceptionIgnore hasInputBreakpoint="0" comment="" breakpointFlags="0">
										<OutputBreakpoints />
									</CancelPerceptionIgnore>
								</IfCondition>
								<LinkDataExpression hasInputBreakpoint="0" comment="" breakpointFlags="0">
									<OutputBreakpoints />
								</LinkDataExpression>
							</Sequence>
						</AtomicDecorator>
					</SuppressFailure>
				</Behavior>
			</Root>
			<Forest />
			<Comments />
		</EditorData>
	</BehaviorTree>
</BehaviorTrees>