<?xml version="1.0" encoding="us-ascii"?>
<BehaviorTrees>
	<BehaviorTree name="switch_animal_continuouslyDoPerceptionSearchForTarget" is_function="1">
		<Variables>
			<Variable name="dummyInt" type="_int" values="" isPersistent="0" form="single" />
			<Variable name="perceptionInfo" type="perceptionInfo" values="" isPersistent="0" form="single" />
			<Variable name="perceptionTargets" type="_wuid" values="" isPersistent="0" form="array" />
		</Variables>
		<Parameters>
			<Variable name="canSeeTarget" type="_bool" values="" isPersistent="0" form="single" requirementType="Reference" />
			<Variable name="target" type="_wuid" values="" isPersistent="0" form="single" requirementType="In" />
		</Parameters>
		<Root OneTimeOnly="false" FailState="Recoverable" saveVersion="2">
			<Behavior canSkip="1">
				<EntityContext context="crime_animal_ignoreAwarenessHuman" target="">
					<FuseBox StatusPropagation="Child" OneCleanup="true" saveVersion="2">
						<Child canSkip="1">
							<EntityContext context="crime_disabledRecurrentPerceptionIgnore" target="">
								<Loop count="-1">
									<Sequence>
										<CancelPerceptionIgnore PerceptorObject="$this.id" PerceptibleObject="" WasIgnoredAtLeastFor="&apos;0s&apos;" />
										<ReinitVariable variable="$perceptionTargets" />
										<PerceptionSearch ComponentToBoost="BoostNothing" saveVersion="2">
											<Search canSkip="1">
												<While doFail="false" propagateChildFail="false" condition="true">
													<ProcessMessage Atomic="true" timeout="&apos;-1&apos;" timeType="GameTime" variable="$perceptionInfo" senderInfo="" inbox="&apos;perceptionInfo_check&apos;" condition="" answerVar="">
														<CheckWuidValid wuid="$perceptionInfo.perceptible" FailSubtMissing="false" saveVersion="2">
															<Then canSkip="1">
																<IfElseCondition failOnCondition="false" condition="$perceptionInfo.threshold &gt; 0" saveVersion="2">
																	<Then canSkip="1">
																		<Sequence>
																			<PushToArray array="$perceptionTargets" value="$perceptionInfo.perceptible" direction="Back" />
																			<DismissSearchCandidate PerceptibleObject="$perceptionInfo.perceptible" />
																		</Sequence>
																	</Then>
																</IfElseCondition>
															</Then>
														</CheckWuidValid>
													</ProcessMessage>
												</While>
											</Search>
											<NoCandidate canSkip="1">
												<Success />
											</NoCandidate>
										</PerceptionSearch>
										<Selector>
											<Sequence>
												<FindInArray array="$perceptionTargets" keyOut="$dummyInt" condition="$__value == $target" />
												<Expression expressions="$canSeeTarget = true" />
											</Sequence>
											<Expression expressions="$canSeeTarget = false" />
										</Selector>
										<Wait duration="&apos;2s&apos;" timeType="GameTime" doFail="false" variation="" />
									</Sequence>
								</Loop>
							</EntityContext>
						</Child>
						<OnFail canSkip="1">
							<ClearInbox inbox="&apos;perceptionInfo_check&apos;" type="" condition="" />
						</OnFail>
					</FuseBox>
				</EntityContext>
			</Behavior>
		</Root>
		<ForestContainer />
		<EditorData EventSet="">
			<Variables>
				<Variable name="dummyInt" comment="" />
				<Variable name="perceptionInfo" comment="" />
				<Variable name="perceptionTargets" comment="" />
				<Variable name="canSeeTarget" comment="" />
				<Variable name="target" comment="" />
			</Variables>
			<ForwardDeclarations />
			<Root hasInputBreakpoint="0" comment="" breakpointFlags="0" saveVersion="2">
				<OutputBreakpoints />
				<Behavior>
					<EntityContext hasInputBreakpoint="0" comment="" breakpointFlags="0">
						<OutputBreakpoints />
						<FuseBox hasInputBreakpoint="0" comment="" breakpointFlags="0" saveVersion="2">
							<OutputBreakpoints />
							<Child>
								<EntityContext hasInputBreakpoint="0" comment="" breakpointFlags="0">
									<OutputBreakpoints />
									<Loop hasInputBreakpoint="0" comment="" breakpointFlags="0">
										<OutputBreakpoints />
										<Sequence hasInputBreakpoint="0" comment="" breakpointFlags="0">
											<OutputBreakpoints />
											<CancelPerceptionIgnore hasInputBreakpoint="0" comment="" breakpointFlags="0">
												<OutputBreakpoints />
											</CancelPerceptionIgnore>
											<ReinitVariable hasInputBreakpoint="0" comment="" breakpointFlags="0">
												<OutputBreakpoints />
											</ReinitVariable>
											<PerceptionSearch hasInputBreakpoint="0" comment="" breakpointFlags="0" saveVersion="2">
												<OutputBreakpoints />
												<Search>
													<While hasInputBreakpoint="0" comment="" breakpointFlags="0">
														<OutputBreakpoints />
														<ProcessMessage hasInputBreakpoint="0" comment="" breakpointFlags="0">
															<OutputBreakpoints />
															<CheckWuidValid hasInputBreakpoint="0" comment="NPC might read message AFTER the entity gets destroyed" breakpointFlags="0" saveVersion="2">
																<OutputBreakpoints />
																<Then>
																	<IfElseCondition hasInputBreakpoint="0" comment="" breakpointFlags="0" saveVersion="2">
																		<OutputBreakpoints />
																		<Then>
																			<Sequence hasInputBreakpoint="0" comment="" breakpointFlags="0">
																				<OutputBreakpoints />
																				<PushToArray hasInputBreakpoint="0" comment="" breakpointFlags="0">
																					<OutputBreakpoints />
																				</PushToArray>
																				<DismissSearchCandidate hasInputBreakpoint="0" comment="" breakpointFlags="0">
																					<OutputBreakpoints />
																				</DismissSearchCandidate>
																			</Sequence>
																		</Then>
																	</IfElseCondition>
																</Then>
															</CheckWuidValid>
														</ProcessMessage>
													</While>
												</Search>
												<NoCandidate>
													<Success hasInputBreakpoint="0" comment="" breakpointFlags="0">
														<OutputBreakpoints />
													</Success>
												</NoCandidate>
											</PerceptionSearch>
											<Selector hasInputBreakpoint="0" comment="" breakpointFlags="0">
												<OutputBreakpoints />
												<Sequence hasInputBreakpoint="0" comment="" breakpointFlags="0">
													<OutputBreakpoints />
													<FindInArray hasInputBreakpoint="0" comment="" breakpointFlags="0">
														<OutputBreakpoints />
													</FindInArray>
													<Expression hasInputBreakpoint="0" comment="" breakpointFlags="0">
														<OutputBreakpoints />
													</Expression>
												</Sequence>
												<Expression hasInputBreakpoint="0" comment="" breakpointFlags="0">
													<OutputBreakpoints />
												</Expression>
											</Selector>
											<Wait hasInputBreakpoint="0" comment="" breakpointFlags="0">
												<OutputBreakpoints />
											</Wait>
										</Sequence>
									</Loop>
								</EntityContext>
							</Child>
							<OnFail>
								<ClearInbox hasInputBreakpoint="0" comment="" breakpointFlags="0">
									<OutputBreakpoints />
								</ClearInbox>
							</OnFail>
						</FuseBox>
					</EntityContext>
				</Behavior>
			</Root>
			<Forest />
			<Comments />
		</EditorData>
	</BehaviorTree>
</BehaviorTrees>