<?xml version="1.0" encoding="us-ascii"?>
<BehaviorTrees>
  <BehaviorTree name="callInterrupt_animal_moveToPlayer" is_function="1">
    <Variables>
      <Variable name="redkev" type="_wuid" values="" isPersistent="0" form="single" />
    </Variables>
    <Root OneTimeOnly="false" FailState="Recoverable" saveVersion="2">
      <Behavior canSkip="1">
        <Sequence>
          <Function_crime_getRedkev redkev="$redkev" nodeLabel="14500360" />
          <AddInterrupt_animal_moveToPlayer Target="$this.id" Host="$redkev" Behavior="&apos;interrupt_animal_moveToPlayer&apos;" Priority="44" IgnorePriorityOnPreviousInterrupt="false" urgency="Slow" Aliveness="Alive" Privileged="false" />
        </Sequence>
      </Behavior>
    </Root>
    <ForestContainer />
    <EditorData EventSet="">
      <Variables>
        <Variable name="redkev" comment="" />
      </Variables>
      <ForwardDeclarations />
      <Root hasInputBreakpoint="0" comment="" breakpointFlags="0" saveVersion="2">
        <OutputBreakpoints />
        <Behavior>
          <Sequence hasInputBreakpoint="0" comment="" breakpointFlags="0">
            <OutputBreakpoints />
            <Function_crime_getRedkev hasInputBreakpoint="0" comment="" breakpointFlags="0">
              <OutputBreakpoints />
            </Function_crime_getRedkev>
            <AddInterrupt_animal_moveToPlayer hasInputBreakpoint="0" comment="" breakpointFlags="0">
              <OutputBreakpoints />
            </AddInterrupt_animal_moveToPlayer>
          </Sequence>
        </Behavior>
      </Root>
      <Forest />
      <Comments />
    </EditorData>
  </BehaviorTree>
</BehaviorTrees>