<?xml version="1.0" encoding="us-ascii"?>
<BehaviorTrees>
  <BehaviorTree name="callInterrupt_animal_lookAround" is_function="1">
    <Variables>
      <Variable name="animalLookAroundData" type="switch:animal_interruptData:lookAround" values="" isPersistent="0" form="single" />
      <Variable name="priority" type="_int" values="20" isPersistent="0" form="single" />
      <Variable name="redkev" type="_wuid" values="" isPersistent="0" form="single" />
      <Variable name="shallPass" type="_bool" values="" isPersistent="0" form="single" />
      <Variable name="targetPosition" type="vec3" values="" isPersistent="0" form="single" />
    </Variables>
    <Parameters>
      <Variable name="ignorePriority" type="_bool" values="false" isPersistent="0" form="single" requirementType="In" />
      <Variable name="initiator" type="enum:switch_interruptInitiator" values="$enum:switch_interruptInitiator.unknown" isPersistent="0" form="single" requirementType="In" />
      <Variable name="previousReaction" type="enum:crime_animal_reactionKind" values="$enum:crime_animal_reactionKind.unknown" isPersistent="0" form="single" requirementType="In" />
      <Variable name="shouldUseVec3" type="_bool" values="false" isPersistent="0" form="single" requirementType="In" />
      <Variable name="stimulusKind" type="enum:crime_animal_stimulusKind" values="$enum:crime_animal_stimulusKind.unknown" isPersistent="0" form="single" requirementType="In" />
      <Variable name="targetPositionVec3" type="vec3" values="" isPersistent="0" form="single" requirementType="In" optional="1" />
      <Variable name="targetPositionWuid" type="_wuid" values="" isPersistent="0" form="single" requirementType="In" optional="1" />
    </Parameters>
    <Root OneTimeOnly="false" FailState="Recoverable" saveVersion="2">
      <Behavior canSkip="1">
        <Sequence>
          <Function_crime_getRedkev redkev="$redkev" nodeLabel="20796404" />
          <Function_crime_checkReactionPriority priority="$priority" shallPass="$shallPass" nodeLabel="63391901" />
          <EntityContextCheck context="crime_animal_interruptLookAround" target="" saveVersion="2">
            <Then canSkip="1">
              <Expression expressions="$ignorePriority = true" />
            </Then>
          </EntityContextCheck>
          <IfCondition failOnCondition="false" condition="$shallPass | $ignorePriority">
            <Sequence>
              <IfElseCondition failOnCondition="false" condition="$shouldUseVec3" saveVersion="2">
                <Then canSkip="1">
                  <Expression expressions="$targetPosition = $targetPositionVec3" />
                </Then>
                <Else canSkip="1">
                  <GetSpatialInfo In="$targetPositionWuid" Out="$targetPosition" What="Position" />
                </Else>
              </IfElseCondition>
              <Expression expressions="$animalLookAroundData.initiatedBy = $initiator &#10;$animalLookAroundData.previousReaction = $previousReaction &#10;$animalLookAroundData.stimulusKind = $stimulusKind &#10;$animalLookAroundData.targetPosition = $targetPosition" />
              <Function_crime_animal_reserveReactionLink reactionKind="$enum:crime_animal_reactionKind.lookAround" nodeLabel="69431808" />
              <AddInterrupt_animal_lookAround animalLookAroundData="$animalLookAroundData" Target="$this.id" Host="$redkev" Behavior="&apos;interrupt_animal_lookAround&apos;" Priority="$priority" IgnorePriorityOnPreviousInterrupt="$ignorePriority" urgency="Fast" Aliveness="Alive" Privileged="false" FastForward="false" />
            </Sequence>
          </IfCondition>
        </Sequence>
      </Behavior>
    </Root>
    <ForestContainer />
    <EditorData EventSet="">
      <Variables>
        <Variable name="animalLookAroundData" comment="" />
        <Variable name="priority" comment="" />
        <Variable name="redkev" comment="" />
        <Variable name="shallPass" comment="" />
        <Variable name="targetPosition" comment="" />
        <Variable name="ignorePriority" comment="" />
        <Variable name="initiator" comment="" />
        <Variable name="previousReaction" comment="" />
        <Variable name="shouldUseVec3" comment="" />
        <Variable name="stimulusKind" comment="" />
        <Variable name="targetPositionVec3" comment="" />
        <Variable name="targetPositionWuid" comment="" />
      </Variables>
      <ForwardDeclarations />
      <Root hasInputBreakpoint="0" comment="" breakpointFlags="0" saveVersion="2">
        <OutputBreakpoints />
        <Behavior>
          <Sequence hasInputBreakpoint="0" comment="" breakpointFlags="0">
            <OutputBreakpoints />
            <Function_crime_getRedkev hasInputBreakpoint="0" comment="" breakpointFlags="0">
              <OutputBreakpoints />
            </Function_crime_getRedkev>
            <Function_crime_checkReactionPriority hasInputBreakpoint="0" comment="" breakpointFlags="0">
              <OutputBreakpoints />
            </Function_crime_checkReactionPriority>
            <EntityContextCheck hasInputBreakpoint="0" comment="" breakpointFlags="0" saveVersion="2">
              <OutputBreakpoints />
              <Then>
                <Expression hasInputBreakpoint="0" comment="" breakpointFlags="0">
                  <OutputBreakpoints />
                </Expression>
              </Then>
            </EntityContextCheck>
            <IfCondition hasInputBreakpoint="0" comment="" breakpointFlags="0">
              <OutputBreakpoints />
              <Sequence hasInputBreakpoint="0" comment="" breakpointFlags="0">
                <OutputBreakpoints />
                <IfElseCondition hasInputBreakpoint="0" comment="" breakpointFlags="0" saveVersion="2">
                  <OutputBreakpoints />
                  <Then>
                    <Expression hasInputBreakpoint="0" comment="" breakpointFlags="0">
                      <OutputBreakpoints />
                    </Expression>
                  </Then>
                  <Else>
                    <GetSpatialInfo hasInputBreakpoint="0" comment="" breakpointFlags="0">
                      <OutputBreakpoints />
                    </GetSpatialInfo>
                  </Else>
                </IfElseCondition>
                <Expression hasInputBreakpoint="0" comment="" breakpointFlags="0">
                  <OutputBreakpoints />
                </Expression>
                <Function_crime_animal_reserveReactionLink hasInputBreakpoint="0" comment="" breakpointFlags="0">
                  <OutputBreakpoints />
                </Function_crime_animal_reserveReactionLink>
                <AddInterrupt_animal_lookAround hasInputBreakpoint="0" comment="" breakpointFlags="0">
                  <OutputBreakpoints />
                </AddInterrupt_animal_lookAround>
              </Sequence>
            </IfCondition>
          </Sequence>
        </Behavior>
      </Root>
      <Forest />
      <Comments />
    </EditorData>
  </BehaviorTree>
</BehaviorTrees>