<?xml version="1.0" encoding="us-ascii"?>
<BehaviorTrees>
  <BehaviorTree name="callInterrupt_animal_annoyance" is_function="1">
    <Variables>
      <Variable name="animalAnnoyanceData" type="switch:animal_interruptData:annoyance" values="" isPersistent="0" form="single" />
      <Variable name="priority" type="_int" values="25" isPersistent="0" form="single" />
      <Variable name="priorityBoost" type="_int" values="0" isPersistent="0" form="single" />
      <Variable name="redkev" type="_wuid" values="" isPersistent="0" form="single" />
      <Variable name="shallPass" type="_bool" values="false" isPersistent="0" form="single" />
    </Variables>
    <Parameters>
      <Variable name="attackKind" type="enum:crime_attackKind" values="$enum:crime_attackKind.unknown" isPersistent="0" form="single" requirementType="In" />
      <Variable name="ignorePriority" type="_bool" values="false" isPersistent="0" form="single" requirementType="In" />
      <Variable name="initiator" type="enum:switch_interruptInitiator" values="$enum:switch_interruptInitiator.unknown" isPersistent="0" form="single" requirementType="In" />
      <Variable name="previousReaction" type="enum:crime_animal_reactionKind" values="$enum:crime_animal_reactionKind.unknown" isPersistent="0" form="single" requirementType="In" />
      <Variable name="stimulusKind" type="enum:crime_animal_stimulusKind" values="$enum:crime_animal_stimulusKind.unknown" isPersistent="0" form="single" requirementType="In" />
      <Variable name="target" type="_wuid" values="" isPersistent="0" form="single" requirementType="In" optional="1" />
    </Parameters>
    <Root OneTimeOnly="false" FailState="Recoverable" saveVersion="2">
      <Behavior canSkip="1">
        <Sequence>
          <Sequence>
            <Switch>
              <IfCondition failOnCondition="false" condition="$stimulusKind == $enum:crime_animal_stimulusKind.enemy">
                <Expression expressions="$priorityBoost = 50" />
              </IfCondition>
              <IfCondition failOnCondition="false" condition="$stimulusKind == $enum:crime_animal_stimulusKind.combat">
                <Expression expressions="$priorityBoost = 51" />
              </IfCondition>
              <IfCondition failOnCondition="false" condition="$stimulusKind == $enum:crime_animal_stimulusKind.hit">
                <Expression expressions="$priorityBoost = 49" />
              </IfCondition>
              <IfCondition failOnCondition="false" condition="$stimulusKind == $enum:crime_animal_stimulusKind.human">
                <Expression expressions="$priorityBoost = 46" />
              </IfCondition>
              <DefaultBranch>
                <Expression expressions="$priorityBoost = 0" />
              </DefaultBranch>
            </Switch>
            <Expression expressions="$priority += $priorityBoost" />
          </Sequence>
          <Function_crime_getRedkev redkev="$redkev" nodeLabel="59719306" />
          <Function_crime_checkReactionPriority priority="$priority" shallPass="$shallPass" nodeLabel="39843960" />
          <IfCondition failOnCondition="false" condition="$shallPass | $ignorePriority">
            <Sequence>
              <Expression expressions="$animalAnnoyanceData.initiatedBy = $initiator &#10;$animalAnnoyanceData.previousReaction = $previousReaction &#10;$animalAnnoyanceData.stimulusKind = $stimulusKind &#10;$animalAnnoyanceData.target = $target &#10;$animalAnnoyanceData.attackKind = $attackKind" />
              <Function_crime_animal_reserveReactionLink reactionKind="$enum:crime_animal_reactionKind.annoyance" nodeLabel="75312302" />
              <AddInterrupt_animal_annoyance animalAnnoyanceData="$animalAnnoyanceData" Target="$this.id" Host="$redkev" Behavior="&apos;interrupt_animal_annoyance&apos;" Priority="$priority" IgnorePriorityOnPreviousInterrupt="$ignorePriority" urgency="Fast" Aliveness="Alive" Privileged="false" FastForward="false" />
            </Sequence>
          </IfCondition>
        </Sequence>
      </Behavior>
    </Root>
    <ForestContainer />
    <EditorData EventSet="">
      <Variables>
        <Variable name="animalAnnoyanceData" comment="" />
        <Variable name="priority" comment="" />
        <Variable name="priorityBoost" comment="" />
        <Variable name="redkev" comment="" />
        <Variable name="shallPass" comment="" />
        <Variable name="attackKind" comment="" />
        <Variable name="ignorePriority" comment="" />
        <Variable name="initiator" comment="" />
        <Variable name="previousReaction" comment="" />
        <Variable name="stimulusKind" comment="" />
        <Variable name="target" comment="" />
      </Variables>
      <ForwardDeclarations />
      <Root editorPosX="-20" editorPosY="50" hasInputBreakpoint="0" comment="" breakpointFlags="0" saveVersion="2">
        <OutputBreakpoints />
        <Behavior>
          <Sequence hasInputBreakpoint="0" comment="" breakpointFlags="0">
            <OutputBreakpoints />
            <Sequence hasInputBreakpoint="0" comment="" breakpointFlags="0">
              <OutputBreakpoints />
              <Switch hasInputBreakpoint="0" comment="" breakpointFlags="0">
                <OutputBreakpoints />
                <IfCondition hasInputBreakpoint="0" comment="" breakpointFlags="0">
                  <OutputBreakpoints />
                  <Expression hasInputBreakpoint="0" comment="" breakpointFlags="0">
                    <OutputBreakpoints />
                  </Expression>
                </IfCondition>
                <IfCondition hasInputBreakpoint="0" comment="" breakpointFlags="0">
                  <OutputBreakpoints />
                  <Expression hasInputBreakpoint="0" comment="" breakpointFlags="0">
                    <OutputBreakpoints />
                  </Expression>
                </IfCondition>
                <IfCondition hasInputBreakpoint="0" comment="" breakpointFlags="0">
                  <OutputBreakpoints />
                  <Expression hasInputBreakpoint="0" comment="" breakpointFlags="0">
                    <OutputBreakpoints />
                  </Expression>
                </IfCondition>
                <IfCondition hasInputBreakpoint="0" comment="" breakpointFlags="0">
                  <OutputBreakpoints />
                  <Expression hasInputBreakpoint="0" comment="" breakpointFlags="0">
                    <OutputBreakpoints />
                  </Expression>
                </IfCondition>
                <DefaultBranch>
                  <Expression hasInputBreakpoint="0" comment="" breakpointFlags="0">
                    <OutputBreakpoints />
                  </Expression>
                </DefaultBranch>
              </Switch>
              <Expression hasInputBreakpoint="0" comment="" breakpointFlags="0">
                <OutputBreakpoints />
              </Expression>
            </Sequence>
            <Function_crime_getRedkev hasInputBreakpoint="0" comment="" breakpointFlags="0">
              <OutputBreakpoints />
            </Function_crime_getRedkev>
            <Function_crime_checkReactionPriority hasInputBreakpoint="0" comment="" breakpointFlags="0">
              <OutputBreakpoints />
            </Function_crime_checkReactionPriority>
            <IfCondition hasInputBreakpoint="0" comment="" breakpointFlags="0">
              <OutputBreakpoints />
              <Sequence hasInputBreakpoint="0" comment="" breakpointFlags="0">
                <OutputBreakpoints />
                <Expression hasInputBreakpoint="0" comment="" breakpointFlags="0">
                  <OutputBreakpoints />
                </Expression>
                <Function_crime_animal_reserveReactionLink hasInputBreakpoint="0" comment="" breakpointFlags="0">
                  <OutputBreakpoints />
                </Function_crime_animal_reserveReactionLink>
                <AddInterrupt_animal_annoyance hasInputBreakpoint="0" comment="" breakpointFlags="0">
                  <OutputBreakpoints />
                </AddInterrupt_animal_annoyance>
              </Sequence>
            </IfCondition>
          </Sequence>
        </Behavior>
      </Root>
      <Forest />
      <Comments />
    </EditorData>
  </BehaviorTree>
</BehaviorTrees>