<?xml version="1.0" encoding="us-ascii"?>
<BehaviorTrees>
  <BehaviorTree name="callInterrupt_animal_horseWait" is_function="1">
    <Variables>
      <Variable name="priority" type="_int" values="40" isPersistent="0" form="single" />
      <Variable name="redkev" type="_wuid" values="" isPersistent="0" form="single" />
      <Variable name="shallPass" type="_bool" values="" isPersistent="0" form="single" />
    </Variables>
    <Parameters>
      <Variable name="ignorePriority" type="_bool" values="false" isPersistent="0" form="single" requirementType="In" />
      <Variable name="isHorseBuyingSpecialWait" type="_bool" values="false" isPersistent="0" form="single" requirementType="In" />
      <Variable name="length" type="_string" values="" isPersistent="0" form="single" requirementType="In" />
    </Parameters>
    <Root OneTimeOnly="false" FailState="Recoverable" saveVersion="2">
      <Behavior canSkip="1">
        <Sequence>
          <Function_crime_getRedkev redkev="$redkev" nodeLabel="41382448" />
          <IfCondition failOnCondition="false" condition="$isHorseBuyingSpecialWait">
            <Expression expressions="$priority += 1" />
          </IfCondition>
          <Function_crime_checkReactionPriority priority="$priority" shallPass="$shallPass" nodeLabel="30233403" />
          <IfCondition failOnCondition="false" condition="$shallPass | $ignorePriority">
            <Sequence>
              <Function_crime_animal_reserveReactionLink reactionKind="$enum:crime_animal_reactionKind.horseWait" nodeLabel="79343317" />
              <AddInterrupt_animal_horseWait length="$length" isHorseBuyingSpecialWait="$isHorseBuyingSpecialWait" Target="$this.id" Host="$redkev" Behavior="&apos;interrupt_animal_horseWait&apos;" Priority="$priority" IgnorePriorityOnPreviousInterrupt="$ignorePriority" urgency="Default" Aliveness="Alive" Privileged="false" FastForward="false" />
            </Sequence>
          </IfCondition>
        </Sequence>
      </Behavior>
    </Root>
    <ForestContainer />
    <EditorData EventSet="">
      <Variables>
        <Variable name="priority" comment="" />
        <Variable name="redkev" comment="" />
        <Variable name="shallPass" comment="" />
        <Variable name="ignorePriority" comment="" />
        <Variable name="isHorseBuyingSpecialWait" comment="" />
        <Variable name="length" comment="" />
      </Variables>
      <ForwardDeclarations />
      <Root hasInputBreakpoint="0" comment="" breakpointFlags="0" saveVersion="2">
        <OutputBreakpoints />
        <Behavior>
          <Sequence hasInputBreakpoint="0" comment="" breakpointFlags="0">
            <OutputBreakpoints />
            <Function_crime_getRedkev hasInputBreakpoint="0" comment="" breakpointFlags="0">
              <OutputBreakpoints />
            </Function_crime_getRedkev>
            <IfCondition hasInputBreakpoint="0" comment="" breakpointFlags="0">
              <OutputBreakpoints />
              <Expression hasInputBreakpoint="0" comment="" breakpointFlags="0">
                <OutputBreakpoints />
              </Expression>
            </IfCondition>
            <Function_crime_checkReactionPriority hasInputBreakpoint="0" comment="" breakpointFlags="0">
              <OutputBreakpoints />
            </Function_crime_checkReactionPriority>
            <IfCondition hasInputBreakpoint="0" comment="" breakpointFlags="0">
              <OutputBreakpoints />
              <Sequence hasInputBreakpoint="0" comment="" breakpointFlags="0">
                <OutputBreakpoints />
                <Function_crime_animal_reserveReactionLink hasInputBreakpoint="0" comment="" breakpointFlags="0">
                  <OutputBreakpoints />
                </Function_crime_animal_reserveReactionLink>
                <AddInterrupt_animal_horseWait hasInputBreakpoint="0" comment="" breakpointFlags="0">
                  <OutputBreakpoints />
                </AddInterrupt_animal_horseWait>
              </Sequence>
            </IfCondition>
          </Sequence>
        </Behavior>
      </Root>
      <Forest />
      <Comments />
    </EditorData>
  </BehaviorTree>
</BehaviorTrees>