<?xml version="1.0" encoding="us-ascii"?>
<BehaviorTrees>
  <BehaviorTree name="callInterrupt_animal_eatDroppedFood" is_function="1">
    <Variables>
      <Variable name="animalEatDroppedFoodData" type="switch:animal_interruptData:eatDroppedFood" values="" isPersistent="0" form="single" />
      <Variable name="currentTime" type="_int64" values="" isPersistent="0" form="single" />
      <Variable name="followUpData" type="crime:animal_followUpBehavior:eatDroppedFood" values="" isPersistent="0" form="single" />
      <Variable name="priority" type="_int" values="80" isPersistent="0" form="single" />
      <Variable name="redkev" type="_wuid" values="" isPersistent="0" form="single" />
      <Variable name="shallPass" type="_bool" values="" isPersistent="0" form="single" />
    </Variables>
    <Parameters>
      <Variable name="ignorePriority" type="_bool" values="false" isPersistent="0" form="single" requirementType="In" />
      <Variable name="initiator" type="enum:switch_interruptInitiator" values="$enum:switch_interruptInitiator.unknown" isPersistent="0" form="single" requirementType="In" />
      <Variable name="item" type="_wuid" values="" isPersistent="0" form="single" requirementType="In" />
      <Variable name="previousReaction" type="enum:crime_animal_reactionKind" values="$enum:crime_animal_reactionKind.unknown" isPersistent="0" form="single" requirementType="In" />
      <Variable name="stimulusKind" type="enum:crime_animal_stimulusKind" values="$enum:crime_animal_stimulusKind.unknown" isPersistent="0" form="single" requirementType="In" />
    </Parameters>
    <Root OneTimeOnly="false" FailState="Recoverable" saveVersion="2">
      <Behavior canSkip="1">
        <Sequence>
          <Function_crime_getRedkev redkev="$redkev" nodeLabel="72363420" />
          <EntityContextCheck context="switch_isHorse" target="" saveVersion="2">
            <Then canSkip="1">
              <Expression expressions="$priority = 45" />
            </Then>
          </EntityContextCheck>
          <Function_crime_checkReactionPriority priority="$priority" shallPass="$shallPass" nodeLabel="15212839" />
          <Sequence>
            <GetTime TimeType="GameTime" OutVar="$currentTime" Delta="" />
            <Expression expressions="$followUpData.item = $item &#10;$followUpData.active =  true &#10;$followUpData.timestamp = $currentTime" />
            <AddLink From="$this.id" To="$item" Tag="&apos;crime_animal_followUpBehavior_eatDroppedFood&apos;" Data="$followUpData" LinkOpHandleMode="OverWrite" />
          </Sequence>
          <IfCondition failOnCondition="false" condition="$shallPass | $ignorePriority">
            <Sequence>
              <Expression expressions="$animalEatDroppedFoodData.initiatedBy = $initiator &#10;$animalEatDroppedFoodData.previousReaction = $previousReaction &#10;$animalEatDroppedFoodData.stimulusKind = $stimulusKind &#10;$animalEatDroppedFoodData.item = $item" />
              <AddLink From="$this.id" To="$animalEatDroppedFoodData.item" Tag="&apos;crime_pickUpItemReserved&apos;" Data="" LinkOpHandleMode="OverWrite" />
              <Function_crime_animal_reserveReactionLink reactionKind="$enum:crime_animal_reactionKind.eatDroppedFood" nodeLabel="94442120" />
              <AddInterrupt_animal_eatDroppedFood animalEatDroppedFoodData="$animalEatDroppedFoodData" Target="$this.id" Host="$redkev" Behavior="&apos;interrupt_animal_eatDroppedFood&apos;" Priority="$priority" IgnorePriorityOnPreviousInterrupt="$ignorePriority" urgency="Fast" Aliveness="Alive" Privileged="false" FastForward="false" />
            </Sequence>
          </IfCondition>
        </Sequence>
      </Behavior>
    </Root>
    <ForestContainer />
    <EditorData EventSet="">
      <Variables>
        <Variable name="animalEatDroppedFoodData" comment="" />
        <Variable name="currentTime" comment="" />
        <Variable name="followUpData" comment="" />
        <Variable name="priority" comment="" />
        <Variable name="redkev" comment="" />
        <Variable name="shallPass" comment="" />
        <Variable name="ignorePriority" comment="" />
        <Variable name="initiator" comment="" />
        <Variable name="item" comment="" />
        <Variable name="previousReaction" comment="" />
        <Variable name="stimulusKind" comment="" />
      </Variables>
      <ForwardDeclarations />
      <Root hasInputBreakpoint="0" comment="" breakpointFlags="0" saveVersion="2">
        <OutputBreakpoints />
        <Behavior>
          <Sequence hasInputBreakpoint="0" comment="" breakpointFlags="0">
            <OutputBreakpoints />
            <Function_crime_getRedkev hasInputBreakpoint="0" comment="" breakpointFlags="0">
              <OutputBreakpoints />
            </Function_crime_getRedkev>
            <EntityContextCheck hasInputBreakpoint="0" comment="" breakpointFlags="0" saveVersion="2">
              <OutputBreakpoints />
              <Then>
                <Expression hasInputBreakpoint="0" comment="" breakpointFlags="0">
                  <OutputBreakpoints />
                </Expression>
              </Then>
            </EntityContextCheck>
            <Function_crime_checkReactionPriority hasInputBreakpoint="0" comment="" breakpointFlags="0">
              <OutputBreakpoints />
            </Function_crime_checkReactionPriority>
            <Sequence hasInputBreakpoint="0" comment="Add followup" breakpointFlags="0">
              <OutputBreakpoints />
              <GetTime hasInputBreakpoint="0" comment="" breakpointFlags="0">
                <OutputBreakpoints />
              </GetTime>
              <Expression hasInputBreakpoint="0" comment="" breakpointFlags="0">
                <OutputBreakpoints />
              </Expression>
              <AddLink hasInputBreakpoint="0" comment="" breakpointFlags="0">
                <OutputBreakpoints />
              </AddLink>
            </Sequence>
            <IfCondition hasInputBreakpoint="0" comment="" breakpointFlags="0">
              <OutputBreakpoints />
              <Sequence hasInputBreakpoint="0" comment="" breakpointFlags="0">
                <OutputBreakpoints />
                <Expression hasInputBreakpoint="0" comment="" breakpointFlags="0">
                  <OutputBreakpoints />
                </Expression>
                <AddLink hasInputBreakpoint="0" comment="" breakpointFlags="0">
                  <OutputBreakpoints />
                </AddLink>
                <Function_crime_animal_reserveReactionLink hasInputBreakpoint="0" comment="" breakpointFlags="0">
                  <OutputBreakpoints />
                </Function_crime_animal_reserveReactionLink>
                <AddInterrupt_animal_eatDroppedFood hasInputBreakpoint="0" comment="" breakpointFlags="0">
                  <OutputBreakpoints />
                </AddInterrupt_animal_eatDroppedFood>
              </Sequence>
            </IfCondition>
          </Sequence>
        </Behavior>
      </Root>
      <Forest />
      <Comments />
    </EditorData>
  </BehaviorTree>
</BehaviorTrees>