<?xml version="1.0" encoding="us-ascii"?>
<BehaviorTrees>
  <BehaviorTree name="callInterrupt_animal_check" is_function="1">
    <Variables>
      <Variable name="animalCheckData" type="switch:animal_interruptData:check" values="" isPersistent="0" form="single" />
      <Variable name="priority" type="_int" values="70" isPersistent="0" form="single" />
      <Variable name="redkev" type="_wuid" values="" isPersistent="0" form="single" />
      <Variable name="shallPass" type="_bool" values="" isPersistent="0" form="single" />
    </Variables>
    <Parameters>
      <Variable name="ignorePriority" type="_bool" values="false" isPersistent="0" form="single" requirementType="In" />
      <Variable name="initiator" type="enum:switch_interruptInitiator" values="$enum:switch_interruptInitiator.unknown" isPersistent="0" form="single" requirementType="In" />
      <Variable name="previousReaction" type="enum:crime_animal_reactionKind" values="$enum:crime_animal_reactionKind.unknown" isPersistent="0" form="single" requirementType="In" />
      <Variable name="stimulusKind" type="enum:crime_animal_stimulusKind" values="$enum:crime_animal_stimulusKind.unknown" isPersistent="0" form="single" requirementType="In" />
      <Variable name="target" type="_wuid" values="" isPersistent="0" form="single" requirementType="In" />
    </Parameters>
    <Root OneTimeOnly="false" FailState="Recoverable" saveVersion="2">
      <Behavior canSkip="1">
        <Sequence>
          <Function_crime_getRedkev redkev="$redkev" nodeLabel="81074488" />
          <Function_crime_checkReactionPriority priority="$priority" shallPass="$shallPass" nodeLabel="22003171" />
          <IfCondition failOnCondition="false" condition="$shallPass | $ignorePriority">
            <Sequence>
              <Expression expressions="$animalCheckData.initiatedBy = $initiator &#10;$animalCheckData.previousReaction = $previousReaction &#10;$animalCheckData.stimulusKind = $stimulusKind &#10;$animalCheckData.target = $target" />
              <Function_crime_animal_reserveReactionLink reactionKind="$enum:crime_animal_reactionKind.check" nodeLabel="23359839" />
              <AddInterrupt_animal_check animalCheckData="$animalCheckData" Target="$this.id" Host="$redkev" Behavior="&apos;interrupt_animal_check&apos;" Priority="$priority" IgnorePriorityOnPreviousInterrupt="$ignorePriority" urgency="Fast" Aliveness="Alive" Privileged="false" FastForward="false" />
            </Sequence>
          </IfCondition>
        </Sequence>
      </Behavior>
    </Root>
    <ForestContainer />
    <EditorData EventSet="">
      <Variables>
        <Variable name="animalCheckData" comment="" />
        <Variable name="priority" comment="" />
        <Variable name="redkev" comment="" />
        <Variable name="shallPass" comment="" />
        <Variable name="ignorePriority" comment="" />
        <Variable name="initiator" comment="" />
        <Variable name="previousReaction" comment="" />
        <Variable name="stimulusKind" comment="" />
        <Variable name="target" comment="" />
      </Variables>
      <ForwardDeclarations />
      <Root hasInputBreakpoint="0" comment="" breakpointFlags="0" saveVersion="2">
        <OutputBreakpoints />
        <Behavior>
          <Sequence hasInputBreakpoint="0" comment="" breakpointFlags="0">
            <OutputBreakpoints />
            <Function_crime_getRedkev hasInputBreakpoint="0" comment="" breakpointFlags="0">
              <OutputBreakpoints />
            </Function_crime_getRedkev>
            <Function_crime_checkReactionPriority hasInputBreakpoint="0" comment="" breakpointFlags="0">
              <OutputBreakpoints />
            </Function_crime_checkReactionPriority>
            <IfCondition hasInputBreakpoint="0" comment="" breakpointFlags="0">
              <OutputBreakpoints />
              <Sequence hasInputBreakpoint="0" comment="" breakpointFlags="0">
                <OutputBreakpoints />
                <Expression hasInputBreakpoint="0" comment="" breakpointFlags="0">
                  <OutputBreakpoints />
                </Expression>
                <Function_crime_animal_reserveReactionLink hasInputBreakpoint="0" comment="" breakpointFlags="0">
                  <OutputBreakpoints />
                </Function_crime_animal_reserveReactionLink>
                <AddInterrupt_animal_check hasInputBreakpoint="0" comment="" breakpointFlags="0">
                  <OutputBreakpoints />
                </AddInterrupt_animal_check>
              </Sequence>
            </IfCondition>
          </Sequence>
        </Behavior>
      </Root>
      <Forest />
      <Comments />
    </EditorData>
  </BehaviorTree>
</BehaviorTrees>