<?xml version="1.0" encoding="us-ascii"?>
<BehaviorTrees>
  <BehaviorTree name="callInterrupt_animal_howl" is_function="1">
    <Variables>
      <Variable name="animalHowlData" type="switch:animal_interruptData:howl" values="" isPersistent="0" form="single" />
      <Variable name="priority" type="_int" values="15" isPersistent="0" form="single" />
      <Variable name="redkev" type="_wuid" values="" isPersistent="0" form="single" />
      <Variable name="shallPass" type="_bool" values="" isPersistent="0" form="single" />
    </Variables>
    <Root OneTimeOnly="false" FailState="Recoverable" saveVersion="2">
      <Behavior canSkip="1">
        <Sequence>
          <Function_crime_getRedkev redkev="$redkev" nodeLabel="85067585" />
          <Function_crime_checkReactionPriority priority="$priority" shallPass="$shallPass" nodeLabel="84096803" />
          <IfCondition failOnCondition="false" condition="$shallPass">
            <Sequence>
              <Expression expressions="$animalHowlData.shouldEmitInformation = true" />
              <AddInterrupt_animal_howl animalHowlData="$animalHowlData" Target="$this.id" Host="$redkev" Behavior="&apos;interrupt_animal_howl&apos;" Priority="$priority" IgnorePriorityOnPreviousInterrupt="false" urgency="Default" Aliveness="Alive" />
            </Sequence>
          </IfCondition>
        </Sequence>
      </Behavior>
    </Root>
    <ForestContainer />
    <EditorData EventSet="">
      <Variables>
        <Variable name="animalHowlData" comment="" />
        <Variable name="priority" comment="" />
        <Variable name="redkev" comment="" />
        <Variable name="shallPass" comment="" />
      </Variables>
      <ForwardDeclarations />
      <Root hasInputBreakpoint="0" comment="" breakpointFlags="0" saveVersion="2">
        <OutputBreakpoints />
        <Behavior>
          <Sequence hasInputBreakpoint="0" comment="" breakpointFlags="0">
            <OutputBreakpoints />
            <Function_crime_getRedkev hasInputBreakpoint="0" comment="" breakpointFlags="0">
              <OutputBreakpoints />
            </Function_crime_getRedkev>
            <Function_crime_checkReactionPriority hasInputBreakpoint="0" comment="" breakpointFlags="0">
              <OutputBreakpoints />
            </Function_crime_checkReactionPriority>
            <IfCondition hasInputBreakpoint="0" comment="" breakpointFlags="0">
              <OutputBreakpoints />
              <Sequence hasInputBreakpoint="0" comment="" breakpointFlags="0">
                <OutputBreakpoints />
                <Expression hasInputBreakpoint="0" comment="" breakpointFlags="0">
                  <OutputBreakpoints />
                </Expression>
                <AddInterrupt_animal_howl hasInputBreakpoint="0" comment="" breakpointFlags="0">
                  <OutputBreakpoints />
                </AddInterrupt_animal_howl>
              </Sequence>
            </IfCondition>
          </Sequence>
        </Behavior>
      </Root>
      <Forest />
      <Comments />
    </EditorData>
  </BehaviorTree>
</BehaviorTrees>