<?xml version="1.0" encoding="us-ascii"?>
<BehaviorTrees>
  <BehaviorTree name="crime_getRedkev" is_function="1">
    <Variables />
    <Parameters>
      <Variable name="redkev" type="_wuid" values="" isPersistent="0" form="single" requirementType="Out" />
    </Parameters>
    <Root OneTimeOnly="false" FailState="Recoverable" saveVersion="2">
      <Behavior canSkip="1">
        <GraphSearch Origin="$__land" Borders="" depth="1" selection="true" SearchPattern="Depth" EdgePruning="&apos;parent,inventory&apos;" AllowedEdges="" SubGraph="&apos;redkev&apos;" AllowSubtraph="false" includeOrigin="false" excludeOrigin="false" failOnEmpty="true" SetOperationChoice="Intersection|And" errorOnEmpty="false" shortCircuit="false" skipTraversed="true">
          <LinkTagFilter tag="&apos;redkev&apos;" prune="true" negprune="unknown" Parent="" Child="$redkev" Data="" />
        </GraphSearch>
      </Behavior>
    </Root>
    <ForestContainer />
    <EditorData EventSet="">
      <Variables>
        <Variable name="redkev" comment="" />
      </Variables>
      <ForwardDeclarations />
      <Root hasInputBreakpoint="0" comment="" breakpointFlags="0" saveVersion="2">
        <OutputBreakpoints />
        <Behavior>
          <GraphSearch hasInputBreakpoint="0" comment="" breakpointFlags="0">
            <OutputBreakpoints />
            <LinkTagFilter hasInputBreakpoint="0" comment="" breakpointFlags="0">
              <OutputBreakpoints />
            </LinkTagFilter>
          </GraphSearch>
        </Behavior>
      </Root>
      <Forest />
      <Comments />
    </EditorData>
  </BehaviorTree>
</BehaviorTrees>