<?xml version="1.0" encoding="us-ascii"?>
<BehaviorTrees>
  <BehaviorTree name="interrupt_animal_howl" is_function="0">
    <Variables>
      <Variable name="animalCooldown" type="crime:animalCooldowns" values="" isPersistent="0" form="single" />
      <Variable name="animalHowlInformation" type="information" values="" isPersistent="0" form="single" />
    </Variables>
    <Parameters>
      <Variable name="animalHowlData" type="switch:animal_interruptData:howl" values="" isPersistent="0" form="single" requirementType="In" />
    </Parameters>
    <Root OneTimeOnly="false" FailState="Recoverable" saveVersion="2">
      <Behavior canSkip="1">
        <FuseBox StatusPropagation="Child" OneCleanup="true" saveVersion="2">
          <Child canSkip="1">
            <EntityContext context="crime_animal_interruptHowl" target="$this.id">
              <AddPerceivableState PerceivableLabel="&apos;crime_interrupt&apos;">
                <LogToLabel Name="&apos;crime_interrupt&apos;" Wuid="" Message="&apos;interrupt:animal:howl&apos;">
                  <Sequence>
                    <AtomicDecorator>
                      <Sequence>
                        <SuppressFailure>
                          <GraphSearch Origin="$this.id" Borders="" depth="1" selection="true" SearchPattern="Depth" EdgePruning="&apos;parent,inventory&apos;" AllowedEdges="" SubGraph="&apos;crime_animalCooldowns&apos;" AllowSubtraph="false" includeOrigin="false" excludeOrigin="false" failOnEmpty="true" SetOperationChoice="Intersection|And" errorOnEmpty="false" shortCircuit="false" skipTraversed="true">
                            <LinkTagFilter tag="&apos;crime_animalCooldowns&apos;" prune="true" negprune="unknown" Parent="" Child="" Data="$animalCooldown" />
                          </GraphSearch>
                        </SuppressFailure>
                        <GetTime TimeType="WorldTime" OutVar="$animalCooldown.animalHowlCooldown" Delta="" />
                        <AddLink From="$this.id" To="$this.id" Tag="&apos;crime_animalCooldowns&apos;" Data="$animalCooldown" LinkOpHandleMode="OverWrite" />
                      </Sequence>
                    </AtomicDecorator>
                    <IfCondition failOnCondition="false" condition="$animalHowlData.shouldEmitInformation">
                      <Sequence>
                        <CreateInformationWrapper Label="&apos;animal_howl&apos;" PerceivedWuid="$this.id" PositionType="perceivedWuid" PositionVec3="" PositionWuid="" Information="$animalHowlInformation" />
                        <InformationEmittingStart Information="$animalHowlInformation" Periodicity="&apos;5s&apos;" TimerType="GameTime" Radius="20.000000" />
                      </Sequence>
                    </IfCondition>
                    <Loop count="10">
                      <AnimationAction fragment="&apos;Howl&apos;" tags="" eventReferenceObject="" alignObject="" slaveObject="" resourceOverride="" allowTorchForPlayer="false" />
                    </Loop>
                  </Sequence>
                </LogToLabel>
              </AddPerceivableState>
            </EntityContext>
          </Child>
          <OnFail canSkip="1">
            <IfCondition failOnCondition="false" condition="$animalHowlData.shouldEmitInformation">
              <AtomicDecorator>
                <Sequence>
                  <InformationEmittingEnd Information="$animalHowlInformation" />
                  <DestroyInformationCompletely Information="$animalHowlInformation" />
                </Sequence>
              </AtomicDecorator>
            </IfCondition>
          </OnFail>
        </FuseBox>
      </Behavior>
    </Root>
    <ForestContainer />
    <EditorData Signature="animal_howl" EventSet="">
      <Variables>
        <Variable name="animalCooldown" comment="" />
        <Variable name="animalHowlInformation" comment="" />
        <Variable name="animalHowlData" comment="" />
      </Variables>
      <ForwardDeclarations />
      <Root hasInputBreakpoint="0" comment="" breakpointFlags="0" saveVersion="2">
        <OutputBreakpoints />
        <Behavior>
          <FuseBox hasInputBreakpoint="0" comment="" breakpointFlags="0" saveVersion="2">
            <OutputBreakpoints />
            <Child>
              <EntityContext hasInputBreakpoint="0" comment="" breakpointFlags="0">
                <OutputBreakpoints />
                <AddPerceivableState hasInputBreakpoint="0" comment="" breakpointFlags="0">
                  <OutputBreakpoints />
                  <LogToLabel hasInputBreakpoint="0" comment="" breakpointFlags="0">
                    <OutputBreakpoints />
                    <Sequence hasInputBreakpoint="0" comment="" breakpointFlags="0">
                      <OutputBreakpoints />
                      <AtomicDecorator hasInputBreakpoint="0" comment="" breakpointFlags="0">
                        <OutputBreakpoints />
                        <Sequence hasInputBreakpoint="0" comment="" breakpointFlags="0">
                          <OutputBreakpoints />
                          <SuppressFailure hasInputBreakpoint="0" comment="" breakpointFlags="0">
                            <OutputBreakpoints />
                            <GraphSearch hasInputBreakpoint="0" comment="" breakpointFlags="0">
                              <OutputBreakpoints />
                              <LinkTagFilter hasInputBreakpoint="0" comment="" breakpointFlags="0">
                                <OutputBreakpoints />
                              </LinkTagFilter>
                            </GraphSearch>
                          </SuppressFailure>
                          <GetTime hasInputBreakpoint="0" comment="" breakpointFlags="0">
                            <OutputBreakpoints />
                          </GetTime>
                          <AddLink hasInputBreakpoint="0" comment="" breakpointFlags="0">
                            <OutputBreakpoints />
                          </AddLink>
                        </Sequence>
                      </AtomicDecorator>
                      <IfCondition hasInputBreakpoint="0" comment="" breakpointFlags="0">
                        <OutputBreakpoints />
                        <Sequence hasInputBreakpoint="0" comment="" breakpointFlags="0">
                          <OutputBreakpoints />
                          <CreateInformationWrapper hasInputBreakpoint="0" comment="" breakpointFlags="0">
                            <OutputBreakpoints />
                          </CreateInformationWrapper>
                          <InformationEmittingStart hasInputBreakpoint="0" comment="" breakpointFlags="0">
                            <OutputBreakpoints />
                          </InformationEmittingStart>
                        </Sequence>
                      </IfCondition>
                      <Loop hasInputBreakpoint="0" comment="" breakpointFlags="0">
                        <OutputBreakpoints />
                        <AnimationAction hasInputBreakpoint="0" comment="" breakpointFlags="0">
                          <OutputBreakpoints />
                        </AnimationAction>
                      </Loop>
                    </Sequence>
                  </LogToLabel>
                </AddPerceivableState>
              </EntityContext>
            </Child>
            <OnFail>
              <IfCondition hasInputBreakpoint="0" comment="" breakpointFlags="0">
                <OutputBreakpoints />
                <AtomicDecorator hasInputBreakpoint="0" comment="" breakpointFlags="0">
                  <OutputBreakpoints />
                  <Sequence hasInputBreakpoint="0" comment="" breakpointFlags="0">
                    <OutputBreakpoints />
                    <InformationEmittingEnd hasInputBreakpoint="0" comment="" breakpointFlags="0">
                      <OutputBreakpoints />
                    </InformationEmittingEnd>
                    <DestroyInformationCompletely hasInputBreakpoint="0" comment="" breakpointFlags="0">
                      <OutputBreakpoints />
                    </DestroyInformationCompletely>
                  </Sequence>
                </AtomicDecorator>
              </IfCondition>
            </OnFail>
          </FuseBox>
        </Behavior>
      </Root>
      <Forest />
      <Comments />
    </EditorData>
  </BehaviorTree>
</BehaviorTrees>