<?xml version="1.0" encoding="us-ascii"?>
<BehaviorTrees>
	<BehaviorTree name="interrupt_animal_returnFromStartle" is_function="0">
		<Variables>
			<Variable name="followFormationParams" type="followFormationParams" values="" isPersistent="0" form="single" />
			<Variable name="formationLock" type="_string" values="" isPersistent="0" form="single" />
			<Variable name="pathFindingParams" type="pathFindingParams" values="" isPersistent="0" form="single" />
			<Variable name="sweetSpotLock" type="_string" values="" isPersistent="0" form="single" />
		</Variables>
		<Parameters>
			<Variable name="returnFromStartleData" type="switch:animal_interruptData:returnFromStartle" values="" isPersistent="0" form="single" requirementType="In" />
		</Parameters>
		<Root OneTimeOnly="false" FailState="Recoverable" saveVersion="2">
			<OnInit canSkip="1">
				<Expression expressions="$pathFindingParams.useGeneratedNSO = false &#10;$pathFindingParams.usePaths = true" />
			</OnInit>
			<Behavior canSkip="1">
				<EntityContext context="crime_animal_interruptReturnFromStartle" target="$this.id">
					<AddPerceivableState PerceivableLabel="&apos;crime_interrupt&apos;">
						<LogToLabel Name="&apos;crime_interrupt&apos;" Wuid="" Message="&apos;interrupt:animal:returnFromStartle&apos;">
							<FuseBox StatusPropagation="Child" OneCleanup="true" saveVersion="2">
								<Child canSkip="1">
									<Sequence>
										<MakeFormation FormationName="&apos;returnStartledHorse&apos;" HandleVariable="$this.id" />
										<SetExternalLock LockManagerType="Global" Locked="false" LockName="&apos;$returnFromStartleData.formationLock&apos;" />
										<Concatenation OutString="$sweetSpotLock" Pattern="&apos;$returnFromStartleData.formationLock;_sweetSpot&apos;" />
										<ExternalLock atomic="false" OutsideQueuePosVariable="" InsidePosVariable="" TimerType="GameTime" OutsideTimerValue="&apos;10s&apos;" LockManagerType="Global" SemaphoreName="&apos;$sweetSpotLock&apos;" RunLogic="KeepRunning">
											<Move stopWithinDistance="0.200000" stopDistanceVariation="0.100000" rayCasteFlee="false" successDistance="0.000000" changeNPCState="true" fastForwardIncludesMove="false" destinationSpecification="$returnFromStartleData.positionToReturnTo" destinationSpecification2="" destinationSpecification3="" speed="Walk" additionalParams="" pathFindingParams="$pathFindingParams" staminaPolicy="" pathInfo="" />
										</ExternalLock>
									</Sequence>
								</Child>
								<OnFail canSkip="1">
									<Sequence>
										<SetExternalLock LockManagerType="Global" Locked="true" LockName="&apos;$returnFromStartleData.formationLock&apos;" />
										<EndFormation FormationHandle="$this.id" />
									</Sequence>
								</OnFail>
							</FuseBox>
						</LogToLabel>
					</AddPerceivableState>
				</EntityContext>
			</Behavior>
		</Root>
		<ForestContainer />
		<EditorData Signature="animal_returnFromStartle" EventSet="">
			<Variables>
				<Variable name="followFormationParams" comment="" />
				<Variable name="formationLock" comment="" />
				<Variable name="pathFindingParams" comment="" />
				<Variable name="sweetSpotLock" comment="" />
				<Variable name="returnFromStartleData" comment="" />
			</Variables>
			<ForwardDeclarations />
			<Root hasInputBreakpoint="0" comment="" breakpointFlags="0" saveVersion="2">
				<OutputBreakpoints />
				<OnInit>
					<Expression hasInputBreakpoint="0" comment="" breakpointFlags="0">
						<OutputBreakpoints />
					</Expression>
				</OnInit>
				<Behavior>
					<EntityContext hasInputBreakpoint="0" comment="" breakpointFlags="0">
						<OutputBreakpoints />
						<AddPerceivableState hasInputBreakpoint="0" comment="" breakpointFlags="0">
							<OutputBreakpoints />
							<LogToLabel hasInputBreakpoint="0" comment="" breakpointFlags="0">
								<OutputBreakpoints />
								<FuseBox hasInputBreakpoint="0" comment="" breakpointFlags="0" saveVersion="2">
									<OutputBreakpoints />
									<Child>
										<Sequence hasInputBreakpoint="0" comment="" breakpointFlags="0">
											<OutputBreakpoints />
											<MakeFormation hasInputBreakpoint="0" comment="" breakpointFlags="0">
												<OutputBreakpoints />
											</MakeFormation>
											<SetExternalLock hasInputBreakpoint="0" comment="" breakpointFlags="0">
												<OutputBreakpoints />
											</SetExternalLock>
											<Concatenation hasInputBreakpoint="0" comment="" breakpointFlags="0">
												<OutputBreakpoints />
											</Concatenation>
											<ExternalLock hasInputBreakpoint="0" comment="" breakpointFlags="0">
												<OutputBreakpoints />
												<Move hasInputBreakpoint="0" comment="" breakpointFlags="0">
													<OutputBreakpoints />
												</Move>
											</ExternalLock>
										</Sequence>
									</Child>
									<OnFail>
										<Sequence hasInputBreakpoint="0" comment="" breakpointFlags="0">
											<OutputBreakpoints />
											<SetExternalLock hasInputBreakpoint="0" comment="" breakpointFlags="0">
												<OutputBreakpoints />
											</SetExternalLock>
											<EndFormation hasInputBreakpoint="0" comment="" breakpointFlags="0">
												<OutputBreakpoints />
											</EndFormation>
										</Sequence>
									</OnFail>
								</FuseBox>
							</LogToLabel>
						</AddPerceivableState>
					</EntityContext>
				</Behavior>
			</Root>
			<Forest />
			<Comments />
		</EditorData>
	</BehaviorTree>
</BehaviorTrees>